{
  "coco_stuff": {
    "summary": {
      "mIoU": 24.29,
      "mAcc": 41.36,
      "aAcc": 38.65
    },
    "per_class": {
      "person": {
        "IoU": 13.25,
        "Acc": 13.890000343322754
      },
      "bicycle": {
        "IoU": 52.88999938964844,
        "Acc": 83.3499984741211
      },
      "car": {
        "IoU": 43.13999938964844,
        "Acc": 75.19999694824219
      },
      "motorcycle": {
        "IoU": 66.48999786376953,
        "Acc": 88.33000183105469
      },
      "airplane": {
        "IoU": 41.59000015258789,
        "Acc": 89.76000213623047
      },
      "bus": {
        "IoU": 62.880001068115234,
        "Acc": 84.51000213623047
      },
      "train": {
        "IoU": 55.310001373291016,
        "Acc": 70.83999633789062
      },
      "truck": {
        "IoU": 38.31999969482422,
        "Acc": 47.88999938964844
      },
      "boat": {
        "IoU": 32.95000076293945,
        "Acc": 80.86000061035156
      },
      "traffic light": {
        "IoU": 20.700000762939453,
        "Acc": 69.16000366210938
      },
      "fire hydrant": {
        "IoU": 54.95000076293945,
        "Acc": 83.31999969482422
      },
      "stop sign": {
        "IoU": 59.93999862670898,
        "Acc": 91.08999633789062
      },
      "parking meter": {
        "IoU": 28.29000091552734,
        "Acc": 36.150001525878906
      },
      "bench": {
        "IoU": 36.119998931884766,
        "Acc": 46.16999816894531
      },
      "bird": {
        "IoU": 54.09000015258789,
        "Acc": 86.62000274658203
      },
      "cat": {
        "IoU": 69.58000183105469,
        "Acc": 88.55999755859375
      },
      "dog": {
        "IoU": 61.43999862670898,
        "Acc": 82.86000061035156
      },
      "horse": {
        "IoU": 61.389999389648445,
        "Acc": 87.2699966430664
      },
      "sheep": {
        "IoU": 73.33999633789062,
        "Acc": 90.55999755859375
      },
      "cow": {
        "IoU": 65.27999877929688,
        "Acc": 82.80999755859375
      },
      "elephant": {
        "IoU": 80.41999816894531,
        "Acc": 93.0999984741211
      },
      "bear": {
        "IoU": 79.13999938964844,
        "Acc": 90.62999725341797
      },
      "zebra": {
        "IoU": 77.61000061035156,
        "Acc": 93.97000122070312
      },
      "giraffe": {
        "IoU": 47.65999984741211,
        "Acc": 89.98999786376953
      },
      "backpack": {
        "IoU": 7.889999866485596,
        "Acc": 56.22999954223633
      },
      "umbrella": {
        "IoU": 33.11000061035156,
        "Acc": 70.33000183105469
      },
      "handbag": {
        "IoU": 8.859999656677246,
        "Acc": 11.8100004196167
      },
      "tie": {
        "IoU": 1.0700000524520874,
        "Acc": 53.0099983215332
      },
      "suitcase": {
        "IoU": 46.279998779296875,
        "Acc": 53.81999969482422
      },
      "frisbee": {
        "IoU": 11.829999923706055,
        "Acc": 51.970001220703125
      },
      "skis": {
        "IoU": 7.440000057220458,
        "Acc": 55.72000122070313
      },
      "snowboard": {
        "IoU": 13.569999694824219,
        "Acc": 63.130001068115234
      },
      "sports ball": {
        "IoU": 2.559999942779541,
        "Acc": 58.459999084472656
      },
      "kite": {
        "IoU": 29.020000457763672,
        "Acc": 51.02000045776367
      },
      "baseball bat": {
        "IoU": 5.75,
        "Acc": 8.15999984741211
      },
      "baseball glove": {
        "IoU": 22.989999771118164,
        "Acc": 47.02000045776367
      },
      "skateboard": {
        "IoU": 17.290000915527344,
        "Acc": 54.25
      },
      "surfboard": {
        "IoU": 27.190000534057617,
        "Acc": 72.79000091552734
      },
      "tennis racket": {
        "IoU": 6.53000020980835,
        "Acc": 48.59000015258789
      },
      "bottle": {
        "IoU": 24.989999771118164,
        "Acc": 53.029998779296875
      },
      "wine glass": {
        "IoU": 30.68000030517578,
        "Acc": 70.83999633789062
      },
      "cup": {
        "IoU": 17.360000610351562,
        "Acc": 24.68000030517578
      },
      "fork": {
        "IoU": 14.06999969482422,
        "Acc": 15.489999771118166
      },
      "knife": {
        "IoU": 4.880000114440918,
        "Acc": 6.4000000953674325
      },
      "spoon": {
        "IoU": 18.860000610351562,
        "Acc": 32.459999084472656
      },
      "bowl": {
        "IoU": 12.289999961853027,
        "Acc": 16.010000228881836
      },
      "banana": {
        "IoU": 35.52000045776367,
        "Acc": 44.7599983215332
      },
      "apple": {
        "IoU": 11.390000343322754,
        "Acc": 12.779999732971191
      },
      "sandwich": {
        "IoU": 13.180000305175781,
        "Acc": 14.220000267028809
      },
      "orange": {
        "IoU": 22.110000610351562,
        "Acc": 25.340000152587887
      },
      "broccoli": {
        "IoU": 5.53000020980835,
        "Acc": 5.820000171661377
      },
      "carrot": {
        "IoU": 23.989999771118164,
        "Acc": 24.739999771118164
      },
      "hot dog": {
        "IoU": 34.290000915527344,
        "Acc": 40.150001525878906
      },
      "pizza": {
        "IoU": 43.59000015258789,
        "Acc": 52.06999969482422
      },
      "donut": {
        "IoU": 49.75,
        "Acc": 54.040000915527344
      },
      "cake": {
        "IoU": 47.83000183105469,
        "Acc": 70.08000183105469
      },
      "chair": {
        "IoU": 15.010000228881836,
        "Acc": 16.290000915527344
      },
      "couch": {
        "IoU": 46.4900016784668,
        "Acc": 57.88000106811524
      },
      "potted plant": {
        "IoU": 8.970000267028809,
        "Acc": 11.880000114440918
      },
      "bed": {
        "IoU": 48.2599983215332,
        "Acc": 60.830001831054695
      },
      "dining table": {
        "IoU": 11.720000267028809,
        "Acc": 12.880000114440918
      },
      "toilet": {
        "IoU": 30.420000076293945,
        "Acc": 75.91000366210938
      },
      "tv": {
        "IoU": 28.76000022888184,
        "Acc": 36.540000915527344
      },
      "laptop": {
        "IoU": 43.560001373291016,
        "Acc": 65.11000061035156
      },
      "mouse": {
        "IoU": 20.389999389648438,
        "Acc": 42.70000076293945
      },
      "remote": {
        "IoU": 14.600000381469727,
        "Acc": 66.5
      },
      "keyboard": {
        "IoU": 38.65999984741211,
        "Acc": 58.459999084472656
      },
      "cell phone": {
        "IoU": 32.81999969482422,
        "Acc": 58.15999984741212
      },
      "microwave": {
        "IoU": 22.809999465942383,
        "Acc": 29.170000076293945
      },
      "oven": {
        "IoU": 24.09000015258789,
        "Acc": 69.91000366210938
      },
      "toaster": {
        "IoU": 20.280000686645508,
        "Acc": 51.869998931884766
      },
      "sink": {
        "IoU": 30.8799991607666,
        "Acc": 54.61999893188476
      },
      "refrigerator": {
        "IoU": 49.36000061035156,
        "Acc": 61.79999923706055
      },
      "book": {
        "IoU": 27.8700008392334,
        "Acc": 32.310001373291016
      },
      "clock": {
        "IoU": 43.029998779296875,
        "Acc": 82.9000015258789
      },
      "vase": {
        "IoU": 29.370000839233402,
        "Acc": 55.61000061035156
      },
      "scissors": {
        "IoU": 51.45999908447265,
        "Acc": 63.220001220703125
      },
      "teddy bear": {
        "IoU": 62.439998626708984,
        "Acc": 75.72000122070312
      },
      "hair drier": {
        "IoU": 1.8700000047683716,
        "Acc": 15.149999618530273
      },
      "toothbrush": {
        "IoU": 24.889999389648438,
        "Acc": 54.81999969482422
      },
      "banner": {
        "IoU": 2.0899999141693115,
        "Acc": 74.41999816894531
      },
      "blanket": {
        "IoU": 6.139999866485596,
        "Acc": 19.110000610351562
      },
      "branch": {
        "IoU": 6.349999904632568,
        "Acc": 41.45000076293945
      },