{
  "coco_stuff": {
    "summary": {
      "mIoU": 24.29,
      "mAcc": 41.31,
      "aAcc": 38.58
    },
    "per_class": {
      "person": {
        "IoU": 13.289999961853027,
        "Acc": 13.9399995803833
      },
      "bicycle": {
        "IoU": 52.88999938964844,
        "Acc": 83.5199966430664
      },
      "car": {
        "IoU": 43.34000015258789,
        "Acc": 75.75
      },
      "motorcycle": {
        "IoU": 65.86000061035156,
        "Acc": 88.80000305175781
      },
      "airplane": {
        "IoU": 41.650001525878906,
        "Acc": 89.19000244140625
      },
      "bus": {
        "IoU": 63.2400016784668,
        "Acc": 85.4000015258789
      },
      "train": {
        "IoU": 55.959999084472656,
        "Acc": 71.45999908447266
      },
      "truck": {
        "IoU": 38.959999084472656,
        "Acc": 48.560001373291016
      },
      "boat": {
        "IoU": 32.5099983215332,
        "Acc": 81.38999938964844
      },
      "traffic light": {
        "IoU": 20.40999984741211,
        "Acc": 69.22000122070312
      },
      "fire hydrant": {
        "IoU": 54.8499984741211,
        "Acc": 83.27999877929688
      },
      "stop sign": {
        "IoU": 59.72999954223632,
        "Acc": 91.11000061035156
      },
      "parking meter": {
        "IoU": 28.510000228881836,
        "Acc": 36.4900016784668
      },
      "bench": {
        "IoU": 36.220001220703125,
        "Acc": 46.27000045776367
      },
      "bird": {
        "IoU": 53.81999969482422,
        "Acc": 86.4000015258789
      },
      "cat": {
        "IoU": 69.58000183105469,
        "Acc": 88.38999938964844
      },
      "dog": {
        "IoU": 61.16999816894532,
        "Acc": 82.44999694824219
      },
      "horse": {
        "IoU": 61.56999969482422,
        "Acc": 86.95999908447266
      },
      "sheep": {
        "IoU": 73.52999877929688,
        "Acc": 90.37000274658203
      },
      "cow": {
        "IoU": 65.33000183105469,
        "Acc": 82.6500015258789
      },
      "elephant": {
        "IoU": 80.5,
        "Acc": 92.79000091552734
      },
      "bear": {
        "IoU": 79.12999725341797,
        "Acc": 90.44999694824219
      },
      "zebra": {
        "IoU": 77.80999755859375,
        "Acc": 93.80999755859375
      },
      "giraffe": {
        "IoU": 48.060001373291016,
        "Acc": 89.62000274658203
      },
      "backpack": {
        "IoU": 7.820000171661377,
        "Acc": 56.11000061035156
      },
      "umbrella": {
        "IoU": 33.130001068115234,
        "Acc": 70.36000061035156
      },
      "handbag": {
        "IoU": 8.600000381469727,
        "Acc": 11.399999618530273
      },
      "tie": {
        "IoU": 1.1100000143051147,
        "Acc": 54.59000015258789
      },
      "suitcase": {
        "IoU": 46.06999969482422,
        "Acc": 53.54999923706054
      },
      "frisbee": {
        "IoU": 11.829999923706055,
        "Acc": 51.81999969482421
      },
      "skis": {
        "IoU": 7.889999866485596,
        "Acc": 54.75
      },
      "snowboard": {
        "IoU": 13.859999656677246,
        "Acc": 61.45999908447266
      },
      "sports ball": {
        "IoU": 2.4700000286102295,
        "Acc": 56.930000305175774
      },
      "kite": {
        "IoU": 28.959999084472653,
        "Acc": 50.84000015258789
      },
      "baseball bat": {
        "IoU": 5.409999847412109,
        "Acc": 8.15999984741211
      },
      "baseball glove": {
        "IoU": 22.59000015258789,
        "Acc": 47.25
      },
      "skateboard": {
        "IoU": 17.549999237060547,
        "Acc": 54.22000122070313
      },
      "surfboard": {
        "IoU": 27.719999313354492,
        "Acc": 72.41999816894531
      },
      "tennis racket": {
        "IoU": 6.469999790191651,
        "Acc": 48.15999984741211
      },
      "bottle": {
        "IoU": 25.18000030517578,
        "Acc": 53.150001525878906
      },
      "wine glass": {
        "IoU": 30.780000686645508,
        "Acc": 70.97000122070312
      },
      "cup": {
        "IoU": 17.3799991607666,
        "Acc": 24.690000534057617
      },
      "fork": {
        "IoU": 13.5,
        "Acc": 14.869999885559082
      },
      "knife": {
        "IoU": 4.619999885559082,
        "Acc": 6.010000228881836
      },
      "spoon": {
        "IoU": 19.059999465942383,
        "Acc": 31.829999923706055
      },
      "bowl": {
        "IoU": 12.390000343322754,
        "Acc": 16.229999542236328
      },
      "banana": {
        "IoU": 35.11000061035156,
        "Acc": 44.130001068115234
      },
      "apple": {
        "IoU": 11.220000267028809,
        "Acc": 12.569999694824219
      },
      "sandwich": {
        "IoU": 12.979999542236328,
        "Acc": 14.010000228881836
      },
      "orange": {
        "IoU": 21.940000534057617,
        "Acc": 25.110000610351562
      },
      "broccoli": {
        "IoU": 8.180000305175781,
        "Acc": 8.6899995803833
      },
      "carrot": {
        "IoU": 24.540000915527344,
        "Acc": 25.239999771118164
      },
      "hot dog": {
        "IoU": 34.33000183105469,
        "Acc": 40.150001525878906
      },
      "pizza": {
        "IoU": 43.630001068115234,
        "Acc": 51.95999908447265
      },
      "donut": {
        "IoU": 50.04000091552734,
        "Acc": 54.38999938964844
      },
      "cake": {
        "IoU": 47.88999938964844,
        "Acc": 69.94000244140625
      },
      "chair": {
        "IoU": 14.800000190734863,
        "Acc": 16.059999465942383
      },
      "couch": {
        "IoU": 46.41999816894531,
        "Acc": 57.5900001525879
      },
      "potted plant": {
        "IoU": 9.15999984741211,
        "Acc": 12.039999961853027
      },
      "bed": {
        "IoU": 48.56999969482422,
        "Acc": 61.45000076293945
      },
      "dining table": {
        "IoU": 11.479999542236328,
        "Acc": 12.609999656677246
      },
      "toilet": {
        "IoU": 30.840000152587894,
        "Acc": 76.16999816894531
      },
      "tv": {
        "IoU": 28.79000091552734,
        "Acc": 36.54999923706055
      },
      "laptop": {
        "IoU": 43.38999938964844,
        "Acc": 64.22000122070312
      },
      "mouse": {
        "IoU": 20.75,
        "Acc": 43.150001525878906
      },
      "remote": {
        "IoU": 14.489999771118164,
        "Acc": 65.76000213623047
      },
      "keyboard": {
        "IoU": 39.0099983215332,
        "Acc": 58.779998779296875
      },
      "cell phone": {
        "IoU": 32.790000915527344,
        "Acc": 58.13999938964843
      },
      "microwave": {
        "IoU": 23.15999984741211,
        "Acc": 29.639999389648438
      },
      "oven": {
        "IoU": 24.09000015258789,
        "Acc": 70.27999877929688
      },
      "toaster": {
        "IoU": 20.350000381469727,
        "Acc": 52.06000137329102
      },
      "sink": {
        "IoU": 30.969999313354492,
        "Acc": 54.970001220703125
      },
      "refrigerator": {
        "IoU": 49.41999816894531,
        "Acc": 61.5999984741211
      },
      "book": {
        "IoU": 28.010000228881836,
        "Acc": 32.4900016784668
      },
      "clock": {
        "IoU": 42.77000045776367,
        "Acc": 83.05000305175781
      },
      "vase": {
        "IoU": 29.18000030517578,
        "Acc": 55.18000030517578
      },
      "scissors": {
        "IoU": 51.56999969482422,
        "Acc": 63.04999923706055
      },
      "teddy bear": {
        "IoU": 62.290000915527344,
        "Acc": 75.76000213623047
      },
      "hair drier": {
        "IoU": 1.8700000047683716,
        "Acc": 15.079999923706055
      },
      "toothbrush": {
        "IoU": 25.27000045776367,
        "Acc": 55.70000076293945
      },
      "banner": {
        "IoU": 2.0899999141693115,
        "Acc": 74.87999725341797
      },
      "blanket": {
        "IoU": 6.230000019073486,
        "Acc": 19.25
      },
      "branch": {
        "IoU": 6.340000152587891,
        "Acc": 41.810001373291016
      },
      "bridge": {
        "IoU": 24.34000015258789,