{
  "coco_stuff": {
    "summary": {
      "mIoU": 24.25,
      "mAcc": 41.28,
      "aAcc": 38.6
    },
    "per_class": {
      "person": {
        "IoU": 13.09000015258789,
        "Acc": 13.71000003814697
      },
      "bicycle": {
        "IoU": 53.040000915527344,
        "Acc": 83.44999694824219
      },
      "car": {
        "IoU": 43.15999984741211,
        "Acc": 75.05999755859375
      },
      "motorcycle": {
        "IoU": 66.37000274658203,
        "Acc": 88.44999694824219
      },
      "airplane": {
        "IoU": 41.189998626708984,
        "Acc": 90.18000030517578
      },
      "bus": {
        "IoU": 62.97999954223633,
        "Acc": 84.33999633789062
      },
      "train": {
        "IoU": 55.45000076293945,
        "Acc": 71.05000305175781
      },
      "truck": {
        "IoU": 38.52000045776367,
        "Acc": 48.16999816894531
      },
      "boat": {
        "IoU": 32.650001525878906,
        "Acc": 80.87000274658203
      },
      "traffic light": {
        "IoU": 20.809999465942383,
        "Acc": 69.58999633789062
      },
      "fire hydrant": {
        "IoU": 55.29000091552735,
        "Acc": 82.76000213623047
      },
      "stop sign": {
        "IoU": 59.560001373291016,
        "Acc": 91.30000305175781
      },
      "parking meter": {
        "IoU": 28.350000381469727,
        "Acc": 36.439998626708984
      },
      "bench": {
        "IoU": 36.16999816894531,
        "Acc": 45.95000076293945
      },
      "bird": {
        "IoU": 54.06000137329101,
        "Acc": 86.30000305175781
      },
      "cat": {
        "IoU": 69.36000061035156,
        "Acc": 88.68000030517578
      },
      "dog": {
        "IoU": 61.43999862670898,
        "Acc": 82.94999694824219
      },
      "horse": {
        "IoU": 61.45000076293945,
        "Acc": 86.88999938964844
      },
      "sheep": {
        "IoU": 73.37000274658203,
        "Acc": 90.33000183105469
      },
      "cow": {
        "IoU": 65.29000091552734,
        "Acc": 82.48999786376953
      },
      "elephant": {
        "IoU": 80.5199966430664,
        "Acc": 92.80999755859375
      },
      "bear": {
        "IoU": 79.05999755859375,
        "Acc": 90.77999877929688
      },
      "zebra": {
        "IoU": 77.87999725341797,
        "Acc": 93.61000061035156
      },
      "giraffe": {
        "IoU": 47.650001525878906,
        "Acc": 89.76000213623047
      },
      "backpack": {
        "IoU": 7.980000019073487,
        "Acc": 56.689998626708984
      },
      "umbrella": {
        "IoU": 32.77000045776367,
        "Acc": 70.25
      },
      "handbag": {
        "IoU": 8.760000228881836,
        "Acc": 11.680000305175781
      },
      "tie": {
        "IoU": 1.059999942779541,
        "Acc": 51.70000076293946
      },
      "suitcase": {
        "IoU": 46.38999938964844,
        "Acc": 53.68000030517578
      },
      "frisbee": {
        "IoU": 11.720000267028809,
        "Acc": 51.83000183105469
      },
      "skis": {
        "IoU": 7.480000019073486,
        "Acc": 53.599998474121094
      },
      "snowboard": {
        "IoU": 13.61999988555908,
        "Acc": 61.290000915527344
      },
      "sports ball": {
        "IoU": 2.559999942779541,
        "Acc": 57.77000045776367
      },
      "kite": {
        "IoU": 28.86000061035156,
        "Acc": 51.33000183105468
      },
      "baseball bat": {
        "IoU": 5.690000057220459,
        "Acc": 8.229999542236328
      },
      "baseball glove": {
        "IoU": 22.979999542236328,
        "Acc": 47.650001525878906
      },
      "skateboard": {
        "IoU": 17.489999771118164,
        "Acc": 53.68000030517578
      },
      "surfboard": {
        "IoU": 28.600000381469727,
        "Acc": 72.27999877929688
      },
      "tennis racket": {
        "IoU": 6.480000019073487,
        "Acc": 48.150001525878906
      },
      "bottle": {
        "IoU": 25.079999923706055,
        "Acc": 53.11999893188477
      },
      "wine glass": {
        "IoU": 30.47999954223633,
        "Acc": 71.37000274658203
      },
      "cup": {
        "IoU": 17.43000030517578,
        "Acc": 24.950000762939453
      },
      "fork": {
        "IoU": 13.9399995803833,
        "Acc": 15.40999984741211
      },
      "knife": {
        "IoU": 4.579999923706055,
        "Acc": 6.03000020980835
      },
      "spoon": {
        "IoU": 18.809999465942383,
        "Acc": 32.16999816894531
      },
      "bowl": {
        "IoU": 12.350000381469727,
        "Acc": 16.15999984741211
      },
      "banana": {
        "IoU": 36.459999084472656,
        "Acc": 45.810001373291016
      },
      "apple": {
        "IoU": 11.300000190734863,
        "Acc": 12.699999809265137
      },
      "sandwich": {
        "IoU": 13.15999984741211,
        "Acc": 14.210000038146973
      },
      "orange": {
        "IoU": 22.309999465942383,
        "Acc": 25.489999771118164
      },
      "broccoli": {
        "IoU": 5.909999847412109,
        "Acc": 6.260000228881836
      },
      "carrot": {
        "IoU": 25.729999542236325,
        "Acc": 26.459999084472656
      },
      "hot dog": {
        "IoU": 34.5099983215332,
        "Acc": 40.40999984741211
      },
      "pizza": {
        "IoU": 43.709999084472656,
        "Acc": 52.20000076293946
      },
      "donut": {
        "IoU": 50.04000091552734,
        "Acc": 54.380001068115234
      },
      "cake": {
        "IoU": 47.65999984741211,
        "Acc": 69.83000183105469
      },
      "chair": {
        "IoU": 14.72000026702881,
        "Acc": 15.960000038146974
      },
      "couch": {
        "IoU": 46.45000076293945,
        "Acc": 57.70999908447265
      },
      "potted plant": {
        "IoU": 8.899999618530273,
        "Acc": 11.819999694824219
      },
      "bed": {
        "IoU": 48.279998779296875,
        "Acc": 61.27000045776367
      },
      "dining table": {
        "IoU": 11.289999961853027,
        "Acc": 12.390000343322754
      },
      "toilet": {
        "IoU": 29.57999992370606,
        "Acc": 76.56999969482422
      },
      "tv": {
        "IoU": 28.799999237060547,
        "Acc": 36.630001068115234
      },
      "laptop": {
        "IoU": 43.58000183105469,
        "Acc": 65.23999786376953
      },
      "mouse": {
        "IoU": 20.309999465942383,
        "Acc": 42.310001373291016
      },
      "remote": {
        "IoU": 14.63000011444092,
        "Acc": 66.5
      },
      "keyboard": {
        "IoU": 38.7599983215332,
        "Acc": 58.220001220703125
      },
      "cell phone": {
        "IoU": 32.599998474121094,
        "Acc": 58.20999908447265
      },
      "microwave": {
        "IoU": 22.1200008392334,
        "Acc": 28.15999984741211
      },
      "oven": {
        "IoU": 23.950000762939453,
        "Acc": 70.16999816894531
      },
      "toaster": {
        "IoU": 20.209999084472656,
        "Acc": 52.040000915527344
      },
      "sink": {
        "IoU": 30.690000534057617,
        "Acc": 53.56000137329101
      },
      "refrigerator": {
        "IoU": 49.119998931884766,
        "Acc": 61.95000076293945
      },
      "book": {
        "IoU": 27.739999771118164,
        "Acc": 32.22999954223633
      },
      "clock": {
        "IoU": 42.959999084472656,
        "Acc": 83.06999969482422
      },
      "vase": {
        "IoU": 29.360000610351562,
        "Acc": 55.099998474121094
      },
      "scissors": {
        "IoU": 51.150001525878906,
        "Acc": 62.810001373291016
      },
      "teddy bear": {
        "IoU": 62.15999984741211,
        "Acc": 75.4000015258789
      },
      "hair drier": {
        "IoU": 1.9199999570846555,
        "Acc": 16.010000228881836
      },
      "toothbrush": {
        "IoU": 24.979999542236328,
        "Acc": 55.36000061035157
      },
      "banner": {
        "IoU": 2.109999895095825,
        "Acc": 74.56999969482422
      },
      "blanket": {
        "IoU": 6.139999866485596,
        "Acc": 19.010000228881836
      },
      "branch": {
        "IoU": 6.4000000953674325,