{
  "coco_stuff": {
    "summary": {
      "mIoU": 24.28,
      "mAcc": 41.45,
      "aAcc": 38.65
    },
    "per_class": {
      "person": {
        "IoU": 13.09000015258789,
        "Acc": 13.71000003814697
      },
      "bicycle": {
        "IoU": 52.75,
        "Acc": 83.54000091552734
      },
      "car": {
        "IoU": 43.16999816894531,
        "Acc": 75.27999877929688
      },
      "motorcycle": {
        "IoU": 66.37000274658203,
        "Acc": 88.20999908447266
      },
      "airplane": {
        "IoU": 40.7400016784668,
        "Acc": 90.33999633789062
      },
      "bus": {
        "IoU": 63.22999954223633,
        "Acc": 85.20999908447266
      },
      "train": {
        "IoU": 55.93000030517579,
        "Acc": 71.66000366210938
      },
      "truck": {
        "IoU": 38.83000183105469,
        "Acc": 48.5099983215332
      },
      "boat": {
        "IoU": 32.849998474121094,
        "Acc": 80.77999877929688
      },
      "traffic light": {
        "IoU": 20.200000762939453,
        "Acc": 69.91999816894531
      },
      "fire hydrant": {
        "IoU": 54.770000457763665,
        "Acc": 83.19000244140625
      },
      "stop sign": {
        "IoU": 59.38999938964844,
        "Acc": 91.16000366210938
      },
      "parking meter": {
        "IoU": 28.15999984741211,
        "Acc": 36.38999938964844
      },
      "bench": {
        "IoU": 36.20000076293945,
        "Acc": 46.31999969482422
      },
      "bird": {
        "IoU": 53.099998474121094,
        "Acc": 86.80999755859375
      },
      "cat": {
        "IoU": 69.4000015258789,
        "Acc": 88.5999984741211
      },
      "dog": {
        "IoU": 61.04999923706055,
        "Acc": 82.75
      },
      "horse": {
        "IoU": 61.04999923706055,
        "Acc": 87.69000244140625
      },
      "sheep": {
        "IoU": 73.23999786376953,
        "Acc": 90.62000274658203
      },
      "cow": {
        "IoU": 65.19000244140625,
        "Acc": 82.77999877929688
      },
      "elephant": {
        "IoU": 80.47000122070312,
        "Acc": 92.9800033569336
      },
      "bear": {
        "IoU": 79.04000091552734,
        "Acc": 90.7300033569336
      },
      "zebra": {
        "IoU": 77.44999694824219,
        "Acc": 94.05999755859375
      },
      "giraffe": {
        "IoU": 47.279998779296875,
        "Acc": 90.08000183105469
      },
      "backpack": {
        "IoU": 7.860000133514404,
        "Acc": 56.20999908447266
      },
      "umbrella": {
        "IoU": 32.81999969482422,
        "Acc": 70.26000213623047
      },
      "handbag": {
        "IoU": 8.90999984741211,
        "Acc": 11.899999618530273
      },
      "tie": {
        "IoU": 1.1100000143051147,
        "Acc": 54.029998779296875
      },
      "suitcase": {
        "IoU": 46.470001220703125,
        "Acc": 54.080001831054695
      },
      "frisbee": {
        "IoU": 11.5,
        "Acc": 52.66999816894531
      },
      "skis": {
        "IoU": 7.519999980926513,
        "Acc": 55.139999389648445
      },
      "snowboard": {
        "IoU": 13.319999694824219,
        "Acc": 62.47000122070312
      },
      "sports ball": {
        "IoU": 2.5299999713897705,
        "Acc": 59.0
      },
      "kite": {
        "IoU": 27.670000076293945,
        "Acc": 51.29999923706055
      },
      "baseball bat": {
        "IoU": 5.960000038146973,
        "Acc": 8.680000305175781
      },
      "baseball glove": {
        "IoU": 22.520000457763672,
        "Acc": 47.33000183105469
      },
      "skateboard": {
        "IoU": 17.15999984741211,
        "Acc": 54.5099983215332
      },
      "surfboard": {
        "IoU": 29.069999694824215,
        "Acc": 72.2300033569336
      },
      "tennis racket": {
        "IoU": 6.559999942779542,
        "Acc": 48.709999084472656
      },
      "bottle": {
        "IoU": 24.899999618530273,
        "Acc": 52.790000915527344
      },
      "wine glass": {
        "IoU": 30.6200008392334,
        "Acc": 71.37000274658203
      },
      "cup": {
        "IoU": 17.3700008392334,
        "Acc": 24.81999969482422
      },
      "fork": {
        "IoU": 13.9399995803833,
        "Acc": 15.430000305175781
      },
      "knife": {
        "IoU": 4.75,
        "Acc": 6.260000228881836
      },
      "spoon": {
        "IoU": 18.75,
        "Acc": 33.119998931884766
      },
      "bowl": {
        "IoU": 12.210000038146973,
        "Acc": 15.949999809265137
      },
      "banana": {
        "IoU": 35.869998931884766,
        "Acc": 45.20000076293945
      },
      "apple": {
        "IoU": 11.210000038146973,
        "Acc": 12.630000114440918
      },
      "sandwich": {
        "IoU": 13.550000190734862,
        "Acc": 14.63000011444092
      },
      "orange": {
        "IoU": 22.299999237060547,
        "Acc": 25.489999771118164
      },
      "broccoli": {
        "IoU": 10.020000457763672,
        "Acc": 10.699999809265137
      },
      "carrot": {
        "IoU": 26.139999389648438,
        "Acc": 26.940000534057617
      },
      "hot dog": {
        "IoU": 34.40999984741211,
        "Acc": 40.349998474121094
      },
      "pizza": {
        "IoU": 43.959999084472656,
        "Acc": 52.720001220703125
      },
      "donut": {
        "IoU": 49.900001525878906,
        "Acc": 54.29000091552735
      },
      "cake": {
        "IoU": 47.79999923706055,
        "Acc": 69.97000122070312
      },
      "chair": {
        "IoU": 14.829999923706055,
        "Acc": 16.06999969482422
      },
      "couch": {
        "IoU": 46.540000915527344,
        "Acc": 57.77999877929687
      },
      "potted plant": {
        "IoU": 8.770000457763672,
        "Acc": 11.5600004196167
      },
      "bed": {
        "IoU": 48.099998474121094,
        "Acc": 60.72999954223632
      },
      "dining table": {
        "IoU": 10.949999809265137,
        "Acc": 12.010000228881836
      },
      "toilet": {
        "IoU": 30.72999954223633,
        "Acc": 76.23999786376953
      },
      "tv": {
        "IoU": 28.65999984741211,
        "Acc": 36.4900016784668
      },
      "laptop": {
        "IoU": 43.54999923706055,
        "Acc": 65.12999725341797
      },
      "mouse": {
        "IoU": 20.309999465942383,
        "Acc": 42.45000076293945
      },
      "remote": {
        "IoU": 14.609999656677248,
        "Acc": 66.41000366210938
      },
      "keyboard": {
        "IoU": 38.04999923706055,
        "Acc": 57.419998168945305
      },
      "cell phone": {
        "IoU": 32.529998779296875,
        "Acc": 57.79000091552734
      },
      "microwave": {
        "IoU": 22.979999542236328,
        "Acc": 29.56999969482422
      },
      "oven": {
        "IoU": 24.170000076293945,
        "Acc": 70.19999694824219
      },
      "toaster": {
        "IoU": 20.18000030517578,
        "Acc": 52.02999877929687
      },
      "sink": {
        "IoU": 30.889999389648438,
        "Acc": 54.529998779296875
      },
      "refrigerator": {
        "IoU": 49.38999938964844,
        "Acc": 61.9900016784668
      },
      "book": {
        "IoU": 27.569999694824222,
        "Acc": 31.989999771118168
      },
      "clock": {
        "IoU": 42.529998779296875,
        "Acc": 83.01000213623047
      },
      "vase": {
        "IoU": 29.219999313354496,
        "Acc": 55.29000091552735
      },
      "scissors": {
        "IoU": 51.479999542236335,
        "Acc": 63.180000305175774
      },
      "teddy bear": {
        "IoU": 62.279998779296875,
        "Acc": 75.9000015258789
      },
      "hair drier": {
        "IoU": 1.940000057220459,
        "Acc": 15.729999542236328
      },
      "toothbrush": {
        "IoU": 25.440000534057617,
        "Acc": 55.86000061035157
      },
      "banner": {
        "IoU": 2.109999895095825,
        "Acc": 74.95999908447266
      },
      "blanket": {
        "IoU": 6.190000057220459,
        "Acc": 19.200000762939453
      },
      "branch": {
        "IoU": 6.269999980926514,
        "Acc": 41.2400016784668
      },