{
  "coco_stuff": {
    "summary": {
      "mIoU": 24.87,
      "mAcc": 42.43,
      "aAcc": 39.12
    },
    "per_class": {
      "person": {
        "IoU": 12.75,
        "Acc": 13.40999984741211
      },
      "bicycle": {
        "IoU": 54.88999938964844,
        "Acc": 83.58000183105469
      },
      "car": {
        "IoU": 43.38999938964844,
        "Acc": 75.52999877929688
      },
      "motorcycle": {
        "IoU": 66.37000274658203,
        "Acc": 86.05999755859375
      },
      "airplane": {
        "IoU": 42.09000015258789,
        "Acc": 87.7300033569336
      },
      "bus": {
        "IoU": 61.70000076293945,
        "Acc": 82.29000091552734
      },
      "train": {
        "IoU": 52.75,
        "Acc": 67.22000122070312
      },
      "truck": {
        "IoU": 35.849998474121094,
        "Acc": 45.52000045776367
      },
      "boat": {
        "IoU": 32.54999923706055,
        "Acc": 79.05999755859375
      },
      "traffic light": {
        "IoU": 20.040000915527344,
        "Acc": 72.9800033569336
      },
      "fire hydrant": {
        "IoU": 51.36000061035156,
        "Acc": 79.05000305175781
      },
      "stop sign": {
        "IoU": 64.16999816894531,
        "Acc": 91.33999633789062
      },
      "parking meter": {
        "IoU": 24.940000534057617,
        "Acc": 34.7400016784668
      },
      "bench": {
        "IoU": 35.869998931884766,
        "Acc": 46.2400016784668
      },
      "bird": {
        "IoU": 57.040000915527344,
        "Acc": 88.44000244140625
      },
      "cat": {
        "IoU": 70.2699966430664,
        "Acc": 88.44999694824219
      },
      "dog": {
        "IoU": 60.04999923706055,
        "Acc": 80.11000061035156
      },
      "horse": {
        "IoU": 61.0,
        "Acc": 87.08999633789062
      },
      "sheep": {
        "IoU": 73.12000274658203,
        "Acc": 88.68000030517578
      },
      "cow": {
        "IoU": 65.30999755859375,
        "Acc": 82.69000244140625
      },
      "elephant": {
        "IoU": 80.6500015258789,
        "Acc": 91.93000030517578
      },
      "bear": {
        "IoU": 78.13999938964844,
        "Acc": 89.94000244140625
      },
      "zebra": {
        "IoU": 79.44000244140625,
        "Acc": 91.73999786376953
      },
      "giraffe": {
        "IoU": 48.91999816894531,
        "Acc": 88.73999786376953
      },
      "backpack": {
        "IoU": 8.039999961853027,
        "Acc": 59.209999084472656
      },
      "umbrella": {
        "IoU": 35.22999954223633,
        "Acc": 70.7300033569336
      },
      "handbag": {
        "IoU": 11.5,
        "Acc": 16.43000030517578
      },
      "tie": {
        "IoU": 0.9700000286102295,
        "Acc": 49.099998474121094
      },
      "suitcase": {
        "IoU": 45.709999084472656,
        "Acc": 51.75999832153321
      },
      "frisbee": {
        "IoU": 16.059999465942383,
        "Acc": 57.75
      },
      "skis": {
        "IoU": 9.930000305175781,
        "Acc": 72.06999969482422
      },
      "snowboard": {
        "IoU": 16.40999984741211,
        "Acc": 65.43000030517578
      },
      "sports ball": {
        "IoU": 2.450000047683716,
        "Acc": 65.55000305175781
      },
      "kite": {
        "IoU": 30.93000030517578,
        "Acc": 54.63000106811523
      },
      "baseball bat": {
        "IoU": 5.079999923706055,
        "Acc": 14.970000267028807
      },
      "baseball glove": {
        "IoU": 19.049999237060547,
        "Acc": 50.59999847412109
      },
      "skateboard": {
        "IoU": 19.600000381469727,
        "Acc": 56.58000183105468
      },
      "surfboard": {
        "IoU": 28.69000053405762,
        "Acc": 74.08999633789062
      },
      "tennis racket": {
        "IoU": 7.5,
        "Acc": 49.83000183105469
      },
      "bottle": {
        "IoU": 23.799999237060547,
        "Acc": 52.66999816894531
      },
      "wine glass": {
        "IoU": 30.200000762939457,
        "Acc": 75.5199966430664
      },
      "cup": {
        "IoU": 17.549999237060547,
        "Acc": 25.059999465942383
      },
      "fork": {
        "IoU": 17.450000762939453,
        "Acc": 21.079999923706055
      },
      "knife": {
        "IoU": 6.739999771118164,
        "Acc": 9.4399995803833
      },
      "spoon": {
        "IoU": 18.270000457763672,
        "Acc": 37.150001525878906
      },
      "bowl": {
        "IoU": 14.27000045776367,
        "Acc": 18.719999313354492
      },
      "banana": {
        "IoU": 44.189998626708984,
        "Acc": 57.400001525878906
      },
      "apple": {
        "IoU": 12.890000343322756,
        "Acc": 14.409999847412108
      },
      "sandwich": {
        "IoU": 14.729999542236328,
        "Acc": 16.25
      },
      "orange": {
        "IoU": 24.549999237060547,
        "Acc": 28.600000381469727
      },
      "broccoli": {
        "IoU": 25.479999542236325,
        "Acc": 28.29000091552734
      },
      "carrot": {
        "IoU": 36.849998474121094,
        "Acc": 38.63999938964844
      },
      "hot dog": {
        "IoU": 34.36000061035156,
        "Acc": 40.849998474121094
      },
      "pizza": {
        "IoU": 45.720001220703125,
        "Acc": 54.36000061035157
      },
      "donut": {
        "IoU": 51.40999984741212,
        "Acc": 55.66999816894531
      },
      "cake": {
        "IoU": 44.29999923706055,
        "Acc": 64.51000213623047
      },
      "chair": {
        "IoU": 16.65999984741211,
        "Acc": 18.229999542236328
      },
      "couch": {
        "IoU": 47.4900016784668,
        "Acc": 59.099998474121094
      },
      "potted plant": {
        "IoU": 10.579999923706055,
        "Acc": 15.050000190734863
      },
      "bed": {
        "IoU": 48.75,
        "Acc": 60.38000106811523
      },
      "dining table": {
        "IoU": 8.779999732971191,
        "Acc": 9.5
      },
      "toilet": {
        "IoU": 31.399999618530273,
        "Acc": 74.87000274658203
      },
      "tv": {
        "IoU": 29.34000015258789,
        "Acc": 37.029998779296875
      },
      "laptop": {
        "IoU": 44.70000076293945,
        "Acc": 64.22000122070312
      },
      "mouse": {
        "IoU": 21.739999771118164,
        "Acc": 48.849998474121094
      },
      "remote": {
        "IoU": 13.689999580383299,
        "Acc": 66.19000244140625
      },
      "keyboard": {
        "IoU": 44.97999954223633,
        "Acc": 65.87999725341797
      },
      "cell phone": {
        "IoU": 29.290000915527344,
        "Acc": 52.66999816894531
      },
      "microwave": {
        "IoU": 26.219999313354492,
        "Acc": 34.45000076293945
      },
      "oven": {
        "IoU": 23.799999237060547,
        "Acc": 68.43000030517578
      },
      "toaster": {
        "IoU": 17.649999618530273,
        "Acc": 46.349998474121094
      },
      "sink": {
        "IoU": 31.479999542236325,
        "Acc": 55.080001831054695
      },
      "refrigerator": {
        "IoU": 48.970001220703125,
        "Acc": 61.290000915527344
      },
      "book": {
        "IoU": 25.719999313354492,
        "Acc": 31.0
      },
      "clock": {
        "IoU": 45.65999984741211,
        "Acc": 82.0999984741211
      },
      "vase": {
        "IoU": 29.760000228881832,
        "Acc": 50.0999984741211
      },
      "scissors": {
        "IoU": 48.77000045776367,
        "Acc": 58.240001678466804
      },
      "teddy bear": {
        "IoU": 61.849998474121094,
        "Acc": 72.37999725341797
      },
      "hair drier": {
        "IoU": 1.940000057220459,
        "Acc": 24.68000030517578
      },
      "toothbrush": {
        "IoU": 23.950000762939453,
        "Acc": 54.49000167846679
      },
      "banner": {
        "IoU": 2.190000057220459,
        "Acc": 76.88999938964844
      },
      "blanket": {
        "IoU": 6.300000190734862,
        "Acc": 19.989999771118164
      },
      "branch": {
        "IoU": 6.2899999618530265,
        "Acc": 38.650001525878906
      },
      "bridge": {
        "IoU": 24.739999771118164,