{"seed": 0, "dataset_key": "voc", "data_root": "/home/yuhe/slicetune/deeplab/research/deeplab/datasets/pascal_voc_seg/VOCdevkit/VOC2012", "subset_manifest": null, "subset_size": 10582, "model_key": "deeplabv3plus_r50_d8"}
{"mode": "train", "epoch": 1, "iter": 20, "lr": 0.00983, "memory": 14616, "data_time": 0.03676, "decode.loss_ce": 1.51504, "decode.acc_seg": 57.54004, "aux.loss_ce": 0.65441, "aux.acc_seg": 57.58908, "loss": 2.16946, "time": 0.56205}
{"mode": "train", "epoch": 1, "iter": 40, "lr": 0.00965, "memory": 14616, "data_time": 0.0092, "decode.loss_ce": 1.24152, "decode.acc_seg": 64.33745, "aux.loss_ce": 0.48576, "aux.acc_seg": 64.01546, "loss": 1.72728, "time": 0.43203}
{"mode": "train", "epoch": 1, "iter": 60, "lr": 0.00947, "memory": 14616, "data_time": 0.00957, "decode.loss_ce": 1.28032, "decode.acc_seg": 60.39274, "aux.loss_ce": 0.51437, "aux.acc_seg": 60.38084, "loss": 1.79469, "time": 0.40731}
{"mode": "train", "epoch": 1, "iter": 80, "lr": 0.00929, "memory": 14616, "data_time": 0.00928, "decode.loss_ce": 1.21486, "decode.acc_seg": 60.83269, "aux.loss_ce": 0.49936, "aux.acc_seg": 58.79486, "loss": 1.71421, "time": 0.43623}
{"mode": "train", "epoch": 1, "iter": 100, "lr": 0.00911, "memory": 14616, "data_time": 0.00929, "decode.loss_ce": 1.00803, "decode.acc_seg": 67.5658, "aux.loss_ce": 0.44534, "aux.acc_seg": 64.52442, "loss": 1.45337, "time": 0.41846}
{"mode": "train", "epoch": 1, "iter": 120, "lr": 0.00893, "memory": 14616, "data_time": 0.00931, "decode.loss_ce": 0.85629, "decode.acc_seg": 69.99095, "aux.loss_ce": 0.39221, "aux.acc_seg": 67.38412, "loss": 1.2485, "time": 0.41607}
{"mode": "train", "epoch": 1, "iter": 140, "lr": 0.00875, "memory": 14616, "data_time": 0.00988, "decode.loss_ce": 0.93653, "decode.acc_seg": 68.63371, "aux.loss_ce": 0.42798, "aux.acc_seg": 66.31877, "loss": 1.36451, "time": 0.42444}
{"mode": "train", "epoch": 1, "iter": 160, "lr": 0.00857, "memory": 14616, "data_time": 0.00938, "decode.loss_ce": 0.89818, "decode.acc_seg": 69.67939, "aux.loss_ce": 0.40984, "aux.acc_seg": 66.49766, "loss": 1.30802, "time": 0.41851}
{"mode": "train", "epoch": 1, "iter": 180, "lr": 0.00839, "memory": 14616, "data_time": 0.00943, "decode.loss_ce": 0.89877, "decode.acc_seg": 66.84624, "aux.loss_ce": 0.43675, "aux.acc_seg": 62.73291, "loss": 1.33552, "time": 0.40938}
{"mode": "train", "epoch": 1, "iter": 200, "lr": 0.00821, "memory": 14616, "data_time": 0.00945, "decode.loss_ce": 0.86245, "decode.acc_seg": 68.65668, "aux.loss_ce": 0.41606, "aux.acc_seg": 64.73152, "loss": 1.27851, "time": 0.41701}
{"mode": "train", "epoch": 1, "iter": 220, "lr": 0.00803, "memory": 14616, "data_time": 0.00949, "decode.loss_ce": 0.78174, "decode.acc_seg": 71.63029, "aux.loss_ce": 0.39102, "aux.acc_seg": 67.95843, "loss": 1.17275, "time": 0.42459}
{"mode": "train", "epoch": 1, "iter": 240, "lr": 0.00784, "memory": 14616, "data_time": 0.00949, "decode.loss_ce": 0.85059, "decode.acc_seg": 72.189, "aux.loss_ce": 0.41451, "aux.acc_seg": 68.50784, "loss": 1.2651, "time": 0.42369}
{"mode": "train", "epoch": 1, "iter": 260, "lr": 0.00766, "memory": 14616, "data_time": 0.00952, "decode.loss_ce": 0.74844, "decode.acc_seg": 74.85881, "aux.loss_ce": 0.38584, "aux.acc_seg": 69.82259, "loss": 1.13428, "time": 0.42665}
{"mode": "train", "epoch": 1, "iter": 280, "lr": 0.00748, "memory": 14616, "data_time": 0.00998, "decode.loss_ce": 0.75182, "decode.acc_seg": 73.29204, "aux.loss_ce": 0.37832, "aux.acc_seg": 70.11077, "loss": 1.13014, "time": 0.41767}
{"mode": "train", "epoch": 1, "iter": 300, "lr": 0.00729, "memory": 14616, "data_time": 0.00959, "decode.loss_ce": 0.57005, "decode.acc_seg": 79.26364, "aux.loss_ce": 0.30853, "aux.acc_seg": 75.15269, "loss": 0.87858, "time": 0.41446}
{"mode": "train", "epoch": 1, "iter": 320, "lr": 0.00711, "memory": 14616, "data_time": 0.01013, "decode.loss_ce": 0.58926, "decode.acc_seg": 79.30154, "aux.loss_ce": 0.33359, "aux.acc_seg": 72.13528, "loss": 0.92285, "time": 0.42129}
{"mode": "train", "epoch": 1, "iter": 340, "lr": 0.00692, "memory": 14616, "data_time": 0.00953, "decode.loss_ce": 0.68994, "decode.acc_seg": 74.40717, "aux.loss_ce": 0.35785, "aux.acc_seg": 69.81973, "loss": 1.04779, "time": 0.43246}
{"mode": "train", "epoch": 1, "iter": 360, "lr": 0.00673, "memory": 14616, "data_time": 0.00994, "decode.loss_ce": 0.62293, "decode.acc_seg": 76.77598, "aux.loss_ce": 0.34506, "aux.acc_seg": 69.79047, "loss": 0.96799, "time": 0.40295}
{"mode": "train", "epoch": 1, "iter": 380, "lr": 0.00655, "memory": 14616, "data_time": 0.00964, "decode.loss_ce": 0.7343, "decode.acc_seg": 73.64551, "aux.loss_ce": 0.38041, "aux.acc_seg": 68.27907, "loss": 1.11471, "time": 0.43939}
{"mode": "train", "epoch": 1, "iter": 400, "lr": 0.00636, "memory": 14616, "data_time": 0.00966, "decode.loss_ce": 0.61059, "decode.acc_seg": 77.67736, "aux.loss_ce": 0.34262, "aux.acc_seg": 71.80461, "loss": 0.9532, "time": 0.41898}
{"mode": "train", "epoch": 1, "iter": 420, "lr": 0.00617, "memory": 14616, "data_time": 0.00967, "decode.loss_ce": 0.62184, "decode.acc_seg": 77.0328, "aux.loss_ce": 0.36886, "aux.acc_seg": 68.49861, "loss": 0.9907, "time": 0.42149}
{"mode": "train", "epoch": 1, "iter": 440, "lr": 0.00598, "memory": 14616, "data_time": 0.0097, "decode.loss_ce": 0.55605, "decode.acc_seg": 79.82475, "aux.loss_ce": 0.34372, "aux.acc_seg": 71.82281, "loss": 0.89977, "time": 0.41881}
{"mode": "train", "epoch": 1, "iter": 460, "lr": 0.0058, "memory": 14616, "data_time": 0.00997, "decode.loss_ce": 0.66039, "decode.acc_seg": 77.89793, "aux.loss_ce": 0.37635, "aux.acc_seg": 71.32602, "loss": 1.03674, "time": 0.42424}
{"mode": "train", "epoch": 1, "iter": 480, "lr": 0.00561, "memory": 14616, "data_time": 0.00969, "decode.loss_ce": 0.53812, "decode.acc_seg": 79.35923, "aux.loss_ce": 0.31084, "aux.acc_seg": 74.00012, "loss": 0.84896, "time": 0.41307}
{"mode": "train", "epoch": 1, "iter": 500, "lr": 0.00541, "memory": 14616, "data_time": 0.0099, "decode.loss_ce": 0.57593, "decode.acc_seg": 78.32959, "aux.loss_ce": 0.32405, "aux.acc_seg": 72.49773, "loss": 0.89998, "time": 0.42082}
{"mode": "train", "epoch": 1, "iter": 520, "lr": 0.00522, "memory": 14616, "data_time": 0.00991, "decode.loss_ce": 0.53774, "decode.acc_seg": 77.03095, "aux.loss_ce": 0.34478, "aux.acc_seg": 68.72948, "loss": 0.88252, "time": 0.41378}
{"mode": "train", "epoch": 1, "iter": 540, "lr": 0.00503, "memory": 14616, "data_time": 0.00996, "decode.loss_ce": 0.50577, "decode.acc_seg": 80.49175, "aux.loss_ce": 0.32413, "aux.acc_seg": 72.2569, "loss": 0.8299, "time": 0.41978}
{"mode": "train", "epoch": 1, "iter": 560, "lr": 0.00484, "memory": 14616, "data_time": 0.0097, "decode.loss_ce": 0.60982, "decode.acc_seg": 77.63973, "aux.loss_ce": 0.38507, "aux.acc_seg": 69.4206, "loss": 0.99489, "time": 0.43073}
{"mode": "train", "epoch": 1, "iter": 580, "lr": 0.00464, "memory": 14616, "data_time": 0.00972, "decode.loss_ce": 0.59651, "decode.acc_seg": 78.13119, "aux.loss_ce": 0.34743, "aux.acc_seg": 70.76558, "loss": 0.94394, "time": 0.42769}
{"mode": "train", "epoch": 1, "iter": 600, "lr": 0.00445, "memory": 14616, "data_time": 0.00973, "decode.loss_ce": 0.56712, "decode.acc_seg": 78.02343, "aux.loss_ce": 0.34952, "aux.acc_seg": 71.14927, "loss": 0.91664, "time": 0.41297}
{"mode": "train", "epoch": 1, "iter": 620, "lr": 0.00425, "memory": 14616, "data_time": 0.01, "decode.loss_ce": 0.52668, "decode.acc_seg": 79.70175, "aux.loss_ce": 0.33742, "aux.acc_seg": 71.25798, "loss": 0.8641, "time": 0.41586}
{"mode": "train", "epoch": 1, "iter": 640, "lr": 0.00406, "memory": 14616, "data_time": 0.00977, "decode.loss_ce": 0.4903, "decode.acc_seg": 82.09869, "aux.loss_ce": 0.33059, "aux.acc_seg": 72.79917, "loss": 0.82089, "time": 0.42618}
{"mode": "train", "epoch": 1, "iter": 660, "lr": 0.00386, "memory": 14616, "data_time": 0.00975, "decode.loss_ce": 0.54491, "decode.acc_seg": 79.39773, "aux.loss_ce": 0.35401, "aux.acc_seg": 69.55853, "loss": 0.89892, "time": 0.43256}
{"mode": "train", "epoch": 1, "iter": 680,