{
  "validation_mode": "full",
  "validation_config": {
    "proxy_subset_size": 300,
    "proxy_seed": 0,
    "proxy_inference_mode": "whole",
    "full_eval_top_k": 3
  },
  "coco_stuff": {
    "validation_mode": "full",
    "used_inference_mode": "slide",
    "summary": {
      "mIoU": 23.61,
      "mAcc": 41.02,
      "aAcc": 38.08
    },
    "proxy_summary": null,
    "full_summary": {
      "mIoU": 23.61,
      "mAcc": 41.02,
      "aAcc": 38.08
    },
    "per_class": {
      "person": {
        "IoU": 13.869999885559082,
        "Acc": 14.869999885559082
      },
      "bicycle": {
        "IoU": 50.130001068115234,
        "Acc": 85.2699966430664
      },
      "car": {
        "IoU": 43.689998626708984,
        "Acc": 75.29000091552734
      },
      "motorcycle": {
        "IoU": 65.54000091552734,
        "Acc": 89.22000122070312
      },
      "airplane": {
        "IoU": 38.68000030517578,
        "Acc": 89.62999725341797
      },
      "bus": {
        "IoU": 62.22999954223633,
        "Acc": 83.66000366210938
      },
      "train": {
        "IoU": 53.41999816894531,
        "Acc": 69.68000030517578
      },
      "truck": {
        "IoU": 37.31999969482422,
        "Acc": 48.209999084472656
      },
      "boat": {
        "IoU": 31.78000068664551,
        "Acc": 80.30999755859375
      },
      "traffic light": {
        "IoU": 19.489999771118164,
        "Acc": 72.1500015258789
      },
      "fire hydrant": {
        "IoU": 52.40999984741212,
        "Acc": 81.1500015258789
      },
      "stop sign": {
        "IoU": 57.56999969482421,
        "Acc": 90.73999786376953
      },
      "parking meter": {
        "IoU": 26.770000457763672,
        "Acc": 34.43000030517578
      },
      "bench": {
        "IoU": 34.20000076293945,
        "Acc": 43.4900016784668
      },
      "bird": {
        "IoU": 51.310001373291016,
        "Acc": 85.79000091552734
      },
      "cat": {
        "IoU": 67.45999908447266,
        "Acc": 88.61000061035156
      },
      "dog": {
        "IoU": 59.08000183105469,
        "Acc": 80.9800033569336
      },
      "horse": {
        "IoU": 57.38000106811524,
        "Acc": 89.08999633789062
      },
      "sheep": {
        "IoU": 71.54000091552734,
        "Acc": 90.41000366210938
      },
      "cow": {
        "IoU": 62.20000076293945,
        "Acc": 82.80000305175781
      },
      "elephant": {
        "IoU": 78.86000061035156,
        "Acc": 92.41999816894531
      },
      "bear": {
        "IoU": 77.94000244140625,
        "Acc": 90.31999969482422
      },
      "zebra": {
        "IoU": 76.33999633789062,
        "Acc": 92.44999694824219
      },
      "giraffe": {
        "IoU": 45.849998474121094,
        "Acc": 90.47000122070312
      },
      "backpack": {
        "IoU": 7.840000152587891,
        "Acc": 57.740001678466804
      },
      "umbrella": {
        "IoU": 30.71999931335449,
        "Acc": 70.33999633789062
      },
      "handbag": {
        "IoU": 10.579999923706055,
        "Acc": 14.6899995803833
      },
      "tie": {
        "IoU": 0.7799999713897705,
        "Acc": 39.08000183105469
      },
      "suitcase": {
        "IoU": 46.33000183105469,
        "Acc": 54.68999862670898
      },
      "frisbee": {
        "IoU": 9.949999809265137,
        "Acc": 50.2400016784668
      },
      "skis": {
        "IoU": 6.539999961853027,
        "Acc": 49.9900016784668
      },
      "snowboard": {
        "IoU": 11.529999732971191,
        "Acc": 56.439998626708984
      },
      "sports ball": {
        "IoU": 2.0299999713897705,
        "Acc": 52.63000106811524
      },
      "kite": {
        "IoU": 23.639999389648438,
        "Acc": 51.61999893188477
      },
      "baseball bat": {
        "IoU": 4.460000038146973,
        "Acc": 10.510000228881836
      },
      "baseball glove": {
        "IoU": 18.639999389648438,
        "Acc": 46.880001068115234
      },
      "skateboard": {
        "IoU": 15.140000343322754,
        "Acc": 58.290000915527344
      },
      "surfboard": {
        "IoU": 24.469999313354492,
        "Acc": 73.41999816894531
      },
      "tennis racket": {
        "IoU": 6.90999984741211,
        "Acc": 55.9900016784668
      },
      "bottle": {
        "IoU": 24.459999084472656,
        "Acc": 52.99000167846679
      },
      "wine glass": {
        "IoU": 28.6299991607666,
        "Acc": 73.54000091552734
      },
      "cup": {
        "IoU": 16.600000381469727,
        "Acc": 24.34000015258789
      },
      "fork": {
        "IoU": 13.350000381469727,
        "Acc": 14.829999923706055
      },
      "knife": {
        "IoU": 5.340000152587891,
        "Acc": 7.420000076293945
      },
      "spoon": {
        "IoU": 20.309999465942383,
        "Acc": 36.279998779296875
      },
      "bowl": {
        "IoU": 11.720000267028809,
        "Acc": 14.960000038146973
      },
      "banana": {
        "IoU": 38.650001525878906,
        "Acc": 49.81999969482422
      },
      "apple": {
        "IoU": 13.579999923706055,
        "Acc": 15.609999656677246
      },
      "sandwich": {
        "IoU": 15.34000015258789,
        "Acc": 16.809999465942383
      },
      "orange": {
        "IoU": 23.809999465942383,
        "Acc": 28.190000534057617
      },
      "broccoli": {
        "IoU": 15.600000381469725,
        "Acc": 16.690000534057617
      },
      "carrot": {
        "IoU": 23.700000762939453,
        "Acc": 24.600000381469727
      },
      "hot dog": {
        "IoU": 34.869998931884766,
        "Acc": 41.849998474121094
      },
      "pizza": {
        "IoU": 46.36000061035156,
        "Acc": 56.09000015258789
      },
      "donut": {
        "IoU": 50.4000015258789,
        "Acc": 55.93000030517579
      },
      "cake": {
        "IoU": 46.029998779296875,
        "Acc": 69.08999633789062
      },
      "chair": {
        "IoU": 15.479999542236328,
        "Acc": 17.100000381469727
      },
      "couch": {
        "IoU": 45.75,
        "Acc": 57.360000610351555
      },
      "potted plant": {
        "IoU": 10.869999885559082,
        "Acc": 14.479999542236326
      },
      "bed": {
        "IoU": 46.689998626708984,
        "Acc": 58.599998474121094
      },
      "dining table": {
        "IoU": 10.59000015258789,
        "Acc": 11.680000305175781
      },
      "toilet": {
        "IoU": 31.219999313354492,
        "Acc": 74.4000015258789
      },
      "tv": {
        "IoU": 27.360000610351566,
        "Acc": 35.790000915527344
      },
      "laptop": {
        "IoU": 41.81999969482422,
        "Acc": 67.7699966430664
      },
      "mouse": {
        "IoU": 12.939999580383303,
        "Acc": 26.65999984741211
      },
      "remote": {
        "IoU": 13.750000000000002,
        "Acc": 62.709999084472656
      },
      "keyboard": {
        "IoU": 34.4900016784668,
        "Acc": 52.279998779296875
      },
      "cell phone": {
        "IoU": 29.889999389648438,
        "Acc": 56.33000183105469
      },
      "microwave": {
        "IoU": 24.079999923706055,
        "Acc": 32.470001220703125
      },
      "oven": {
        "IoU": 23.1299991607666,
        "Acc": 66.93000030517578
      },
      "toaster": {
        "IoU": 18.06999969482422,
        "Acc": 49.18000030517578
      },
      "sink": {
        "IoU": 31.190000534057617,
        "Acc": 53.61000061035156
      },
      "refrigerator": {
        "IoU": 48.66999816894531,
        "Acc": 60.459999084472656
      },
      "book": {
        "IoU": 27.680000305175785,
        "Acc": 33.459999084472656
      },
      "clock": {
        "IoU": 42.13999938964844,
        "Acc": 83.45999908447266
      },
      "vase": {
        "IoU": 28.459999084472653,
        "Acc": 53.279998779296875
      },
      "scissors": {
        "IoU": 45.709999084472656,
        "Acc": 57.7599983215332
      },
      "teddy bear": {
        "IoU": 61.36999893188476,
        "Acc": 76.0999984741211
      },
      "hair drier": {
        "IoU": 2.9600000381469727,