{
  "coco_stuff": {
    "summary": {
      "mIoU": 24.26,
      "mAcc": 41.37,
      "aAcc": 38.59
    },
    "per_class": {
      "person": {
        "IoU": 13.029999732971193,
        "Acc": 13.659999847412111
      },
      "bicycle": {
        "IoU": 52.59000015258789,
        "Acc": 83.29000091552734
      },
      "car": {
        "IoU": 43.08000183105469,
        "Acc": 75.04000091552734
      },
      "motorcycle": {
        "IoU": 65.79000091552734,
        "Acc": 88.75
      },
      "airplane": {
        "IoU": 40.970001220703125,
        "Acc": 90.12000274658203
      },
      "bus": {
        "IoU": 63.09000015258789,
        "Acc": 85.11000061035156
      },
      "train": {
        "IoU": 55.400001525878906,
        "Acc": 70.80999755859375
      },
      "truck": {
        "IoU": 38.58000183105469,
        "Acc": 48.189998626708984
      },
      "boat": {
        "IoU": 32.869998931884766,
        "Acc": 80.97000122070312
      },
      "traffic light": {
        "IoU": 20.559999465942383,
        "Acc": 68.87000274658203
      },
      "fire hydrant": {
        "IoU": 55.099998474121094,
        "Acc": 83.01000213623047
      },
      "stop sign": {
        "IoU": 59.86999893188476,
        "Acc": 91.19000244140625
      },
      "parking meter": {
        "IoU": 28.36000061035156,
        "Acc": 36.310001373291016
      },
      "bench": {
        "IoU": 36.099998474121094,
        "Acc": 46.13999938964844
      },
      "bird": {
        "IoU": 53.779998779296875,
        "Acc": 86.2699966430664
      },
      "cat": {
        "IoU": 69.48999786376953,
        "Acc": 88.55000305175781
      },
      "dog": {
        "IoU": 61.2400016784668,
        "Acc": 82.58000183105469
      },
      "horse": {
        "IoU": 61.130001068115234,
        "Acc": 87.31999969482422
      },
      "sheep": {
        "IoU": 73.45999908447266,
        "Acc": 90.16000366210938
      },
      "cow": {
        "IoU": 65.27999877929688,
        "Acc": 82.6500015258789
      },
      "elephant": {
        "IoU": 80.44999694824219,
        "Acc": 92.97000122070312
      },
      "bear": {
        "IoU": 79.0199966430664,
        "Acc": 90.54000091552734
      },
      "zebra": {
        "IoU": 77.72000122070312,
        "Acc": 93.97000122070312
      },
      "giraffe": {
        "IoU": 47.709999084472656,
        "Acc": 89.51000213623047
      },
      "backpack": {
        "IoU": 7.929999828338623,
        "Acc": 56.70000076293945
      },
      "umbrella": {
        "IoU": 32.84000015258789,
        "Acc": 70.31999969482422
      },
      "handbag": {
        "IoU": 8.529999732971191,
        "Acc": 11.399999618530273
      },
      "tie": {
        "IoU": 1.149999976158142,
        "Acc": 56.29999923706055
      },
      "suitcase": {
        "IoU": 46.33000183105469,
        "Acc": 53.66999816894531
      },
      "frisbee": {
        "IoU": 11.890000343322754,
        "Acc": 52.65999984741211
      },
      "skis": {
        "IoU": 7.829999923706055,
        "Acc": 55.580001831054695
      },
      "snowboard": {
        "IoU": 13.61999988555908,
        "Acc": 62.18000030517579
      },
      "sports ball": {
        "IoU": 2.509999990463257,
        "Acc": 58.20999908447265
      },
      "kite": {
        "IoU": 28.399999618530273,
        "Acc": 51.119998931884766
      },
      "baseball bat": {
        "IoU": 5.480000019073486,
        "Acc": 8.420000076293945
      },
      "baseball glove": {
        "IoU": 22.530000686645508,
        "Acc": 46.66999816894531
      },
      "skateboard": {
        "IoU": 17.350000381469727,
        "Acc": 54.22999954223633
      },
      "surfboard": {
        "IoU": 27.829999923706055,
        "Acc": 72.66000366210938
      },
      "tennis racket": {
        "IoU": 6.539999961853027,
        "Acc": 48.41999816894531
      },
      "bottle": {
        "IoU": 24.889999389648438,
        "Acc": 52.68999862670899
      },
      "wine glass": {
        "IoU": 30.700000762939457,
        "Acc": 71.26000213623047
      },
      "cup": {
        "IoU": 17.299999237060547,
        "Acc": 24.760000228881836
      },
      "fork": {
        "IoU": 13.279999732971193,
        "Acc": 14.65999984741211
      },
      "knife": {
        "IoU": 4.659999847412109,
        "Acc": 6.079999923706055
      },
      "spoon": {
        "IoU": 18.940000534057617,
        "Acc": 32.540000915527344
      },
      "bowl": {
        "IoU": 12.100000381469727,
        "Acc": 15.770000457763672
      },
      "banana": {
        "IoU": 36.34000015258789,
        "Acc": 45.75
      },
      "apple": {
        "IoU": 11.329999923706055,
        "Acc": 12.699999809265137
      },
      "sandwich": {
        "IoU": 13.130000114440918,
        "Acc": 14.159999847412108
      },
      "orange": {
        "IoU": 22.510000228881836,
        "Acc": 25.75
      },
      "broccoli": {
        "IoU": 7.5999999046325675,
        "Acc": 8.069999694824219
      },
      "carrot": {
        "IoU": 25.559999465942383,
        "Acc": 26.329999923706055
      },
      "hot dog": {
        "IoU": 34.41999816894531,
        "Acc": 40.209999084472656
      },
      "pizza": {
        "IoU": 43.86000061035156,
        "Acc": 52.56000137329102
      },
      "donut": {
        "IoU": 49.65999984741211,
        "Acc": 54.11000061035156
      },
      "cake": {
        "IoU": 47.880001068115234,
        "Acc": 70.08999633789062
      },
      "chair": {
        "IoU": 14.770000457763672,
        "Acc": 16.030000686645508
      },
      "couch": {
        "IoU": 46.459999084472656,
        "Acc": 57.65999984741212
      },
      "potted plant": {
        "IoU": 8.859999656677246,
        "Acc": 11.6899995803833
      },
      "bed": {
        "IoU": 48.5,
        "Acc": 61.54000091552735
      },
      "dining table": {
        "IoU": 10.970000267028809,
        "Acc": 12.039999961853027
      },
      "toilet": {
        "IoU": 30.8799991607666,
        "Acc": 75.87999725341797
      },
      "tv": {
        "IoU": 28.79000091552734,
        "Acc": 36.540000915527344
      },
      "laptop": {
        "IoU": 43.40999984741211,
        "Acc": 64.66999816894531
      },
      "mouse": {
        "IoU": 20.389999389648438,
        "Acc": 42.52000045776367
      },
      "remote": {
        "IoU": 14.43000030517578,
        "Acc": 66.0
      },
      "keyboard": {
        "IoU": 38.720001220703125,
        "Acc": 58.15999984741212
      },
      "cell phone": {
        "IoU": 32.66999816894531,
        "Acc": 57.959999084472656
      },
      "microwave": {
        "IoU": 22.520000457763672,
        "Acc": 28.819999694824215
      },
      "oven": {
        "IoU": 24.049999237060547,
        "Acc": 69.97000122070312
      },
      "toaster": {
        "IoU": 20.469999313354492,
        "Acc": 52.20000076293946
      },
      "sink": {
        "IoU": 31.139999389648438,
        "Acc": 54.83000183105469
      },
      "refrigerator": {
        "IoU": 49.2400016784668,
        "Acc": 61.61000061035157
      },
      "book": {
        "IoU": 27.780000686645508,
        "Acc": 32.29999923706055
      },
      "clock": {
        "IoU": 42.77000045776367,
        "Acc": 83.0999984741211
      },
      "vase": {
        "IoU": 29.07999992370606,
        "Acc": 55.02000045776367
      },
      "scissors": {
        "IoU": 51.47000122070312,
        "Acc": 62.97000122070312
      },
      "teddy bear": {
        "IoU": 62.13999938964844,
        "Acc": 75.87999725341797
      },
      "hair drier": {
        "IoU": 1.9199999570846555,
        "Acc": 15.84000015258789
      },
      "toothbrush": {
        "IoU": 24.93000030517578,
        "Acc": 55.47999954223633
      },
      "banner": {
        "IoU": 2.119999885559082,
        "Acc": 74.83000183105469
      },
      "blanket": {
        "IoU": 6.139999866485596,
        "Acc": 19.100000381469727
      },
      "branch": {
        "IoU": 6.360000133514404,
        "Acc": 42.029998779296875
      },