{
  "coco_stuff": {
    "summary": {
      "mIoU": 24.25,
      "mAcc": 41.34,
      "aAcc": 38.58
    },
    "per_class": {
      "person": {
        "IoU": 13.170000076293945,
        "Acc": 13.8100004196167
      },
      "bicycle": {
        "IoU": 52.720001220703125,
        "Acc": 83.41999816894531
      },
      "car": {
        "IoU": 43.04999923706055,
        "Acc": 75.12000274658203
      },
      "motorcycle": {
        "IoU": 65.8499984741211,
        "Acc": 88.62999725341797
      },
      "airplane": {
        "IoU": 40.630001068115234,
        "Acc": 90.47000122070312
      },
      "bus": {
        "IoU": 62.779998779296875,
        "Acc": 84.0
      },
      "train": {
        "IoU": 54.83000183105469,
        "Acc": 70.0199966430664
      },
      "truck": {
        "IoU": 38.11000061035156,
        "Acc": 47.599998474121094
      },
      "boat": {
        "IoU": 32.630001068115234,
        "Acc": 81.30999755859375
      },
      "traffic light": {
        "IoU": 20.3799991607666,
        "Acc": 69.91999816894531
      },
      "fire hydrant": {
        "IoU": 54.959999084472656,
        "Acc": 82.97000122070312
      },
      "stop sign": {
        "IoU": 59.36999893188477,
        "Acc": 91.05999755859375
      },
      "parking meter": {
        "IoU": 28.389999389648434,
        "Acc": 36.58000183105469
      },
      "bench": {
        "IoU": 36.029998779296875,
        "Acc": 45.779998779296875
      },
      "bird": {
        "IoU": 52.77000045776368,
        "Acc": 86.69000244140625
      },
      "cat": {
        "IoU": 69.47000122070312,
        "Acc": 88.51000213623047
      },
      "dog": {
        "IoU": 61.380001068115234,
        "Acc": 82.81999969482422
      },
      "horse": {
        "IoU": 61.0,
        "Acc": 87.44000244140625
      },
      "sheep": {
        "IoU": 73.26000213623047,
        "Acc": 90.37999725341797
      },
      "cow": {
        "IoU": 65.13999938964844,
        "Acc": 82.81999969482422
      },
      "elephant": {
        "IoU": 80.41999816894531,
        "Acc": 92.9000015258789
      },
      "bear": {
        "IoU": 79.04000091552734,
        "Acc": 90.58000183105469
      },
      "zebra": {
        "IoU": 77.55000305175781,
        "Acc": 93.80000305175781
      },
      "giraffe": {
        "IoU": 47.40999984741211,
        "Acc": 89.8499984741211
      },
      "backpack": {
        "IoU": 7.840000152587891,
        "Acc": 55.939998626708984
      },
      "umbrella": {
        "IoU": 32.93000030517578,
        "Acc": 70.44000244140625
      },
      "handbag": {
        "IoU": 8.350000381469727,
        "Acc": 11.039999961853027
      },
      "tie": {
        "IoU": 1.1399999856948853,
        "Acc": 55.7599983215332
      },
      "suitcase": {
        "IoU": 46.20000076293945,
        "Acc": 53.84000015258788
      },
      "frisbee": {
        "IoU": 11.25,
        "Acc": 51.22999954223633
      },
      "skis": {
        "IoU": 7.570000171661377,
        "Acc": 55.15000152587891
      },
      "snowboard": {
        "IoU": 13.3100004196167,
        "Acc": 62.97999954223633
      },
      "sports ball": {
        "IoU": 2.5,
        "Acc": 58.060001373291016
      },
      "kite": {
        "IoU": 27.59000015258789,
        "Acc": 51.7400016784668
      },
      "baseball bat": {
        "IoU": 5.46999979019165,
        "Acc": 8.359999656677246
      },
      "baseball glove": {
        "IoU": 22.31999969482422,
        "Acc": 46.84000015258789
      },
      "skateboard": {
        "IoU": 17.389999389648438,
        "Acc": 54.310001373291016
      },
      "surfboard": {
        "IoU": 26.610000610351562,
        "Acc": 72.3499984741211
      },
      "tennis racket": {
        "IoU": 6.480000019073487,
        "Acc": 47.95000076293945
      },
      "bottle": {
        "IoU": 25.1299991607666,
        "Acc": 53.06000137329101
      },
      "wine glass": {
        "IoU": 30.79999923706055,
        "Acc": 70.97000122070312
      },
      "cup": {
        "IoU": 17.209999084472656,
        "Acc": 24.360000610351562
      },
      "fork": {
        "IoU": 13.300000190734862,
        "Acc": 14.59000015258789
      },
      "knife": {
        "IoU": 4.710000038146973,
        "Acc": 6.139999866485596
      },
      "spoon": {
        "IoU": 18.959999084472656,
        "Acc": 31.989999771118168
      },
      "bowl": {
        "IoU": 12.279999732971191,
        "Acc": 16.049999237060547
      },
      "banana": {
        "IoU": 36.86000061035156,
        "Acc": 46.349998474121094
      },
      "apple": {
        "IoU": 11.40999984741211,
        "Acc": 12.789999961853027
      },
      "sandwich": {
        "IoU": 13.399999618530273,
        "Acc": 14.489999771118164
      },
      "orange": {
        "IoU": 22.93000030517578,
        "Acc": 26.18000030517578
      },
      "broccoli": {
        "IoU": 9.229999542236328,
        "Acc": 9.84000015258789
      },
      "carrot": {
        "IoU": 25.60000038146973,
        "Acc": 26.35000038146973
      },
      "hot dog": {
        "IoU": 34.18000030517578,
        "Acc": 39.91999816894531
      },
      "pizza": {
        "IoU": 43.91999816894531,
        "Acc": 52.41999816894531
      },
      "donut": {
        "IoU": 50.09000015258789,
        "Acc": 54.49000167846679
      },
      "cake": {
        "IoU": 47.7599983215332,
        "Acc": 69.87999725341797
      },
      "chair": {
        "IoU": 14.609999656677248,
        "Acc": 15.84000015258789
      },
      "couch": {
        "IoU": 46.459999084472656,
        "Acc": 57.5900001525879
      },
      "potted plant": {
        "IoU": 9.239999771118164,
        "Acc": 12.210000038146973
      },
      "bed": {
        "IoU": 48.43000030517578,
        "Acc": 61.330001831054695
      },
      "dining table": {
        "IoU": 11.180000305175781,
        "Acc": 12.270000457763672
      },
      "toilet": {
        "IoU": 30.940000534057617,
        "Acc": 75.70999908447266
      },
      "tv": {
        "IoU": 28.59000015258789,
        "Acc": 36.34000015258789
      },
      "laptop": {
        "IoU": 43.279998779296875,
        "Acc": 64.11000061035156
      },
      "mouse": {
        "IoU": 20.719999313354492,
        "Acc": 42.900001525878906
      },
      "remote": {
        "IoU": 14.499999999999998,
        "Acc": 65.94999694824219
      },
      "keyboard": {
        "IoU": 38.720001220703125,
        "Acc": 57.90999984741211
      },
      "cell phone": {
        "IoU": 32.810001373291016,
        "Acc": 58.13999938964843
      },
      "microwave": {
        "IoU": 22.989999771118164,
        "Acc": 29.239999771118164
      },
      "oven": {
        "IoU": 24.100000381469727,
        "Acc": 70.36000061035156
      },
      "toaster": {
        "IoU": 20.170000076293945,
        "Acc": 52.0099983215332
      },
      "sink": {
        "IoU": 31.280000686645508,
        "Acc": 55.11999893188476
      },
      "refrigerator": {
        "IoU": 49.25,
        "Acc": 61.689998626708984
      },
      "book": {
        "IoU": 28.13999938964844,
        "Acc": 32.59000015258789
      },
      "clock": {
        "IoU": 42.66999816894531,
        "Acc": 82.73999786376953
      },
      "vase": {
        "IoU": 29.479999542236328,
        "Acc": 54.529998779296875
      },
      "scissors": {
        "IoU": 51.479999542236335,
        "Acc": 63.09999847412109
      },
      "teddy bear": {
        "IoU": 62.4000015258789,
        "Acc": 75.86000061035156
      },
      "hair drier": {
        "IoU": 1.8999999761581419,
        "Acc": 15.140000343322754
      },
      "toothbrush": {
        "IoU": 25.3700008392334,
        "Acc": 55.52000045776367
      },
      "banner": {
        "IoU": 2.109999895095825,
        "Acc": 74.95999908447266
      },
      "blanket": {
        "IoU": 6.210000038146973,
        "Acc": 19.139999389648438
      },
      "branch": {
        "IoU": 6.449999809265136,
        "Acc": 41.58000183105469
      },