{
  "coco_stuff": {
    "summary": {
      "mIoU": 24.25,
      "mAcc": 41.29,
      "aAcc": 38.62
    },
    "per_class": {
      "person": {
        "IoU": 13.020000457763672,
        "Acc": 13.640000343322752
      },
      "bicycle": {
        "IoU": 53.040000915527344,
        "Acc": 83.44000244140625
      },
      "car": {
        "IoU": 43.34000015258789,
        "Acc": 75.06999969482422
      },
      "motorcycle": {
        "IoU": 66.33000183105469,
        "Acc": 88.47000122070312
      },
      "airplane": {
        "IoU": 41.439998626708984,
        "Acc": 90.02999877929688
      },
      "bus": {
        "IoU": 62.810001373291016,
        "Acc": 84.9800033569336
      },
      "train": {
        "IoU": 55.29999923706055,
        "Acc": 70.7699966430664
      },
      "truck": {
        "IoU": 38.52000045776367,
        "Acc": 48.13999938964844
      },
      "boat": {
        "IoU": 32.689998626708984,
        "Acc": 81.08000183105469
      },
      "traffic light": {
        "IoU": 20.200000762939453,
        "Acc": 69.18000030517578
      },
      "fire hydrant": {
        "IoU": 54.95000076293945,
        "Acc": 83.19000244140625
      },
      "stop sign": {
        "IoU": 60.220001220703125,
        "Acc": 91.04000091552734
      },
      "parking meter": {
        "IoU": 28.299999237060547,
        "Acc": 36.31999969482422
      },
      "bench": {
        "IoU": 36.13999938964844,
        "Acc": 46.150001525878906
      },
      "bird": {
        "IoU": 54.18999862670898,
        "Acc": 86.29000091552734
      },
      "cat": {
        "IoU": 69.37000274658203,
        "Acc": 88.70999908447266
      },
      "dog": {
        "IoU": 61.2599983215332,
        "Acc": 82.86000061035156
      },
      "horse": {
        "IoU": 61.04999923706055,
        "Acc": 87.66000366210938
      },
      "sheep": {
        "IoU": 73.47000122070312,
        "Acc": 90.48999786376953
      },
      "cow": {
        "IoU": 65.2300033569336,
        "Acc": 82.75
      },
      "elephant": {
        "IoU": 80.4800033569336,
        "Acc": 92.94999694824219
      },
      "bear": {
        "IoU": 79.19999694824219,
        "Acc": 90.83000183105469
      },
      "zebra": {
        "IoU": 77.76000213623047,
        "Acc": 93.9000015258789
      },
      "giraffe": {
        "IoU": 47.7400016784668,
        "Acc": 89.83999633789062
      },
      "backpack": {
        "IoU": 7.960000038146972,
        "Acc": 56.38999938964844
      },
      "umbrella": {
        "IoU": 32.619998931884766,
        "Acc": 70.20999908447266
      },
      "handbag": {
        "IoU": 9.039999961853027,
        "Acc": 12.0600004196167
      },
      "tie": {
        "IoU": 1.0800000429153442,
        "Acc": 53.16999816894531
      },
      "suitcase": {
        "IoU": 46.20000076293945,
        "Acc": 53.709999084472656
      },
      "frisbee": {
        "IoU": 11.6899995803833,
        "Acc": 51.61999893188477
      },
      "skis": {
        "IoU": 7.360000133514405,
        "Acc": 53.599998474121094
      },
      "snowboard": {
        "IoU": 13.229999542236328,
        "Acc": 59.619998931884766
      },
      "sports ball": {
        "IoU": 2.490000009536743,
        "Acc": 57.430000305175774
      },
      "kite": {
        "IoU": 28.649999618530273,
        "Acc": 51.02000045776367
      },
      "baseball bat": {
        "IoU": 5.409999847412109,
        "Acc": 7.889999866485596
      },
      "baseball glove": {
        "IoU": 22.979999542236328,
        "Acc": 47.2400016784668
      },
      "skateboard": {
        "IoU": 17.450000762939453,
        "Acc": 53.88999938964844
      },
      "surfboard": {
        "IoU": 27.729999542236328,
        "Acc": 72.5199966430664
      },
      "tennis racket": {
        "IoU": 6.2899999618530265,
        "Acc": 47.630001068115234
      },
      "bottle": {
        "IoU": 24.93000030517578,
        "Acc": 53.0
      },
      "wine glass": {
        "IoU": 30.709999084472656,
        "Acc": 70.81999969482422
      },
      "cup": {
        "IoU": 17.329999923706055,
        "Acc": 24.649999618530273
      },
      "fork": {
        "IoU": 13.880000114440918,
        "Acc": 15.270000457763672
      },
      "knife": {
        "IoU": 4.639999866485596,
        "Acc": 6.059999942779541
      },
      "spoon": {
        "IoU": 18.850000381469727,
        "Acc": 31.969999313354492
      },
      "bowl": {
        "IoU": 12.220000267028809,
        "Acc": 15.90999984741211
      },
      "banana": {
        "IoU": 35.16999816894531,
        "Acc": 44.279998779296875
      },
      "apple": {
        "IoU": 11.1899995803833,
        "Acc": 12.529999732971191
      },
      "sandwich": {
        "IoU": 13.3100004196167,
        "Acc": 14.369999885559082
      },
      "orange": {
        "IoU": 22.010000228881836,
        "Acc": 25.100000381469727
      },
      "broccoli": {
        "IoU": 6.889999866485595,
        "Acc": 7.289999961853027
      },
      "carrot": {
        "IoU": 23.600000381469727,
        "Acc": 24.290000915527344
      },
      "hot dog": {
        "IoU": 34.279998779296875,
        "Acc": 40.20000076293945
      },
      "pizza": {
        "IoU": 43.38999938964844,
        "Acc": 51.810001373291016
      },
      "donut": {
        "IoU": 49.959999084472656,
        "Acc": 54.369998931884766
      },
      "cake": {
        "IoU": 47.90999984741211,
        "Acc": 69.87000274658203
      },
      "chair": {
        "IoU": 14.75,
        "Acc": 15.979999542236328
      },
      "couch": {
        "IoU": 46.40999984741211,
        "Acc": 57.540000915527344
      },
      "potted plant": {
        "IoU": 8.979999542236328,
        "Acc": 11.989999771118164
      },
      "bed": {
        "IoU": 48.130001068115234,
        "Acc": 60.93999862670898
      },
      "dining table": {
        "IoU": 11.279999732971191,
        "Acc": 12.390000343322754
      },
      "toilet": {
        "IoU": 30.39999961853027,
        "Acc": 76.2699966430664
      },
      "tv": {
        "IoU": 28.69000053405762,
        "Acc": 36.43000030517578
      },
      "laptop": {
        "IoU": 43.470001220703125,
        "Acc": 64.33000183105469
      },
      "mouse": {
        "IoU": 20.81999969482422,
        "Acc": 43.16999816894531
      },
      "remote": {
        "IoU": 14.609999656677248,
        "Acc": 66.62000274658203
      },
      "keyboard": {
        "IoU": 39.40999984741211,
        "Acc": 59.18000030517578
      },
      "cell phone": {
        "IoU": 32.470001220703125,
        "Acc": 57.88999938964844
      },
      "microwave": {
        "IoU": 22.889999389648438,
        "Acc": 29.31999969482422
      },
      "oven": {
        "IoU": 24.1200008392334,
        "Acc": 70.18000030517578
      },
      "toaster": {
        "IoU": 20.469999313354492,
        "Acc": 52.18999862670899
      },
      "sink": {
        "IoU": 30.940000534057617,
        "Acc": 54.41999816894531
      },
      "refrigerator": {
        "IoU": 49.279998779296875,
        "Acc": 62.02999877929688
      },
      "book": {
        "IoU": 27.899999618530273,
        "Acc": 32.47999954223633
      },
      "clock": {
        "IoU": 42.77000045776367,
        "Acc": 82.81999969482422
      },
      "vase": {
        "IoU": 29.100000381469727,
        "Acc": 55.959999084472656
      },
      "scissors": {
        "IoU": 51.56000137329102,
        "Acc": 63.09000015258789
      },
      "teddy bear": {
        "IoU": 62.369998931884766,
        "Acc": 75.9800033569336
      },
      "hair drier": {
        "IoU": 1.7999999523162842,
        "Acc": 15.319999694824219
      },
      "toothbrush": {
        "IoU": 25.739999771118168,
        "Acc": 55.84000015258789
      },
      "banner": {
        "IoU": 2.130000114440918,
        "Acc": 74.91999816894531
      },
      "blanket": {
        "IoU": 6.210000038146973,
        "Acc": 19.399999618530273
      },
      "branch": {
        "IoU": 6.440000057220459,
        "Acc": 41.459999084472656
      },