{
  "coco_stuff": {
    "summary": {
      "mIoU": 24.3,
      "mAcc": 41.31,
      "aAcc": 38.62
    },
    "per_class": {
      "person": {
        "IoU": 13.149999618530273,
        "Acc": 13.77999973297119
      },
      "bicycle": {
        "IoU": 52.15999984741211,
        "Acc": 83.54000091552734
      },
      "car": {
        "IoU": 42.849998474121094,
        "Acc": 75.37000274658203
      },
      "motorcycle": {
        "IoU": 65.44999694824219,
        "Acc": 88.76000213623047
      },
      "airplane": {
        "IoU": 40.779998779296875,
        "Acc": 90.0999984741211
      },
      "bus": {
        "IoU": 62.97999954223633,
        "Acc": 84.77999877929688
      },
      "train": {
        "IoU": 55.70999908447266,
        "Acc": 71.16000366210938
      },
      "truck": {
        "IoU": 38.58000183105469,
        "Acc": 48.25
      },
      "boat": {
        "IoU": 32.599998474121094,
        "Acc": 80.94999694824219
      },
      "traffic light": {
        "IoU": 20.350000381469727,
        "Acc": 70.08999633789062
      },
      "fire hydrant": {
        "IoU": 54.88999938964844,
        "Acc": 82.91000366210938
      },
      "stop sign": {
        "IoU": 59.47999954223633,
        "Acc": 91.16000366210938
      },
      "parking meter": {
        "IoU": 28.100000381469727,
        "Acc": 36.119998931884766
      },
      "bench": {
        "IoU": 36.119998931884766,
        "Acc": 46.06999969482422
      },
      "bird": {
        "IoU": 53.66999816894531,
        "Acc": 86.20999908447266
      },
      "cat": {
        "IoU": 69.8499984741211,
        "Acc": 88.41999816894531
      },
      "dog": {
        "IoU": 61.389999389648445,
        "Acc": 82.48999786376953
      },
      "horse": {
        "IoU": 61.43999862670898,
        "Acc": 86.4800033569336
      },
      "sheep": {
        "IoU": 73.79000091552734,
        "Acc": 89.97000122070312
      },
      "cow": {
        "IoU": 65.33999633789062,
        "Acc": 81.73999786376953
      },
      "elephant": {
        "IoU": 80.76000213623047,
        "Acc": 92.06999969482422
      },
      "bear": {
        "IoU": 79.22000122070312,
        "Acc": 90.26000213623047
      },
      "zebra": {
        "IoU": 78.51000213623047,
        "Acc": 92.9800033569336
      },
      "giraffe": {
        "IoU": 47.779998779296875,
        "Acc": 88.76000213623047
      },
      "backpack": {
        "IoU": 7.889999866485596,
        "Acc": 56.29000091552734
      },
      "umbrella": {
        "IoU": 32.689998626708984,
        "Acc": 70.30000305175781
      },
      "handbag": {
        "IoU": 9.0600004196167,
        "Acc": 12.0
      },
      "tie": {
        "IoU": 1.100000023841858,
        "Acc": 53.97999954223632
      },
      "suitcase": {
        "IoU": 46.25,
        "Acc": 53.529998779296875
      },
      "frisbee": {
        "IoU": 11.739999771118164,
        "Acc": 52.52000045776367
      },
      "skis": {
        "IoU": 7.71999979019165,
        "Acc": 53.06999969482422
      },
      "snowboard": {
        "IoU": 13.5,
        "Acc": 61.0999984741211
      },
      "sports ball": {
        "IoU": 2.549999952316284,
        "Acc": 57.81999969482422
      },
      "kite": {
        "IoU": 27.95999908447266,
        "Acc": 51.5099983215332
      },
      "baseball bat": {
        "IoU": 5.78000020980835,
        "Acc": 8.819999694824219
      },
      "baseball glove": {
        "IoU": 22.399999618530273,
        "Acc": 47.970001220703125
      },
      "skateboard": {
        "IoU": 17.59000015258789,
        "Acc": 54.349998474121094
      },
      "surfboard": {
        "IoU": 28.069999694824222,
        "Acc": 72.5199966430664
      },
      "tennis racket": {
        "IoU": 6.489999771118164,
        "Acc": 48.2599983215332
      },
      "bottle": {
        "IoU": 25.18000030517578,
        "Acc": 52.8400001525879
      },
      "wine glass": {
        "IoU": 30.8700008392334,
        "Acc": 70.16000366210938
      },
      "cup": {
        "IoU": 17.360000610351562,
        "Acc": 24.549999237060547
      },
      "fork": {
        "IoU": 13.36999988555908,
        "Acc": 14.699999809265138
      },
      "knife": {
        "IoU": 4.570000171661377,
        "Acc": 5.909999847412109
      },
      "spoon": {
        "IoU": 18.81999969482422,
        "Acc": 31.840000152587887
      },
      "bowl": {
        "IoU": 12.479999542236328,
        "Acc": 16.360000610351562
      },
      "banana": {
        "IoU": 37.310001373291016,
        "Acc": 46.72999954223633
      },
      "apple": {
        "IoU": 11.329999923706055,
        "Acc": 12.720000267028809
      },
      "sandwich": {
        "IoU": 13.420000076293945,
        "Acc": 14.510000228881836
      },
      "orange": {
        "IoU": 22.6299991607666,
        "Acc": 25.909999847412106
      },
      "broccoli": {
        "IoU": 9.0600004196167,
        "Acc": 9.649999618530273
      },
      "carrot": {
        "IoU": 26.850000381469723,
        "Acc": 27.600000381469727
      },
      "hot dog": {
        "IoU": 34.529998779296875,
        "Acc": 40.470001220703125
      },
      "pizza": {
        "IoU": 43.93000030517578,
        "Acc": 52.369998931884766
      },
      "donut": {
        "IoU": 50.22999954223633,
        "Acc": 54.700000762939446
      },
      "cake": {
        "IoU": 48.060001373291016,
        "Acc": 69.91999816894531
      },
      "chair": {
        "IoU": 14.359999656677246,
        "Acc": 15.539999961853027
      },
      "couch": {
        "IoU": 46.38999938964844,
        "Acc": 57.540000915527344
      },
      "potted plant": {
        "IoU": 8.739999771118164,
        "Acc": 11.380000114440918
      },
      "bed": {
        "IoU": 48.36000061035156,
        "Acc": 61.27000045776367
      },
      "dining table": {
        "IoU": 11.710000038146973,
        "Acc": 12.880000114440918
      },
      "toilet": {
        "IoU": 30.75,
        "Acc": 75.79000091552734
      },
      "tv": {
        "IoU": 28.709999084472653,
        "Acc": 36.400001525878906
      },
      "laptop": {
        "IoU": 43.5099983215332,
        "Acc": 64.33999633789062
      },
      "mouse": {
        "IoU": 20.649999618530273,
        "Acc": 43.34000015258789
      },
      "remote": {
        "IoU": 14.680000305175781,
        "Acc": 66.37000274658203
      },
      "keyboard": {
        "IoU": 38.810001373291016,
        "Acc": 58.18000030517578
      },
      "cell phone": {
        "IoU": 32.849998474121094,
        "Acc": 57.93999862670899
      },
      "microwave": {
        "IoU": 23.34000015258789,
        "Acc": 29.770000457763672
      },
      "oven": {
        "IoU": 24.18000030517578,
        "Acc": 70.3499984741211
      },
      "toaster": {
        "IoU": 20.270000457763672,
        "Acc": 52.09000015258789
      },
      "sink": {
        "IoU": 30.739999771118164,
        "Acc": 54.79000091552735
      },
      "refrigerator": {
        "IoU": 49.36000061035156,
        "Acc": 61.619998931884766
      },
      "book": {
        "IoU": 27.670000076293945,
        "Acc": 32.09000015258789
      },
      "clock": {
        "IoU": 42.65999984741211,
        "Acc": 82.91000366210938
      },
      "vase": {
        "IoU": 29.110000610351562,
        "Acc": 56.02000045776367
      },
      "scissors": {
        "IoU": 51.24999999999999,
        "Acc": 62.779998779296875
      },
      "teddy bear": {
        "IoU": 62.279998779296875,
        "Acc": 75.95999908447266
      },
      "hair drier": {
        "IoU": 1.909999966621399,
        "Acc": 15.579999923706056
      },
      "toothbrush": {
        "IoU": 25.040000915527344,
        "Acc": 54.93000030517579
      },
      "banner": {
        "IoU": 2.0899999141693115,
        "Acc": 74.62000274658203
      },
      "blanket": {
        "IoU": 6.139999866485596,
        "Acc": 18.950000762939453
      },
      "branch": {
        "IoU": 6.269999980926514,
        "Acc": 41.7400016784668
      },