{
  "coco_stuff": {
    "summary": {
      "mIoU": 24.3,
      "mAcc": 41.42,
      "aAcc": 38.63
    },
    "per_class": {
      "person": {
        "IoU": 13.109999656677246,
        "Acc": 13.739999771118164
      },
      "bicycle": {
        "IoU": 52.58000183105469,
        "Acc": 83.66999816894531
      },
      "car": {
        "IoU": 43.0099983215332,
        "Acc": 75.22000122070312
      },
      "motorcycle": {
        "IoU": 65.87999725341797,
        "Acc": 88.73999786376953
      },
      "airplane": {
        "IoU": 41.130001068115234,
        "Acc": 89.79000091552734
      },
      "bus": {
        "IoU": 62.95999908447265,
        "Acc": 84.94000244140625
      },
      "train": {
        "IoU": 55.470001220703125,
        "Acc": 71.41999816894531
      },
      "truck": {
        "IoU": 38.529998779296875,
        "Acc": 48.13999938964844
      },
      "boat": {
        "IoU": 32.5099983215332,
        "Acc": 80.97000122070312
      },
      "traffic light": {
        "IoU": 20.229999542236328,
        "Acc": 69.33999633789062
      },
      "fire hydrant": {
        "IoU": 54.72999954223633,
        "Acc": 83.26000213623047
      },
      "stop sign": {
        "IoU": 60.099998474121094,
        "Acc": 90.91000366210938
      },
      "parking meter": {
        "IoU": 28.3799991607666,
        "Acc": 36.400001525878906
      },
      "bench": {
        "IoU": 35.959999084472656,
        "Acc": 45.880001068115234
      },
      "bird": {
        "IoU": 53.43000030517578,
        "Acc": 86.41000366210938
      },
      "cat": {
        "IoU": 69.37999725341797,
        "Acc": 88.55000305175781
      },
      "dog": {
        "IoU": 61.08000183105469,
        "Acc": 82.44999694824219
      },
      "horse": {
        "IoU": 61.47000122070313,
        "Acc": 87.19000244140625
      },
      "sheep": {
        "IoU": 73.62000274658203,
        "Acc": 90.12999725341797
      },
      "cow": {
        "IoU": 65.41000366210938,
        "Acc": 82.44999694824219
      },
      "elephant": {
        "IoU": 80.7699966430664,
        "Acc": 92.73999786376953
      },
      "bear": {
        "IoU": 79.06999969482422,
        "Acc": 90.12000274658203
      },
      "zebra": {
        "IoU": 78.0199966430664,
        "Acc": 93.5
      },
      "giraffe": {
        "IoU": 47.68000030517578,
        "Acc": 89.25
      },
      "backpack": {
        "IoU": 7.940000057220459,
        "Acc": 56.49999999999999
      },
      "umbrella": {
        "IoU": 32.79999923706055,
        "Acc": 70.18000030517578
      },
      "handbag": {
        "IoU": 8.890000343322754,
        "Acc": 11.890000343322754
      },
      "tie": {
        "IoU": 1.090000033378601,
        "Acc": 53.63000106811523
      },
      "suitcase": {
        "IoU": 46.470001220703125,
        "Acc": 53.880001068115234
      },
      "frisbee": {
        "IoU": 11.5,
        "Acc": 52.45000076293945
      },
      "skis": {
        "IoU": 7.900000095367432,
        "Acc": 57.4900016784668
      },
      "snowboard": {
        "IoU": 13.880000114440918,
        "Acc": 63.650001525878906
      },
      "sports ball": {
        "IoU": 2.5199999809265137,
        "Acc": 58.20000076293945
      },
      "kite": {
        "IoU": 28.3700008392334,
        "Acc": 50.91999816894531
      },
      "baseball bat": {
        "IoU": 5.449999809265137,
        "Acc": 8.1899995803833
      },
      "baseball glove": {
        "IoU": 22.459999084472656,
        "Acc": 47.08000183105469
      },
      "skateboard": {
        "IoU": 17.329999923706055,
        "Acc": 54.79999923706055
      },
      "surfboard": {
        "IoU": 27.530000686645508,
        "Acc": 72.56999969482422
      },
      "tennis racket": {
        "IoU": 6.5,
        "Acc": 48.41999816894531
      },
      "bottle": {
        "IoU": 25.040000915527344,
        "Acc": 53.540000915527344
      },
      "wine glass": {
        "IoU": 30.510000228881832,
        "Acc": 70.81999969482422
      },
      "cup": {
        "IoU": 17.299999237060547,
        "Acc": 24.799999237060547
      },
      "fork": {
        "IoU": 13.77999973297119,
        "Acc": 15.199999809265135
      },
      "knife": {
        "IoU": 4.699999809265137,
        "Acc": 6.170000076293945
      },
      "spoon": {
        "IoU": 18.81999969482422,
        "Acc": 32.540000915527344
      },
      "bowl": {
        "IoU": 12.329999923706055,
        "Acc": 16.149999618530273
      },
      "banana": {
        "IoU": 37.400001525878906,
        "Acc": 46.93000030517578
      },
      "apple": {
        "IoU": 11.390000343322754,
        "Acc": 12.779999732971191
      },
      "sandwich": {
        "IoU": 13.640000343322752,
        "Acc": 14.739999771118164
      },
      "orange": {
        "IoU": 23.1200008392334,
        "Acc": 26.450000762939453
      },
      "broccoli": {
        "IoU": 9.770000457763672,
        "Acc": 10.420000076293945
      },
      "carrot": {
        "IoU": 27.55999946594238,
        "Acc": 28.399999618530273
      },
      "hot dog": {
        "IoU": 34.45000076293945,
        "Acc": 40.40999984741211
      },
      "pizza": {
        "IoU": 44.06999969482422,
        "Acc": 52.939998626708984
      },
      "donut": {
        "IoU": 49.93000030517578,
        "Acc": 54.36000061035157
      },
      "cake": {
        "IoU": 47.720001220703125,
        "Acc": 70.0999984741211
      },
      "chair": {
        "IoU": 14.800000190734863,
        "Acc": 16.059999465942383
      },
      "couch": {
        "IoU": 46.36000061035156,
        "Acc": 57.360000610351555
      },
      "potted plant": {
        "IoU": 8.800000190734863,
        "Acc": 11.649999618530273
      },
      "bed": {
        "IoU": 48.20000076293945,
        "Acc": 61.130001068115234
      },
      "dining table": {
        "IoU": 11.239999771118164,
        "Acc": 12.34000015258789
      },
      "toilet": {
        "IoU": 30.739999771118164,
        "Acc": 76.55999755859375
      },
      "tv": {
        "IoU": 28.719999313354492,
        "Acc": 36.459999084472656
      },
      "laptop": {
        "IoU": 43.310001373291016,
        "Acc": 63.619998931884766
      },
      "mouse": {
        "IoU": 20.579999923706055,
        "Acc": 43.0
      },
      "remote": {
        "IoU": 14.579999923706055,
        "Acc": 66.43000030517578
      },
      "keyboard": {
        "IoU": 39.59000015258789,
        "Acc": 59.6599998474121
      },
      "cell phone": {
        "IoU": 32.5099983215332,
        "Acc": 57.79000091552734
      },
      "microwave": {
        "IoU": 23.229999542236328,
        "Acc": 29.780000686645508
      },
      "oven": {
        "IoU": 24.190000534057617,
        "Acc": 69.94000244140625
      },
      "toaster": {
        "IoU": 20.049999237060547,
        "Acc": 52.0099983215332
      },
      "sink": {
        "IoU": 30.950000762939457,
        "Acc": 54.5099983215332
      },
      "refrigerator": {
        "IoU": 49.45000076293945,
        "Acc": 61.90999984741211
      },
      "book": {
        "IoU": 27.940000534057617,
        "Acc": 32.54999923706055
      },
      "clock": {
        "IoU": 42.29999923706055,
        "Acc": 83.22000122070312
      },
      "vase": {
        "IoU": 29.420000076293945,
        "Acc": 56.00000000000001
      },
      "scissors": {
        "IoU": 51.29999923706055,
        "Acc": 62.88999938964843
      },
      "teddy bear": {
        "IoU": 62.150001525878906,
        "Acc": 75.87000274658203
      },
      "hair drier": {
        "IoU": 1.8099999427795408,
        "Acc": 15.289999961853026
      },
      "toothbrush": {
        "IoU": 24.950000762939453,
        "Acc": 54.959999084472656
      },
      "banner": {
        "IoU": 2.0999999046325684,
        "Acc": 74.55999755859375
      },
      "blanket": {
        "IoU": 6.239999771118164,
        "Acc": 19.3799991607666
      },
      "branch": {
        "IoU": 6.380000114440917,
        "Acc": 41.68000030517578
      },