{
  "coco_stuff": {
    "summary": {
      "mIoU": 24.28,
      "mAcc": 41.39,
      "aAcc": 38.66
    },
    "per_class": {
      "person": {
        "IoU": 12.939999580383303,
        "Acc": 13.5600004196167
      },
      "bicycle": {
        "IoU": 52.970001220703125,
        "Acc": 83.3499984741211
      },
      "car": {
        "IoU": 43.08000183105469,
        "Acc": 74.4800033569336
      },
      "motorcycle": {
        "IoU": 66.76000213623047,
        "Acc": 88.26000213623047
      },
      "airplane": {
        "IoU": 40.7599983215332,
        "Acc": 90.52999877929688
      },
      "bus": {
        "IoU": 63.04999923706055,
        "Acc": 83.98999786376953
      },
      "train": {
        "IoU": 55.139999389648445,
        "Acc": 70.76000213623047
      },
      "truck": {
        "IoU": 37.97999954223633,
        "Acc": 47.41999816894531
      },
      "boat": {
        "IoU": 32.779998779296875,
        "Acc": 81.16000366210938
      },
      "traffic light": {
        "IoU": 20.829999923706055,
        "Acc": 69.80000305175781
      },
      "fire hydrant": {
        "IoU": 54.9099998474121,
        "Acc": 82.80999755859375
      },
      "stop sign": {
        "IoU": 59.630001068115234,
        "Acc": 91.16000366210938
      },
      "parking meter": {
        "IoU": 28.59000015258789,
        "Acc": 36.79999923706055
      },
      "bench": {
        "IoU": 36.02000045776367,
        "Acc": 45.86000061035156
      },
      "bird": {
        "IoU": 53.5099983215332,
        "Acc": 86.5
      },
      "cat": {
        "IoU": 69.36000061035156,
        "Acc": 88.63999938964844
      },
      "dog": {
        "IoU": 61.189998626708984,
        "Acc": 83.05999755859375
      },
      "horse": {
        "IoU": 61.47999954223633,
        "Acc": 87.61000061035156
      },
      "sheep": {
        "IoU": 73.08999633789062,
        "Acc": 90.7300033569336
      },
      "cow": {
        "IoU": 65.05999755859375,
        "Acc": 83.12999725341797
      },
      "elephant": {
        "IoU": 80.13999938964844,
        "Acc": 93.58000183105469
      },
      "bear": {
        "IoU": 78.93000030517578,
        "Acc": 90.91999816894531
      },
      "zebra": {
        "IoU": 76.86000061035156,
        "Acc": 94.44999694824219
      },
      "giraffe": {
        "IoU": 47.2599983215332,
        "Acc": 90.70999908447266
      },
      "backpack": {
        "IoU": 7.949999809265136,
        "Acc": 56.66999816894531
      },
      "umbrella": {
        "IoU": 32.720001220703125,
        "Acc": 70.3499984741211
      },
      "handbag": {
        "IoU": 8.8100004196167,
        "Acc": 11.75
      },
      "tie": {
        "IoU": 1.0800000429153442,
        "Acc": 52.529998779296875
      },
      "suitcase": {
        "IoU": 46.540000915527344,
        "Acc": 53.970001220703125
      },
      "frisbee": {
        "IoU": 11.779999732971191,
        "Acc": 52.43000030517578
      },
      "skis": {
        "IoU": 7.739999771118164,
        "Acc": 54.959999084472656
      },
      "snowboard": {
        "IoU": 13.5600004196167,
        "Acc": 61.150001525878906
      },
      "sports ball": {
        "IoU": 2.559999942779541,
        "Acc": 57.9900016784668
      },
      "kite": {
        "IoU": 27.860000610351566,
        "Acc": 51.310001373291016
      },
      "baseball bat": {
        "IoU": 5.670000076293945,
        "Acc": 8.380000114440918
      },
      "baseball glove": {
        "IoU": 22.700000762939453,
        "Acc": 48.029998779296875
      },
      "skateboard": {
        "IoU": 17.649999618530273,
        "Acc": 54.349998474121094
      },
      "surfboard": {
        "IoU": 30.969999313354492,
        "Acc": 71.94999694824219
      },
      "tennis racket": {
        "IoU": 6.510000228881836,
        "Acc": 48.439998626708984
      },
      "bottle": {
        "IoU": 24.93000030517578,
        "Acc": 53.470001220703125
      },
      "wine glass": {
        "IoU": 30.559999465942383,
        "Acc": 71.97000122070312
      },
      "cup": {
        "IoU": 17.309999465942383,
        "Acc": 24.809999465942383
      },
      "fork": {
        "IoU": 14.130000114440918,
        "Acc": 15.600000381469725
      },
      "knife": {
        "IoU": 4.619999885559082,
        "Acc": 6.119999885559082
      },
      "spoon": {
        "IoU": 19.06999969482422,
        "Acc": 32.869998931884766
      },
      "bowl": {
        "IoU": 12.279999732971191,
        "Acc": 16.020000457763672
      },
      "banana": {
        "IoU": 36.619998931884766,
        "Acc": 46.060001373291016
      },
      "apple": {
        "IoU": 11.489999771118164,
        "Acc": 12.880000114440918
      },
      "sandwich": {
        "IoU": 13.229999542236328,
        "Acc": 14.310000419616701
      },
      "orange": {
        "IoU": 22.969999313354492,
        "Acc": 26.299999237060547
      },
      "broccoli": {
        "IoU": 9.640000343322754,
        "Acc": 10.300000190734863
      },
      "carrot": {
        "IoU": 27.40999984741211,
        "Acc": 28.270000457763672
      },
      "hot dog": {
        "IoU": 34.189998626708984,
        "Acc": 40.029998779296875
      },
      "pizza": {
        "IoU": 43.959999084472656,
        "Acc": 52.779998779296875
      },
      "donut": {
        "IoU": 49.31999969482422,
        "Acc": 53.75
      },
      "cake": {
        "IoU": 47.880001068115234,
        "Acc": 70.05000305175781
      },
      "chair": {
        "IoU": 14.760000228881836,
        "Acc": 15.979999542236328
      },
      "couch": {
        "IoU": 46.33000183105469,
        "Acc": 57.33000183105469
      },
      "potted plant": {
        "IoU": 8.949999809265137,
        "Acc": 11.850000381469727
      },
      "bed": {
        "IoU": 48.29999923706055,
        "Acc": 61.209999084472656
      },
      "dining table": {
        "IoU": 11.09000015258789,
        "Acc": 12.15999984741211
      },
      "toilet": {
        "IoU": 30.43000030517578,
        "Acc": 76.2699966430664
      },
      "tv": {
        "IoU": 28.680000305175778,
        "Acc": 36.47999954223633
      },
      "laptop": {
        "IoU": 43.54999923706055,
        "Acc": 64.83999633789062
      },
      "mouse": {
        "IoU": 20.56999969482422,
        "Acc": 42.61000061035156
      },
      "remote": {
        "IoU": 14.489999771118164,
        "Acc": 66.47000122070312
      },
      "keyboard": {
        "IoU": 38.31999969482422,
        "Acc": 57.79000091552734
      },
      "cell phone": {
        "IoU": 32.43000030517578,
        "Acc": 58.040000915527344
      },
      "microwave": {
        "IoU": 22.940000534057617,
        "Acc": 29.44000053405762
      },
      "oven": {
        "IoU": 24.09000015258789,
        "Acc": 70.30000305175781
      },
      "toaster": {
        "IoU": 20.100000381469727,
        "Acc": 51.8400001525879
      },
      "sink": {
        "IoU": 30.97999954223633,
        "Acc": 54.65999984741211
      },
      "refrigerator": {
        "IoU": 49.59000015258789,
        "Acc": 61.720001220703125
      },
      "book": {
        "IoU": 27.969999313354492,
        "Acc": 32.59000015258789
      },
      "clock": {
        "IoU": 42.880001068115234,
        "Acc": 83.08999633789062
      },
      "vase": {
        "IoU": 29.209999084472653,
        "Acc": 55.630001068115234
      },
      "scissors": {
        "IoU": 51.13000106811524,
        "Acc": 62.91999816894531
      },
      "teddy bear": {
        "IoU": 62.2599983215332,
        "Acc": 75.97000122070312
      },
      "hair drier": {
        "IoU": 1.7999999523162842,
        "Acc": 15.90999984741211
      },
      "toothbrush": {
        "IoU": 24.510000228881836,
        "Acc": 55.3499984741211
      },
      "banner": {
        "IoU": 2.109999895095825,
        "Acc": 74.62999725341797
      },
      "blanket": {
        "IoU": 6.190000057220459,
        "Acc": 19.329999923706055
      },
      "branch": {
        "IoU": 6.349999904632568,
        "Acc": 41.70000076293945
      },