{
  "validation_mode": "full",
  "validation_config": {
    "proxy_subset_size": 300,
    "proxy_seed": 0,
    "proxy_inference_mode": "whole",
    "full_eval_top_k": 3
  },
  "coco_stuff": {
    "validation_mode": "full",
    "used_inference_mode": "slide",
    "summary": {
      "mIoU": 24.28,
      "mAcc": 41.27,
      "aAcc": 38.42
    },
    "proxy_summary": null,
    "full_summary": {
      "mIoU": 24.28,
      "mAcc": 41.27,
      "aAcc": 38.42
    },
    "per_class": {
      "person": {
        "IoU": 13.079999923706055,
        "Acc": 13.689999580383299
      },
      "bicycle": {
        "IoU": 52.27000045776368,
        "Acc": 83.7699966430664
      },
      "car": {
        "IoU": 42.83000183105469,
        "Acc": 74.87999725341797
      },
      "motorcycle": {
        "IoU": 65.3499984741211,
        "Acc": 88.91000366210938
      },
      "airplane": {
        "IoU": 40.810001373291016,
        "Acc": 90.5
      },
      "bus": {
        "IoU": 62.810001373291016,
        "Acc": 84.94999694824219
      },
      "train": {
        "IoU": 55.16999816894531,
        "Acc": 70.83000183105469
      },
      "truck": {
        "IoU": 38.58000183105469,
        "Acc": 48.209999084472656
      },
      "boat": {
        "IoU": 32.41999816894531,
        "Acc": 81.13999938964844
      },
      "traffic light": {
        "IoU": 20.1299991607666,
        "Acc": 68.70999908447266
      },
      "fire hydrant": {
        "IoU": 55.29999923706055,
        "Acc": 82.5199966430664
      },
      "stop sign": {
        "IoU": 59.630001068115234,
        "Acc": 90.91999816894531
      },
      "parking meter": {
        "IoU": 28.680000305175778,
        "Acc": 36.029998779296875
      },
      "bench": {
        "IoU": 36.06999969482422,
        "Acc": 45.720001220703125
      },
      "bird": {
        "IoU": 53.75,
        "Acc": 86.30999755859375
      },
      "cat": {
        "IoU": 69.79000091552734,
        "Acc": 88.19000244140625
      },
      "dog": {
        "IoU": 61.130001068115234,
        "Acc": 82.11000061035156
      },
      "horse": {
        "IoU": 61.0,
        "Acc": 87.29000091552734
      },
      "sheep": {
        "IoU": 73.11000061035156,
        "Acc": 90.23999786376953
      },
      "cow": {
        "IoU": 65.18000030517578,
        "Acc": 82.95999908447266
      },
      "elephant": {
        "IoU": 80.27999877929688,
        "Acc": 93.0999984741211
      },
      "bear": {
        "IoU": 79.08000183105469,
        "Acc": 90.06999969482422
      },
      "zebra": {
        "IoU": 77.08000183105469,
        "Acc": 93.9800033569336
      },
      "giraffe": {
        "IoU": 47.040000915527344,
        "Acc": 89.79000091552734
      },
      "backpack": {
        "IoU": 8.079999923706055,
        "Acc": 55.90999984741211
      },
      "umbrella": {
        "IoU": 32.279998779296875,
        "Acc": 69.88999938964844
      },
      "handbag": {
        "IoU": 8.609999656677246,
        "Acc": 11.449999809265137
      },
      "tie": {
        "IoU": 1.0800000429153442,
        "Acc": 52.56000137329102
      },
      "suitcase": {
        "IoU": 46.220001220703125,
        "Acc": 53.25999832153321
      },
      "frisbee": {
        "IoU": 11.579999923706055,
        "Acc": 52.209999084472656
      },
      "skis": {
        "IoU": 7.179999828338623,
        "Acc": 54.869998931884766
      },
      "snowboard": {
        "IoU": 13.3100004196167,
        "Acc": 61.45999908447266
      },
      "sports ball": {
        "IoU": 2.5299999713897705,
        "Acc": 58.16999816894531
      },
      "kite": {
        "IoU": 27.700000762939453,
        "Acc": 51.88999938964843
      },
      "baseball bat": {
        "IoU": 5.789999961853027,
        "Acc": 8.260000228881836
      },
      "baseball glove": {
        "IoU": 23.459999084472656,
        "Acc": 48.189998626708984
      },
      "skateboard": {
        "IoU": 17.489999771118164,
        "Acc": 54.97999954223632
      },
      "surfboard": {
        "IoU": 27.940000534057617,
        "Acc": 71.63999938964844
      },
      "tennis racket": {
        "IoU": 6.340000152587891,
        "Acc": 47.93000030517578
      },
      "bottle": {
        "IoU": 25.149999618530273,
        "Acc": 52.790000915527344
      },
      "wine glass": {
        "IoU": 31.209999084472656,
        "Acc": 69.62000274658203
      },
      "cup": {
        "IoU": 17.280000686645508,
        "Acc": 24.219999313354492
      },
      "fork": {
        "IoU": 14.050000190734863,
        "Acc": 15.479999542236328
      },
      "knife": {
        "IoU": 4.789999961853027,
        "Acc": 6.300000190734862
      },
      "spoon": {
        "IoU": 19.09000015258789,
        "Acc": 32.2599983215332
      },
      "bowl": {
        "IoU": 12.670000076293944,
        "Acc": 16.6200008392334
      },
      "banana": {
        "IoU": 37.84000015258789,
        "Acc": 47.560001373291016
      },
      "apple": {
        "IoU": 11.380000114440918,
        "Acc": 12.729999542236328
      },
      "sandwich": {
        "IoU": 14.0600004196167,
        "Acc": 15.229999542236328
      },
      "orange": {
        "IoU": 23.389999389648438,
        "Acc": 26.80999946594238
      },
      "broccoli": {
        "IoU": 12.579999923706053,
        "Acc": 13.430000305175781
      },
      "carrot": {
        "IoU": 28.069999694824222,
        "Acc": 28.920000076293945
      },
      "hot dog": {
        "IoU": 34.65999984741211,
        "Acc": 40.720001220703125
      },
      "pizza": {
        "IoU": 44.52000045776367,
        "Acc": 53.0099983215332
      },
      "donut": {
        "IoU": 50.349998474121094,
        "Acc": 54.7400016784668
      },
      "cake": {
        "IoU": 48.150001525878906,
        "Acc": 69.6500015258789
      },
      "chair": {
        "IoU": 14.319999694824217,
        "Acc": 15.460000038146973
      },
      "couch": {
        "IoU": 46.279998779296875,
        "Acc": 57.360000610351555
      },
      "potted plant": {
        "IoU": 9.180000305175781,
        "Acc": 11.979999542236328
      },
      "bed": {
        "IoU": 48.529998779296875,
        "Acc": 61.1599998474121
      },
      "dining table": {
        "IoU": 11.489999771118164,
        "Acc": 12.640000343322754
      },
      "toilet": {
        "IoU": 30.110000610351562,
        "Acc": 76.12999725341797
      },
      "tv": {
        "IoU": 28.76000022888184,
        "Acc": 36.45000076293945
      },
      "laptop": {
        "IoU": 43.31999969482422,
        "Acc": 63.0099983215332
      },
      "mouse": {
        "IoU": 21.93000030517578,
        "Acc": 46.0
      },
      "remote": {
        "IoU": 14.75,
        "Acc": 66.87999725341797
      },
      "keyboard": {
        "IoU": 40.90999984741211,
        "Acc": 60.54999923706055
      },
      "cell phone": {
        "IoU": 32.83000183105469,
        "Acc": 57.130001068115234
      },
      "microwave": {
        "IoU": 23.40999984741211,
        "Acc": 29.639999389648438
      },
      "oven": {
        "IoU": 24.030000686645508,
        "Acc": 69.58999633789062
      },
      "toaster": {
        "IoU": 19.809999465942383,
        "Acc": 51.43000030517578
      },
      "sink": {
        "IoU": 30.72999954223633,
        "Acc": 53.970001220703125
      },
      "refrigerator": {
        "IoU": 49.16999816894531,
        "Acc": 61.56999969482422
      },
      "book": {
        "IoU": 27.760000228881836,
        "Acc": 32.18000030517578
      },
      "clock": {
        "IoU": 43.06999969482422,
        "Acc": 83.12000274658203
      },
      "vase": {
        "IoU": 29.44000053405762,
        "Acc": 53.68000030517578
      },
      "scissors": {
        "IoU": 51.290000915527344,
        "Acc": 62.33000183105468
      },
      "teddy bear": {
        "IoU": 62.18000030517579,
        "Acc": 74.87999725341797
      },
      "hair drier": {
        "IoU": 1.9199999570846555,
        "Acc": 15.800000190734863
      },