{
  "model_key": "deeplabv3plus_r50_d8",
  "dataset_key": "voc20",
  "data_root": "/home/yuhe/slicetune/deeplab/research/deeplab/datasets/pascal_voc_seg/VOCdevkit/VOC2012",
  "candidate_id": null,
  "subset_manifest": null,
  "full_train_split_used": true,
  "seed": 0,
  "config": {
    "max_iters": 2000,
    "crop_size": 512,
    "samples_per_gpu": 2,
    "workers_per_gpu": 2,
    "val_workers_per_gpu": 2
  },
  "subset_size": 1464,
  "metrics": {
    "validation_mode": "full",
    "used_inference_mode": "whole",
    "summary": {
      "mIoU": 4.68,
      "mAcc": 13.15,
      "aAcc": 29.100000000000005
    },
    "proxy_summary": null,
    "full_summary": {
      "mIoU": 4.68,
      "mAcc": 13.15,
      "aAcc": 29.100000000000005
    },
    "per_class": {
      "aeroplane": {
        "IoU": 0.0,
        "Acc": 0.0
      },
      "bicycle": {
        "IoU": 0.0,
        "Acc": 0.0
      },
      "bird": {
        "IoU": 0.0,
        "Acc": 0.0
      },
      "boat": {
        "IoU": 0.07000000029802322,
        "Acc": 0.07999999821186066
      },
      "bottle": {
        "IoU": 0.0,
        "Acc": 0.0
      },
      "bus": {
        "IoU": 4.28000020980835,
        "Acc": 5.349999904632568
      },
      "car": {
        "IoU": 8.029999732971191,
        "Acc": 11.539999961853027
      },
      "cat": {
        "IoU": 22.010000228881836,
        "Acc": 83.83000183105469
      },
      "chair": {
        "IoU": 0.0,
        "Acc": 0.0
      },
      "cow": {
        "IoU": 0.0,
        "Acc": 0.0
      },
      "dining table": {
        "IoU": 0.40999999642372137,
        "Acc": 0.4199999868869781
      },
      "dog": {
        "IoU": 0.0,
        "Acc": 0.0
      },
      "horse": {
        "IoU": 0.0,
        "Acc": 0.0
      },
      "motorbike": {
        "IoU": 0.20000000298023227,
        "Acc": 0.20000000298023227
      },
      "person": {
        "IoU": 37.09000015258789,
        "Acc": 80.08000183105469
      },
      "potted plant": {
        "IoU": 0.0,
        "Acc": 0.0
      },
      "sheep": {
        "IoU": 0.0,
        "Acc": 0.0
      },
      "sofa": {
        "IoU": 0.10000000149011613,
        "Acc": 0.10000000149011613
      },
      "train": {
        "IoU": 19.31999969482422,
        "Acc": 79.1500015258789
      },
      "tvmonitor": {
        "IoU": 2.0199999809265137,
        "Acc": 2.2699999809265137
      }
    }
  },
  "timing": {
    "subset_size": 1464,
    "started_at": "2026-04-18T09:57:40.041198+00:00",
    "finished_at": "2026-04-18T10:01:52.220943+00:00",
    "train_seconds": 221.82,
    "eval_seconds": 29.13,
    "total_seconds": 252.18
  }
}