{
  "coco_stuff": {
    "summary": {
      "mIoU": 24.29,
      "mAcc": 41.32,
      "aAcc": 38.63
    },
    "per_class": {
      "person": {
        "IoU": 13.3100004196167,
        "Acc": 13.960000038146973
      },
      "bicycle": {
        "IoU": 52.549999237060554,
        "Acc": 83.55999755859375
      },
      "car": {
        "IoU": 42.900001525878906,
        "Acc": 74.9000015258789
      },
      "motorcycle": {
        "IoU": 65.77999877929688,
        "Acc": 88.79000091552734
      },
      "airplane": {
        "IoU": 41.0,
        "Acc": 89.98999786376953
      },
      "bus": {
        "IoU": 62.869998931884766,
        "Acc": 84.5
      },
      "train": {
        "IoU": 55.029998779296875,
        "Acc": 70.55999755859375
      },
      "truck": {
        "IoU": 38.16999816894531,
        "Acc": 47.59000015258789
      },
      "boat": {
        "IoU": 32.70000076293945,
        "Acc": 81.36000061035156
      },
      "traffic light": {
        "IoU": 20.809999465942383,
        "Acc": 69.2699966430664
      },
      "fire hydrant": {
        "IoU": 55.080001831054695,
        "Acc": 83.11000061035156
      },
      "stop sign": {
        "IoU": 59.93000030517578,
        "Acc": 91.18000030517578
      },
      "parking meter": {
        "IoU": 28.229999542236328,
        "Acc": 36.15999984741211
      },
      "bench": {
        "IoU": 36.08000183105469,
        "Acc": 45.810001373291016
      },
      "bird": {
        "IoU": 53.880001068115234,
        "Acc": 86.4800033569336
      },
      "cat": {
        "IoU": 69.72000122070312,
        "Acc": 88.20999908447266
      },
      "dog": {
        "IoU": 61.0999984741211,
        "Acc": 82.1500015258789
      },
      "horse": {
        "IoU": 61.16999816894532,
        "Acc": 87.33999633789062
      },
      "sheep": {
        "IoU": 73.25,
        "Acc": 90.05000305175781
      },
      "cow": {
        "IoU": 64.9800033569336,
        "Acc": 82.37000274658203
      },
      "elephant": {
        "IoU": 80.58999633789062,
        "Acc": 92.76000213623047
      },
      "bear": {
        "IoU": 79.16999816894531,
        "Acc": 90.2300033569336
      },
      "zebra": {
        "IoU": 77.68000030517578,
        "Acc": 93.47000122070312
      },
      "giraffe": {
        "IoU": 47.689998626708984,
        "Acc": 89.22000122070312
      },
      "backpack": {
        "IoU": 7.900000095367432,
        "Acc": 56.029998779296875
      },
      "umbrella": {
        "IoU": 32.70000076293945,
        "Acc": 70.1500015258789
      },
      "handbag": {
        "IoU": 8.289999961853027,
        "Acc": 11.0
      },
      "tie": {
        "IoU": 1.1299999952316284,
        "Acc": 55.29000091552735
      },
      "suitcase": {
        "IoU": 46.189998626708984,
        "Acc": 53.459999084472656
      },
      "frisbee": {
        "IoU": 11.770000457763672,
        "Acc": 51.70000076293946
      },
      "skis": {
        "IoU": 7.849999904632568,
        "Acc": 53.08000183105469
      },
      "snowboard": {
        "IoU": 13.520000457763674,
        "Acc": 60.36000061035156
      },
      "sports ball": {
        "IoU": 2.5399999618530273,
        "Acc": 58.47999954223633
      },
      "kite": {
        "IoU": 28.40999984741211,
        "Acc": 51.45999908447265
      },
      "baseball bat": {
        "IoU": 5.389999866485596,
        "Acc": 8.260000228881836
      },
      "baseball glove": {
        "IoU": 22.989999771118164,
        "Acc": 47.33000183105469
      },
      "skateboard": {
        "IoU": 17.459999084472656,
        "Acc": 54.15999984741211
      },
      "surfboard": {
        "IoU": 27.610000610351566,
        "Acc": 72.61000061035156
      },
      "tennis racket": {
        "IoU": 6.550000190734863,
        "Acc": 48.40999984741211
      },
      "bottle": {
        "IoU": 25.159999847412106,
        "Acc": 53.25
      },
      "wine glass": {
        "IoU": 30.770000457763675,
        "Acc": 71.54000091552734
      },
      "cup": {
        "IoU": 17.350000381469727,
        "Acc": 24.729999542236328
      },
      "fork": {
        "IoU": 13.81999969482422,
        "Acc": 15.239999771118166
      },
      "knife": {
        "IoU": 4.699999809265137,
        "Acc": 6.110000133514404
      },
      "spoon": {
        "IoU": 18.8700008392334,
        "Acc": 32.540000915527344
      },
      "bowl": {
        "IoU": 12.319999694824219,
        "Acc": 16.06999969482422
      },
      "banana": {
        "IoU": 36.38999938964844,
        "Acc": 45.689998626708984
      },
      "apple": {
        "IoU": 11.380000114440918,
        "Acc": 12.729999542236328
      },
      "sandwich": {
        "IoU": 13.630000114440918,
        "Acc": 14.699999809265138
      },
      "orange": {
        "IoU": 22.579999923706055,
        "Acc": 25.790000915527344
      },
      "broccoli": {
        "IoU": 9.229999542236328,
        "Acc": 9.829999923706055
      },
      "carrot": {
        "IoU": 25.950000762939453,
        "Acc": 26.709999084472656
      },
      "hot dog": {
        "IoU": 34.400001525878906,
        "Acc": 40.400001525878906
      },
      "pizza": {
        "IoU": 43.75,
        "Acc": 52.2400016784668
      },
      "donut": {
        "IoU": 50.060001373291016,
        "Acc": 54.49000167846679
      },
      "cake": {
        "IoU": 47.83000183105469,
        "Acc": 70.01000213623047
      },
      "chair": {
        "IoU": 14.869999885559082,
        "Acc": 16.100000381469727
      },
      "couch": {
        "IoU": 46.38999938964844,
        "Acc": 57.40999984741211
      },
      "potted plant": {
        "IoU": 8.930000305175781,
        "Acc": 11.760000228881836
      },
      "bed": {
        "IoU": 48.349998474121094,
        "Acc": 61.22999954223632
      },
      "dining table": {
        "IoU": 11.069999694824219,
        "Acc": 12.130000114440918
      },
      "toilet": {
        "IoU": 30.420000076293945,
        "Acc": 76.1500015258789
      },
      "tv": {
        "IoU": 28.700000762939453,
        "Acc": 36.310001373291016
      },
      "laptop": {
        "IoU": 43.470001220703125,
        "Acc": 64.45999908447266
      },
      "mouse": {
        "IoU": 20.34000015258789,
        "Acc": 42.709999084472656
      },
      "remote": {
        "IoU": 14.63000011444092,
        "Acc": 66.37999725341797
      },
      "keyboard": {
        "IoU": 38.97999954223633,
        "Acc": 58.70000076293945
      },
      "cell phone": {
        "IoU": 33.119998931884766,
        "Acc": 58.00999832153321
      },
      "microwave": {
        "IoU": 23.889999389648438,
        "Acc": 30.57999992370605
      },
      "oven": {
        "IoU": 24.360000610351562,
        "Acc": 69.87999725341797
      },
      "toaster": {
        "IoU": 20.229999542236328,
        "Acc": 51.900001525878906
      },
      "sink": {
        "IoU": 30.920000076293945,
        "Acc": 54.65000152587891
      },
      "refrigerator": {
        "IoU": 49.310001373291016,
        "Acc": 61.40999984741211
      },
      "book": {
        "IoU": 28.010000228881836,
        "Acc": 32.34000015258789
      },
      "clock": {
        "IoU": 42.869998931884766,
        "Acc": 82.69000244140625
      },
      "vase": {
        "IoU": 29.5,
        "Acc": 55.439998626708984
      },
      "scissors": {
        "IoU": 51.45000076293945,
        "Acc": 62.869998931884766
      },
      "teddy bear": {
        "IoU": 62.2599983215332,
        "Acc": 76.0
      },
      "hair drier": {
        "IoU": 1.9299999475479126,
        "Acc": 15.140000343322754
      },
      "toothbrush": {
        "IoU": 25.5,
        "Acc": 55.50000000000001
      },
      "banner": {
        "IoU": 2.0899999141693115,
        "Acc": 74.70999908447266
      },
      "blanket": {
        "IoU": 6.210000038146973,
        "Acc": 19.229999542236328
      },
      "branch": {
        "IoU": 6.349999904632568,
        "Acc": 41.65999984741211
      },
      "bridge": {
        "IoU": 23.690000534057617,