{
  "coco_stuff": {
    "summary": {
      "mIoU": 24.32,
      "mAcc": 41.34,
      "aAcc": 38.6
    },
    "per_class": {
      "person": {
        "IoU": 13.140000343322756,
        "Acc": 13.770000457763674
      },
      "bicycle": {
        "IoU": 52.93000030517578,
        "Acc": 83.4000015258789
      },
      "car": {
        "IoU": 43.040000915527344,
        "Acc": 75.47000122070312
      },
      "motorcycle": {
        "IoU": 66.27999877929688,
        "Acc": 88.33000183105469
      },
      "airplane": {
        "IoU": 40.970001220703125,
        "Acc": 90.5199966430664
      },
      "bus": {
        "IoU": 62.83000183105468,
        "Acc": 84.54000091552734
      },
      "train": {
        "IoU": 55.459999084472656,
        "Acc": 70.98999786376953
      },
      "truck": {
        "IoU": 38.36000061035156,
        "Acc": 47.95000076293945
      },
      "boat": {
        "IoU": 32.650001525878906,
        "Acc": 81.38999938964844
      },
      "traffic light": {
        "IoU": 20.5,
        "Acc": 69.0999984741211
      },
      "fire hydrant": {
        "IoU": 55.27999877929688,
        "Acc": 82.79000091552734
      },
      "stop sign": {
        "IoU": 60.08000183105469,
        "Acc": 90.94999694824219
      },
      "parking meter": {
        "IoU": 28.20999908447266,
        "Acc": 36.02000045776367
      },
      "bench": {
        "IoU": 35.95000076293945,
        "Acc": 45.83000183105469
      },
      "bird": {
        "IoU": 53.709999084472656,
        "Acc": 86.27999877929688
      },
      "cat": {
        "IoU": 69.36000061035156,
        "Acc": 88.63999938964844
      },
      "dog": {
        "IoU": 61.279998779296875,
        "Acc": 82.58000183105469
      },
      "horse": {
        "IoU": 61.220001220703125,
        "Acc": 86.81999969482422
      },
      "sheep": {
        "IoU": 73.58999633789062,
        "Acc": 90.12999725341797
      },
      "cow": {
        "IoU": 65.38999938964844,
        "Acc": 82.22000122070312
      },
      "elephant": {
        "IoU": 80.69000244140625,
        "Acc": 92.55000305175781
      },
      "bear": {
        "IoU": 79.27999877929688,
        "Acc": 90.55000305175781
      },
      "zebra": {
        "IoU": 78.13999938964844,
        "Acc": 92.95999908447266
      },
      "giraffe": {
        "IoU": 47.810001373291016,
        "Acc": 89.13999938964844
      },
      "backpack": {
        "IoU": 7.929999828338623,
        "Acc": 56.22000122070312
      },
      "umbrella": {
        "IoU": 32.88999938964844,
        "Acc": 70.1500015258789
      },
      "handbag": {
        "IoU": 8.899999618530273,
        "Acc": 11.850000381469727
      },
      "tie": {
        "IoU": 1.100000023841858,
        "Acc": 54.270000457763665
      },
      "suitcase": {
        "IoU": 46.34000015258789,
        "Acc": 53.790000915527344
      },
      "frisbee": {
        "IoU": 11.579999923706055,
        "Acc": 52.20000076293946
      },
      "skis": {
        "IoU": 7.760000228881836,
        "Acc": 54.900001525878906
      },
      "snowboard": {
        "IoU": 13.46000003814697,
        "Acc": 61.91999816894531
      },
      "sports ball": {
        "IoU": 2.5199999809265137,
        "Acc": 57.70000076293945
      },
      "kite": {
        "IoU": 28.200000762939453,
        "Acc": 51.29999923706055
      },
      "baseball bat": {
        "IoU": 5.610000133514404,
        "Acc": 8.380000114440918
      },
      "baseball glove": {
        "IoU": 22.700000762939453,
        "Acc": 47.52000045776367
      },
      "skateboard": {
        "IoU": 17.34000015258789,
        "Acc": 53.99000167846679
      },
      "surfboard": {
        "IoU": 26.600000381469723,
        "Acc": 72.2699966430664
      },
      "tennis racket": {
        "IoU": 6.539999961853027,
        "Acc": 48.619998931884766
      },
      "bottle": {
        "IoU": 24.959999084472656,
        "Acc": 52.90999984741212
      },
      "wine glass": {
        "IoU": 30.68000030517578,
        "Acc": 70.5999984741211
      },
      "cup": {
        "IoU": 17.34000015258789,
        "Acc": 24.649999618530273
      },
      "fork": {
        "IoU": 13.850000381469727,
        "Acc": 15.229999542236328
      },
      "knife": {
        "IoU": 4.53000020980835,
        "Acc": 5.869999885559082
      },
      "spoon": {
        "IoU": 18.6200008392334,
        "Acc": 31.77000045776367
      },
      "bowl": {
        "IoU": 12.529999732971191,
        "Acc": 16.479999542236328
      },
      "banana": {
        "IoU": 36.650001525878906,
        "Acc": 45.970001220703125
      },
      "apple": {
        "IoU": 11.34000015258789,
        "Acc": 12.739999771118162
      },
      "sandwich": {
        "IoU": 13.430000305175781,
        "Acc": 14.499999999999998
      },
      "orange": {
        "IoU": 22.549999237060547,
        "Acc": 25.77000045776367
      },
      "broccoli": {
        "IoU": 13.300000190734862,
        "Acc": 14.229999542236326
      },
      "carrot": {
        "IoU": 27.209999084472656,
        "Acc": 28.049999237060547
      },
      "hot dog": {
        "IoU": 34.45000076293945,
        "Acc": 40.310001373291016
      },
      "pizza": {
        "IoU": 44.02000045776367,
        "Acc": 52.43000030517578
      },
      "donut": {
        "IoU": 50.150001525878906,
        "Acc": 54.580001831054695
      },
      "cake": {
        "IoU": 47.869998931884766,
        "Acc": 69.75
      },
      "chair": {
        "IoU": 14.72000026702881,
        "Acc": 15.960000038146974
      },
      "couch": {
        "IoU": 46.27000045776367,
        "Acc": 57.4900016784668
      },
      "potted plant": {
        "IoU": 8.920000076293945,
        "Acc": 11.6899995803833
      },
      "bed": {
        "IoU": 48.45000076293945,
        "Acc": 61.41999816894531
      },
      "dining table": {
        "IoU": 11.470000267028809,
        "Acc": 12.59000015258789
      },
      "toilet": {
        "IoU": 31.030000686645508,
        "Acc": 75.52999877929688
      },
      "tv": {
        "IoU": 28.65999984741211,
        "Acc": 36.40999984741211
      },
      "laptop": {
        "IoU": 43.349998474121094,
        "Acc": 64.16999816894531
      },
      "mouse": {
        "IoU": 20.450000762939453,
        "Acc": 42.650001525878906
      },
      "remote": {
        "IoU": 14.619999885559082,
        "Acc": 65.87000274658203
      },
      "keyboard": {
        "IoU": 38.7599983215332,
        "Acc": 58.47999954223633
      },
      "cell phone": {
        "IoU": 32.880001068115234,
        "Acc": 58.029998779296875
      },
      "microwave": {
        "IoU": 23.959999084472656,
        "Acc": 30.600000381469727
      },
      "oven": {
        "IoU": 24.110000610351562,
        "Acc": 70.30999755859375
      },
      "toaster": {
        "IoU": 20.15999984741211,
        "Acc": 51.81999969482421
      },
      "sink": {
        "IoU": 31.239999771118164,
        "Acc": 55.18999862670898
      },
      "refrigerator": {
        "IoU": 49.470001220703125,
        "Acc": 61.880001068115234
      },
      "book": {
        "IoU": 27.690000534057617,
        "Acc": 32.029998779296875
      },
      "clock": {
        "IoU": 42.970001220703125,
        "Acc": 83.0999984741211
      },
      "vase": {
        "IoU": 28.649999618530273,
        "Acc": 54.72999954223633
      },
      "scissors": {
        "IoU": 51.310001373291016,
        "Acc": 62.79999923706055
      },
      "teddy bear": {
        "IoU": 62.25000000000001,
        "Acc": 75.6500015258789
      },
      "hair drier": {
        "IoU": 1.8799999952316282,
        "Acc": 15.130000114440916
      },
      "toothbrush": {
        "IoU": 25.18000030517578,
        "Acc": 55.099998474121094
      },
      "banner": {
        "IoU": 2.0899999141693115,
        "Acc": 74.80999755859375
      },
      "blanket": {
        "IoU": 6.179999828338623,
        "Acc": 19.170000076293945
      },
      "branch": {
        "IoU": 6.25,