{
  "coco_stuff": {
    "summary": {
      "mIoU": 24.31,
      "mAcc": 41.34,
      "aAcc": 38.61
    },
    "per_class": {
      "person": {
        "IoU": 13.260000228881836,
        "Acc": 13.899999618530273
      },
      "bicycle": {
        "IoU": 52.790000915527344,
        "Acc": 83.52999877929688
      },
      "car": {
        "IoU": 43.38999938964844,
        "Acc": 75.47000122070312
      },
      "motorcycle": {
        "IoU": 65.91999816894531,
        "Acc": 88.69000244140625
      },
      "airplane": {
        "IoU": 41.13999938964844,
        "Acc": 90.31999969482422
      },
      "bus": {
        "IoU": 63.04999923706055,
        "Acc": 85.16999816894531
      },
      "train": {
        "IoU": 55.599998474121094,
        "Acc": 71.05999755859375
      },
      "truck": {
        "IoU": 38.84000015258789,
        "Acc": 48.470001220703125
      },
      "boat": {
        "IoU": 32.689998626708984,
        "Acc": 80.95999908447266
      },
      "traffic light": {
        "IoU": 20.610000610351562,
        "Acc": 69.01000213623047
      },
      "fire hydrant": {
        "IoU": 55.040000915527344,
        "Acc": 83.05999755859375
      },
      "stop sign": {
        "IoU": 60.029998779296875,
        "Acc": 91.05999755859375
      },
      "parking meter": {
        "IoU": 28.719999313354492,
        "Acc": 36.630001068115234
      },
      "bench": {
        "IoU": 35.9900016784668,
        "Acc": 45.75
      },
      "bird": {
        "IoU": 53.83000183105469,
        "Acc": 86.25
      },
      "cat": {
        "IoU": 69.66999816894531,
        "Acc": 88.19999694824219
      },
      "dog": {
        "IoU": 61.18000030517579,
        "Acc": 82.16999816894531
      },
      "horse": {
        "IoU": 61.36000061035156,
        "Acc": 87.1500015258789
      },
      "sheep": {
        "IoU": 73.38999938964844,
        "Acc": 89.98999786376953
      },
      "cow": {
        "IoU": 65.06999969482422,
        "Acc": 82.33000183105469
      },
      "elephant": {
        "IoU": 80.58000183105469,
        "Acc": 92.61000061035156
      },
      "bear": {
        "IoU": 79.20999908447266,
        "Acc": 90.22000122070312
      },
      "zebra": {
        "IoU": 77.83000183105469,
        "Acc": 93.47000122070312
      },
      "giraffe": {
        "IoU": 47.779998779296875,
        "Acc": 89.0
      },
      "backpack": {
        "IoU": 7.820000171661377,
        "Acc": 55.880001068115234
      },
      "umbrella": {
        "IoU": 32.959999084472656,
        "Acc": 70.22000122070312
      },
      "handbag": {
        "IoU": 8.5600004196167,
        "Acc": 11.420000076293945
      },
      "tie": {
        "IoU": 1.1100000143051147,
        "Acc": 54.759998321533196
      },
      "suitcase": {
        "IoU": 45.93000030517578,
        "Acc": 53.540000915527344
      },
      "frisbee": {
        "IoU": 11.5600004196167,
        "Acc": 51.52000045776367
      },
      "skis": {
        "IoU": 7.429999828338624,
        "Acc": 51.95000076293945
      },
      "snowboard": {
        "IoU": 13.149999618530273,
        "Acc": 60.119998931884766
      },
      "sports ball": {
        "IoU": 2.5199999809265137,
        "Acc": 57.45000076293946
      },
      "kite": {
        "IoU": 28.329999923706055,
        "Acc": 51.310001373291016
      },
      "baseball bat": {
        "IoU": 5.53000020980835,
        "Acc": 8.229999542236328
      },
      "baseball glove": {
        "IoU": 22.719999313354492,
        "Acc": 47.41999816894531
      },
      "skateboard": {
        "IoU": 17.389999389648438,
        "Acc": 54.11999893188476
      },
      "surfboard": {
        "IoU": 27.299999237060547,
        "Acc": 72.43000030517578
      },
      "tennis racket": {
        "IoU": 6.510000228881836,
        "Acc": 48.08000183105469
      },
      "bottle": {
        "IoU": 25.079999923706055,
        "Acc": 53.310001373291016
      },
      "wine glass": {
        "IoU": 30.709999084472656,
        "Acc": 71.30999755859375
      },
      "cup": {
        "IoU": 17.34000015258789,
        "Acc": 24.729999542236328
      },
      "fork": {
        "IoU": 14.390000343322754,
        "Acc": 15.920000076293944
      },
      "knife": {
        "IoU": 4.820000171661377,
        "Acc": 6.320000171661377
      },
      "spoon": {
        "IoU": 18.6200008392334,
        "Acc": 32.09000015258789
      },
      "bowl": {
        "IoU": 12.369999885559082,
        "Acc": 16.1299991607666
      },
      "banana": {
        "IoU": 36.619998931884766,
        "Acc": 46.04999923706055
      },
      "apple": {
        "IoU": 11.279999732971191,
        "Acc": 12.670000076293944
      },
      "sandwich": {
        "IoU": 13.239999771118164,
        "Acc": 14.279999732971191
      },
      "orange": {
        "IoU": 22.459999084472656,
        "Acc": 25.690000534057617
      },
      "broccoli": {
        "IoU": 9.710000038146973,
        "Acc": 10.34000015258789
      },
      "carrot": {
        "IoU": 25.6200008392334,
        "Acc": 26.399999618530273
      },
      "hot dog": {
        "IoU": 34.40999984741211,
        "Acc": 40.36000061035156
      },
      "pizza": {
        "IoU": 43.810001373291016,
        "Acc": 52.310001373291016
      },
      "donut": {
        "IoU": 50.02999877929688,
        "Acc": 54.43000030517579
      },
      "cake": {
        "IoU": 47.779998779296875,
        "Acc": 69.87999725341797
      },
      "chair": {
        "IoU": 14.670000076293945,
        "Acc": 15.90999984741211
      },
      "couch": {
        "IoU": 46.43000030517578,
        "Acc": 57.470001220703125
      },
      "potted plant": {
        "IoU": 8.859999656677246,
        "Acc": 11.670000076293945
      },
      "bed": {
        "IoU": 48.20000076293945,
        "Acc": 61.11000061035157
      },
      "dining table": {
        "IoU": 11.350000381469727,
        "Acc": 12.470000267028809
      },
      "toilet": {
        "IoU": 30.56999969482422,
        "Acc": 76.11000061035156
      },
      "tv": {
        "IoU": 28.889999389648434,
        "Acc": 36.650001525878906
      },
      "laptop": {
        "IoU": 43.47999954223633,
        "Acc": 64.61000061035156
      },
      "mouse": {
        "IoU": 20.6299991607666,
        "Acc": 43.209999084472656
      },
      "remote": {
        "IoU": 14.640000343322754,
        "Acc": 66.30000305175781
      },
      "keyboard": {
        "IoU": 39.349998474121094,
        "Acc": 58.799999237060554
      },
      "cell phone": {
        "IoU": 32.77000045776367,
        "Acc": 57.9900016784668
      },
      "microwave": {
        "IoU": 23.06999969482422,
        "Acc": 29.649999618530277
      },
      "oven": {
        "IoU": 24.200000762939453,
        "Acc": 70.2300033569336
      },
      "toaster": {
        "IoU": 20.34000015258789,
        "Acc": 52.15999984741211
      },
      "sink": {
        "IoU": 31.260000228881836,
        "Acc": 55.130001068115234
      },
      "refrigerator": {
        "IoU": 49.18000030517578,
        "Acc": 61.65999984741211
      },
      "book": {
        "IoU": 28.219999313354492,
        "Acc": 32.65999984741211
      },
      "clock": {
        "IoU": 42.86000061035156,
        "Acc": 83.08000183105469
      },
      "vase": {
        "IoU": 29.469999313354496,
        "Acc": 55.33000183105469
      },
      "scissors": {
        "IoU": 51.13999938964844,
        "Acc": 62.709999084472656
      },
      "teddy bear": {
        "IoU": 62.389999389648445,
        "Acc": 75.41000366210938
      },
      "hair drier": {
        "IoU": 1.8799999952316282,
        "Acc": 14.770000457763672
      },
      "toothbrush": {
        "IoU": 24.920000076293945,
        "Acc": 55.15999984741211
      },
      "banner": {
        "IoU": 2.0999999046325684,
        "Acc": 74.7699966430664
      },
      "blanket": {
        "IoU": 6.269999980926514,
        "Acc": 19.299999237060547
      },
      "branch": {
        "IoU": 6.349999904632568,