{
  "validation_mode": "full",
  "validation_config": {
    "proxy_subset_size": 300,
    "proxy_seed": 4,
    "proxy_inference_mode": "whole",
    "full_eval_top_k": 3
  },
  "coco_stuff": {
    "validation_mode": "full",
    "used_inference_mode": "slide",
    "summary": {
      "mIoU": 24.27,
      "mAcc": 41.16,
      "aAcc": 38.72
    },
    "proxy_summary": null,
    "full_summary": {
      "mIoU": 24.27,
      "mAcc": 41.16,
      "aAcc": 38.72
    },
    "per_class": {
      "person": {
        "IoU": 13.52999973297119,
        "Acc": 14.199999809265137
      },
      "bicycle": {
        "IoU": 51.83000183105469,
        "Acc": 84.05000305175781
      },
      "car": {
        "IoU": 43.09000015258789,
        "Acc": 75.0199966430664
      },
      "motorcycle": {
        "IoU": 66.33999633789062,
        "Acc": 88.91000366210938
      },
      "airplane": {
        "IoU": 41.119998931884766,
        "Acc": 90.37000274658203
      },
      "bus": {
        "IoU": 62.74999999999999,
        "Acc": 84.48999786376953
      },
      "train": {
        "IoU": 55.689998626708984,
        "Acc": 71.83999633789062
      },
      "truck": {
        "IoU": 38.22999954223633,
        "Acc": 47.91999816894531
      },
      "boat": {
        "IoU": 33.400001525878906,
        "Acc": 81.66000366210938
      },
      "traffic light": {
        "IoU": 21.059999465942383,
        "Acc": 69.55000305175781
      },
      "fire hydrant": {
        "IoU": 54.91999816894532,
        "Acc": 82.31999969482422
      },
      "stop sign": {
        "IoU": 60.74000167846679,
        "Acc": 90.83999633789062
      },
      "parking meter": {
        "IoU": 27.989999771118164,
        "Acc": 36.0099983215332
      },
      "bench": {
        "IoU": 36.25,
        "Acc": 46.34000015258789
      },
      "bird": {
        "IoU": 53.4099998474121,
        "Acc": 85.94000244140625
      },
      "cat": {
        "IoU": 69.72000122070312,
        "Acc": 88.27999877929688
      },
      "dog": {
        "IoU": 61.54999923706055,
        "Acc": 82.58000183105469
      },
      "horse": {
        "IoU": 61.130001068115234,
        "Acc": 87.1500015258789
      },
      "sheep": {
        "IoU": 73.66000366210938,
        "Acc": 90.2300033569336
      },
      "cow": {
        "IoU": 65.56999969482422,
        "Acc": 82.87000274658203
      },
      "elephant": {
        "IoU": 80.44999694824219,
        "Acc": 92.33999633789062
      },
      "bear": {
        "IoU": 79.3499984741211,
        "Acc": 89.9800033569336
      },
      "zebra": {
        "IoU": 78.18000030517578,
        "Acc": 93.18000030517578
      },
      "giraffe": {
        "IoU": 47.97999954223633,
        "Acc": 89.77999877929688
      },
      "backpack": {
        "IoU": 7.880000114440917,
        "Acc": 55.29000091552735
      },
      "umbrella": {
        "IoU": 32.56999969482422,
        "Acc": 70.0199966430664
      },
      "handbag": {
        "IoU": 8.59000015258789,
        "Acc": 11.270000457763672
      },
      "tie": {
        "IoU": 1.1200000047683716,
        "Acc": 54.83000183105469
      },
      "suitcase": {
        "IoU": 46.43000030517578,
        "Acc": 53.13999938964844
      },
      "frisbee": {
        "IoU": 11.470000267028809,
        "Acc": 49.38999938964844
      },
      "skis": {
        "IoU": 7.119999885559082,
        "Acc": 54.79999923706055
      },
      "snowboard": {
        "IoU": 13.46000003814697,
        "Acc": 61.90000152587891
      },
      "sports ball": {
        "IoU": 2.4200000762939453,
        "Acc": 56.360000610351555
      },
      "kite": {
        "IoU": 28.559999465942383,
        "Acc": 51.59999847412109
      },
      "baseball bat": {
        "IoU": 6.21999979019165,
        "Acc": 8.539999961853027
      },
      "baseball glove": {
        "IoU": 21.260000228881836,
        "Acc": 45.209999084472656
      },
      "skateboard": {
        "IoU": 16.889999389648438,
        "Acc": 53.75
      },
      "surfboard": {
        "IoU": 28.799999237060547,
        "Acc": 70.95999908447266
      },
      "tennis racket": {
        "IoU": 6.389999866485596,
        "Acc": 46.459999084472656
      },
      "bottle": {
        "IoU": 24.920000076293945,
        "Acc": 53.11999893188477
      },
      "wine glass": {
        "IoU": 29.84000015258789,
        "Acc": 72.05999755859375
      },
      "cup": {
        "IoU": 16.93000030517578,
        "Acc": 24.1299991607666
      },
      "fork": {
        "IoU": 11.699999809265137,
        "Acc": 12.699999809265137
      },
      "knife": {
        "IoU": 4.690000057220459,
        "Acc": 6.03000020980835
      },
      "spoon": {
        "IoU": 19.639999389648438,
        "Acc": 31.309999465942383
      },
      "bowl": {
        "IoU": 12.569999694824219,
        "Acc": 16.450000762939453
      },
      "banana": {
        "IoU": 36.84000015258789,
        "Acc": 46.43000030517578
      },
      "apple": {
        "IoU": 11.350000381469727,
        "Acc": 12.770000457763672
      },
      "sandwich": {
        "IoU": 13.579999923706055,
        "Acc": 14.63000011444092
      },
      "orange": {
        "IoU": 22.639999389648438,
        "Acc": 25.959999084472656
      },
      "broccoli": {
        "IoU": 8.880000114440918,
        "Acc": 9.5
      },
      "carrot": {
        "IoU": 23.219999313354492,
        "Acc": 23.809999465942383
      },
      "hot dog": {
        "IoU": 34.599998474121094,
        "Acc": 40.70000076293945
      },
      "pizza": {
        "IoU": 44.20000076293945,
        "Acc": 52.52000045776367
      },
      "donut": {
        "IoU": 49.66999816894531,
        "Acc": 53.91999816894531
      },
      "cake": {
        "IoU": 47.849998474121094,
        "Acc": 69.44000244140625
      },
      "chair": {
        "IoU": 14.609999656677248,
        "Acc": 15.800000190734863
      },
      "couch": {
        "IoU": 46.5099983215332,
        "Acc": 57.400001525878906
      },
      "potted plant": {
        "IoU": 8.640000343322754,
        "Acc": 11.600000381469727
      },
      "bed": {
        "IoU": 48.97999954223633,
        "Acc": 62.33000183105468
      },
      "dining table": {
        "IoU": 11.300000190734863,
        "Acc": 12.359999656677246
      },
      "toilet": {
        "IoU": 30.899999618530273,
        "Acc": 75.7300033569336
      },
      "tv": {
        "IoU": 28.469999313354492,
        "Acc": 35.880001068115234
      },
      "laptop": {
        "IoU": 43.83000183105469,
        "Acc": 64.9000015258789
      },
      "mouse": {
        "IoU": 21.149999618530273,
        "Acc": 43.849998474121094
      },
      "remote": {
        "IoU": 14.970000267028807,
        "Acc": 68.08000183105469
      },
      "keyboard": {
        "IoU": 39.97999954223633,
        "Acc": 58.77000045776367
      },
      "cell phone": {
        "IoU": 33.56999969482422,
        "Acc": 58.31000137329102
      },
      "microwave": {
        "IoU": 23.350000381469727,
        "Acc": 30.25
      },
      "oven": {
        "IoU": 24.40999984741211,
        "Acc": 70.19000244140625
      },
      "toaster": {
        "IoU": 20.200000762939453,
        "Acc": 51.5099983215332
      },
      "sink": {
        "IoU": 31.360000610351562,
        "Acc": 55.27000045776367
      },
      "refrigerator": {
        "IoU": 48.970001220703125,
        "Acc": 60.97999954223633
      },
      "book": {
        "IoU": 27.6200008392334,
        "Acc": 31.959999084472656
      },
      "clock": {
        "IoU": 43.29999923706055,
        "Acc": 82.55000305175781
      },
      "vase": {
        "IoU": 29.100000381469727,
        "Acc": 54.50000000000001
      },
      "scissors": {
        "IoU": 50.09000015258789,
        "Acc": 61.1599998474121
      },
      "teddy bear": {
        "IoU": 62.7400016784668,
        "Acc": 76.0
      },
      "hair drier": {
        "IoU": 2.2799999713897705,
        "Acc": 18.010000228881836
      },
      "toothbrush": {
        "IoU": 24.049999237060547,