{
  "model_key": "deeplabv3plus_r50_d8",
  "dataset_key": "voc",
  "data_root": "/home/yuhe/slicetune/deeplab/research/deeplab/datasets/pascal_voc_seg/VOCdevkit/VOC2012",
  "candidate_id": "voc_train_aug_rare_class_coverage_matched_random_2000_seed0",
  "subset_manifest": "/home/yuhe/slicetune/clip_dinoiser/artifacts/voc_train_aug_feature_prep_strict_seed0/manifests/voc_train_aug_rare_class_coverage_matched_random_2000_seed0.json",
  "full_train_split_used": false,
  "seed": 0,
  "config": {
    "max_iters": 1000,
    "crop_size": 512,
    "samples_per_gpu": 4,
    "workers_per_gpu": 2,
    "val_workers_per_gpu": 2,
    "launcher": "pytorch",
    "dist_backend": "nccl",
    "gpu_collect": false
  },
  "subset_size": 2000,
  "metrics": {
    "validation_mode": "full",
    "used_inference_mode": "whole",
    "summary": {
      "mIoU": 41.34,
      "mAcc": 60.370000000000005,
      "aAcc": 85.46
    },
    "proxy_summary": null,
    "full_summary": {
      "mIoU": 41.34,
      "mAcc": 60.370000000000005,
      "aAcc": 85.46
    },
    "per_class": {
      "background": {
        "IoU": 88.08999633789062,
        "Acc": 93.9000015258789
      },
      "aeroplane": {
        "IoU": 69.8499984741211,
        "Acc": 93.55000305175781
      },
      "bicycle": {
        "IoU": 25.979999542236325,
        "Acc": 85.26000213623047
      },
      "bird": {
        "IoU": 78.12999725341797,
        "Acc": 90.44000244140625
      },
      "boat": {
        "IoU": 44.86000061035156,
        "Acc": 83.01000213623047
      },
      "bottle": {
        "IoU": 62.9000015258789,
        "Acc": 87.27999877929688
      },
      "bus": {
        "IoU": 0.0,
        "Acc": 0.0
      },
      "car": {
        "IoU": 41.130001068115234,
        "Acc": 87.2699966430664
      },
      "cat": {
        "IoU": 73.31999969482422,
        "Acc": 89.94000244140625
      },
      "chair": {
        "IoU": 0.0,
        "Acc": 0.0
      },
      "cow": {
        "IoU": 0.0,
        "Acc": 0.0
      },
      "dining table": {
        "IoU": 0.0,
        "Acc": 0.0
      },
      "dog": {
        "IoU": 49.689998626708984,
        "Acc": 56.400001525878906
      },
      "horse": {
        "IoU": 31.110000610351562,
        "Acc": 93.06999969482422
      },
      "motorbike": {
        "IoU": 73.25,
        "Acc": 86.87000274658203
      },
      "person": {
        "IoU": 71.31999969482422,
        "Acc": 84.13999938964844
      },
      "potted plant": {
        "IoU": 19.700000762939453,
        "Acc": 24.649999618530273
      },
      "sheep": {
        "IoU": 0.0,
        "Acc": 0.0
      },
      "sofa": {
        "IoU": 29.40999984741211,
        "Acc": 45.439998626708984
      },
      "train": {
        "IoU": 66.66999816894531,
        "Acc": 86.33000183105469
      },
      "tvmonitor": {
        "IoU": 42.7400016784668,
        "Acc": 80.12999725341797
      }
    }
  },
  "timing": {
    "subset_size": 2000,
    "started_at": "2026-04-19T03:41:50.049770+00:00",
    "finished_at": "2026-04-19T03:47:05.474971+00:00",
    "train_seconds": 290.832,
    "eval_seconds": 22.104,
    "total_seconds": 315.425
  }
}