{
  "validation_mode": "full",
  "validation_config": {
    "proxy_subset_size": 300,
    "proxy_seed": 3,
    "proxy_inference_mode": "whole",
    "full_eval_top_k": 3
  },
  "coco_stuff": {
    "validation_mode": "full",
    "used_inference_mode": "slide",
    "summary": {
      "mIoU": 24.29,
      "mAcc": 41.15,
      "aAcc": 38.64
    },
    "proxy_summary": null,
    "full_summary": {
      "mIoU": 24.29,
      "mAcc": 41.15,
      "aAcc": 38.64
    },
    "per_class": {
      "person": {
        "IoU": 13.25,
        "Acc": 13.899999618530273
      },
      "bicycle": {
        "IoU": 52.549999237060554,
        "Acc": 83.9000015258789
      },
      "car": {
        "IoU": 43.36000061035156,
        "Acc": 75.81999969482422
      },
      "motorcycle": {
        "IoU": 66.16000366210938,
        "Acc": 88.81999969482422
      },
      "airplane": {
        "IoU": 40.970001220703125,
        "Acc": 89.06999969482422
      },
      "bus": {
        "IoU": 62.790000915527344,
        "Acc": 84.19999694824219
      },
      "train": {
        "IoU": 55.080001831054695,
        "Acc": 70.61000061035156
      },
      "truck": {
        "IoU": 37.959999084472656,
        "Acc": 47.439998626708984
      },
      "boat": {
        "IoU": 33.33000183105469,
        "Acc": 81.01000213623047
      },
      "traffic light": {
        "IoU": 21.809999465942383,
        "Acc": 70.06999969482422
      },
      "fire hydrant": {
        "IoU": 55.2400016784668,
        "Acc": 82.52999877929688
      },
      "stop sign": {
        "IoU": 61.02999877929688,
        "Acc": 90.2300033569336
      },
      "parking meter": {
        "IoU": 27.799999237060547,
        "Acc": 35.689998626708984
      },
      "bench": {
        "IoU": 35.810001373291016,
        "Acc": 45.689998626708984
      },
      "bird": {
        "IoU": 53.810001373291016,
        "Acc": 86.16000366210938
      },
      "cat": {
        "IoU": 69.45999908447266,
        "Acc": 88.37000274658203
      },
      "dog": {
        "IoU": 61.720001220703125,
        "Acc": 82.54000091552734
      },
      "horse": {
        "IoU": 61.189998626708984,
        "Acc": 86.55000305175781
      },
      "sheep": {
        "IoU": 73.31999969482422,
        "Acc": 90.2699966430664
      },
      "cow": {
        "IoU": 64.94999694824219,
        "Acc": 81.80999755859375
      },
      "elephant": {
        "IoU": 80.70999908447266,
        "Acc": 92.36000061035156
      },
      "bear": {
        "IoU": 78.98999786376953,
        "Acc": 90.16999816894531
      },
      "zebra": {
        "IoU": 77.94999694824219,
        "Acc": 92.63999938964844
      },
      "giraffe": {
        "IoU": 48.2599983215332,
        "Acc": 89.19000244140625
      },
      "backpack": {
        "IoU": 7.809999942779541,
        "Acc": 55.91999816894532
      },
      "umbrella": {
        "IoU": 33.060001373291016,
        "Acc": 70.19000244140625
      },
      "handbag": {
        "IoU": 8.180000305175781,
        "Acc": 10.819999694824219
      },
      "tie": {
        "IoU": 1.0,
        "Acc": 48.369998931884766
      },
      "suitcase": {
        "IoU": 46.380001068115234,
        "Acc": 53.779998779296875
      },
      "frisbee": {
        "IoU": 11.710000038146973,
        "Acc": 49.4900016784668
      },
      "skis": {
        "IoU": 7.579999923706055,
        "Acc": 56.16999816894531
      },
      "snowboard": {
        "IoU": 13.77999973297119,
        "Acc": 62.369998931884766
      },
      "sports ball": {
        "IoU": 2.5199999809265137,
        "Acc": 57.31000137329102
      },
      "kite": {
        "IoU": 29.219999313354496,
        "Acc": 50.630001068115234
      },
      "baseball bat": {
        "IoU": 6.110000133514404,
        "Acc": 9.1899995803833
      },
      "baseball glove": {
        "IoU": 20.989999771118164,
        "Acc": 45.779998779296875
      },
      "skateboard": {
        "IoU": 17.780000686645508,
        "Acc": 53.99000167846679
      },
      "surfboard": {
        "IoU": 30.790000915527344,
        "Acc": 71.94999694824219
      },
      "tennis racket": {
        "IoU": 6.429999828338623,
        "Acc": 47.56999969482422
      },
      "bottle": {
        "IoU": 24.8799991607666,
        "Acc": 53.599998474121094
      },
      "wine glass": {
        "IoU": 30.530000686645508,
        "Acc": 71.93000030517578
      },
      "cup": {
        "IoU": 17.350000381469727,
        "Acc": 24.5
      },
      "fork": {
        "IoU": 13.72999954223633,
        "Acc": 15.050000190734863
      },
      "knife": {
        "IoU": 5.320000171661377,
        "Acc": 7.059999942779541
      },
      "spoon": {
        "IoU": 18.68000030517578,
        "Acc": 32.220001220703125
      },
      "bowl": {
        "IoU": 12.079999923706055,
        "Acc": 15.75
      },
      "banana": {
        "IoU": 38.45000076293945,
        "Acc": 48.189998626708984
      },
      "apple": {
        "IoU": 11.569999694824219,
        "Acc": 13.0
      },
      "sandwich": {
        "IoU": 13.640000343322752,
        "Acc": 14.739999771118164
      },
      "orange": {
        "IoU": 22.459999084472656,
        "Acc": 25.690000534057617
      },
      "broccoli": {
        "IoU": 10.619999885559082,
        "Acc": 11.270000457763672
      },
      "carrot": {
        "IoU": 23.329999923706055,
        "Acc": 24.06999969482422
      },
      "hot dog": {
        "IoU": 34.47999954223633,
        "Acc": 40.689998626708984
      },
      "pizza": {
        "IoU": 43.849998474121094,
        "Acc": 52.049999237060554
      },
      "donut": {
        "IoU": 50.119998931884766,
        "Acc": 54.34000015258788
      },
      "cake": {
        "IoU": 47.77000045776367,
        "Acc": 69.58000183105469
      },
      "chair": {
        "IoU": 14.729999542236328,
        "Acc": 15.920000076293944
      },
      "couch": {
        "IoU": 46.29999923706055,
        "Acc": 57.540000915527344
      },
      "potted plant": {
        "IoU": 8.619999885559082,
        "Acc": 11.529999732971191
      },
      "bed": {
        "IoU": 48.779998779296875,
        "Acc": 61.779998779296875
      },
      "dining table": {
        "IoU": 10.699999809265137,
        "Acc": 11.710000038146973
      },
      "toilet": {
        "IoU": 30.75,
        "Acc": 76.13999938964844
      },
      "tv": {
        "IoU": 28.700000762939453,
        "Acc": 36.20000076293945
      },
      "laptop": {
        "IoU": 43.650001525878906,
        "Acc": 65.1500015258789
      },
      "mouse": {
        "IoU": 20.020000457763672,
        "Acc": 41.15999984741211
      },
      "remote": {
        "IoU": 14.300000190734863,
        "Acc": 67.3499984741211
      },
      "keyboard": {
        "IoU": 38.31999969482422,
        "Acc": 57.52000045776368
      },
      "cell phone": {
        "IoU": 32.95000076293945,
        "Acc": 58.040000915527344
      },
      "microwave": {
        "IoU": 23.489999771118164,
        "Acc": 30.21999931335449
      },
      "oven": {
        "IoU": 24.260000228881836,
        "Acc": 70.5
      },
      "toaster": {
        "IoU": 20.030000686645508,
        "Acc": 51.36000061035156
      },
      "sink": {
        "IoU": 30.25,
        "Acc": 53.68999862670898
      },
      "refrigerator": {
        "IoU": 49.18000030517578,
        "Acc": 61.56999969482422
      },
      "book": {
        "IoU": 27.680000305175785,
        "Acc": 32.189998626708984
      },
      "clock": {
        "IoU": 43.70000076293945,
        "Acc": 82.83999633789062
      },
      "vase": {
        "IoU": 28.930000305175778,
        "Acc": 54.52000045776367
      },
      "scissors": {
        "IoU": 51.22999954223633,
        "Acc": 62.2400016784668
      },
      "teddy bear": {
        "IoU": 63.08000183105469,
        "Acc": 75.6500015258789
      },
      "hair drier": {
        "IoU": 1.8099999427795408,
        "Acc": 14.72000026702881
      },
      "toothbrush": {
        "IoU": 24.059999465942383,