{
  "input_shape": [
    500,
    210
  ],
  "input_all_finite": true,
  "membership_row_sum_min": 0.9999999999999999,
  "membership_row_sum_max": 1.0,
  "log_likelihood_trace": [
    273305.5759084398,
    309188.7271543342,
    312942.26145639195,
    314420.8652551271,
    315082.18523147004,
    315836.79220079805,
    316246.46898318396,
    316586.5343323405,
    316755.0408922663,
    316890.15303079697,
    316997.83525330207,
    317067.35947384854,
    317129.86879579956,
    317159.19462480117,
    317162.34420745104,
    317173.7829368983,
    317205.3678992324,
    317246.9321361281,
    317264.0306023036,
    317268.51972749556,
    317290.68535751966,
    317304.29049513466,
    317314.5375742676,
    317330.6344882698,
    317383.83671731106,
    317498.74259370606,
    317591.99682058464,
    317657.5783784801,
    317743.6360438693,
    317785.4703979868,
    317794.6418785964,
    317797.07058649167,
    317800.10074964486,
    317800.1062970601,
    317800.1062970714
  ],
  "finder": "gmm",
  "num_slices": 8,
  "input_matrix_shape": [
    500,
    210
  ],
  "hard_assignment_counts": [
    87,
    85,
    58,
    26,
    63,
    57,
    114,
    10
  ],
  "slice_weights": [
    0.17400048673152924,
    0.1700000762939453,
    0.11600006371736526,
    0.052000001072883606,
    0.12599991261959076,
    0.11400134116411209,
    0.22799812257289886,
    0.019999999552965164
  ]
}