{
  "baseline_mixture": [
    0.16359728574752808,
    0.12088516354560852,
    0.11645808815956116,
    0.15111605823040009,
    0.1205381378531456,
    0.09239541739225388,
    0.09649137407541275,
    0.13851848244667053
  ],
  "target_mixture": [
    0.16359728574752808,
    0.12088516354560852,
    0.11645808815956116,
    0.051116056740283966,
    0.1205381378531456,
    0.09239541739225388,
    0.09649137407541275,
    0.23851847648620605
  ],
  "delta_q": [
    0.0,
    0.0,
    0.0,
    -0.10000000149011612,
    0.0,
    0.0,
    0.0,
    0.10000000149011612
  ],
  "predicted_gain_mean": 0.04337363799551017,
  "predicted_gain_std": 0.009183431271195187,
  "risk_adjusted_score": 0.034190206724314984,
  "rationale": {
    "donors": [
      3
    ],
    "receivers": [
      7
    ],
    "amplitude": 0.1,
    "pair_selector": "portrait_diversity"
  },
  "execution": {
    "expected_slice_quotas": [
      164,
      121,
      116,
      51,
      121,
      92,
      96,
      239
    ],
    "max_weight_sample_id": "images/train2017/000000000164.jpg"
  }
}