{"seed": 0, "dataset_key": "voc", "data_root": "/home/yuhe/slicetune/deeplab/research/deeplab/datasets/pascal_voc_seg/VOCdevkit/VOC2012", "subset_manifest": null, "subset_size": 10582, "model_key": "deeplabv3plus_r50_d8"}
{"mode": "train", "epoch": 1, "iter": 20, "lr": 0.00983, "memory": 7577, "data_time": 0.00848, "decode.loss_ce": 1.49627, "decode.acc_seg": 58.96285, "aux.loss_ce": 0.65209, "aux.acc_seg": 58.01141, "loss": 2.14836, "time": 0.41151}
{"mode": "train", "epoch": 1, "iter": 40, "lr": 0.00965, "memory": 7577, "data_time": 0.00457, "decode.loss_ce": 1.20527, "decode.acc_seg": 64.81812, "aux.loss_ce": 0.48308, "aux.acc_seg": 64.81745, "loss": 1.68835, "time": 0.26469}
{"mode": "train", "epoch": 1, "iter": 60, "lr": 0.00947, "memory": 7577, "data_time": 0.00457, "decode.loss_ce": 1.12512, "decode.acc_seg": 63.88794, "aux.loss_ce": 0.45078, "aux.acc_seg": 63.45872, "loss": 1.5759, "time": 0.27724}
{"mode": "train", "epoch": 1, "iter": 80, "lr": 0.00929, "memory": 7577, "data_time": 0.00464, "decode.loss_ce": 0.92171, "decode.acc_seg": 70.64681, "aux.loss_ce": 0.37904, "aux.acc_seg": 68.96773, "loss": 1.30075, "time": 0.26558}
{"mode": "train", "epoch": 1, "iter": 100, "lr": 0.00911, "memory": 7577, "data_time": 0.00453, "decode.loss_ce": 0.99589, "decode.acc_seg": 68.12452, "aux.loss_ce": 0.4336, "aux.acc_seg": 64.30266, "loss": 1.42949, "time": 0.28531}
{"mode": "train", "epoch": 1, "iter": 120, "lr": 0.00893, "memory": 7577, "data_time": 0.00474, "decode.loss_ce": 1.00531, "decode.acc_seg": 66.28336, "aux.loss_ce": 0.4552, "aux.acc_seg": 62.80964, "loss": 1.4605, "time": 0.27104}
{"mode": "train", "epoch": 1, "iter": 140, "lr": 0.00875, "memory": 7577, "data_time": 0.00469, "decode.loss_ce": 0.98322, "decode.acc_seg": 68.23971, "aux.loss_ce": 0.43831, "aux.acc_seg": 65.85585, "loss": 1.42153, "time": 0.27244}
{"mode": "train", "epoch": 1, "iter": 160, "lr": 0.00857, "memory": 7577, "data_time": 0.00476, "decode.loss_ce": 0.8708, "decode.acc_seg": 69.58091, "aux.loss_ce": 0.39659, "aux.acc_seg": 67.55623, "loss": 1.26739, "time": 0.27676}
{"mode": "train", "epoch": 1, "iter": 180, "lr": 0.00839, "memory": 7577, "data_time": 0.00472, "decode.loss_ce": 0.82045, "decode.acc_seg": 70.31471, "aux.loss_ce": 0.37703, "aux.acc_seg": 68.10388, "loss": 1.19748, "time": 0.27219}
{"mode": "train", "epoch": 1, "iter": 200, "lr": 0.00821, "memory": 7577, "data_time": 0.00473, "decode.loss_ce": 0.79089, "decode.acc_seg": 72.6064, "aux.loss_ce": 0.3679, "aux.acc_seg": 69.39119, "loss": 1.15879, "time": 0.27421}
{"mode": "train", "epoch": 1, "iter": 220, "lr": 0.00803, "memory": 7577, "data_time": 0.00473, "decode.loss_ce": 0.82921, "decode.acc_seg": 72.48383, "aux.loss_ce": 0.39136, "aux.acc_seg": 68.72507, "loss": 1.22057, "time": 0.26179}
{"mode": "train", "epoch": 1, "iter": 240, "lr": 0.00784, "memory": 7577, "data_time": 0.00483, "decode.loss_ce": 0.76103, "decode.acc_seg": 74.13877, "aux.loss_ce": 0.37795, "aux.acc_seg": 69.58199, "loss": 1.13899, "time": 0.29542}
{"mode": "train", "epoch": 1, "iter": 260, "lr": 0.00766, "memory": 7577, "data_time": 0.00473, "decode.loss_ce": 0.78769, "decode.acc_seg": 74.09541, "aux.loss_ce": 0.37433, "aux.acc_seg": 72.13005, "loss": 1.16202, "time": 0.26085}
{"mode": "train", "epoch": 1, "iter": 280, "lr": 0.00748, "memory": 7577, "data_time": 0.00472, "decode.loss_ce": 0.81248, "decode.acc_seg": 71.18455, "aux.loss_ce": 0.3873, "aux.acc_seg": 69.50045, "loss": 1.19978, "time": 0.27945}
{"mode": "train", "epoch": 1, "iter": 300, "lr": 0.00729, "memory": 7577, "data_time": 0.00464, "decode.loss_ce": 0.70079, "decode.acc_seg": 75.92183, "aux.loss_ce": 0.34495, "aux.acc_seg": 72.75099, "loss": 1.04574, "time": 0.27228}
{"mode": "train", "epoch": 1, "iter": 320, "lr": 0.00711, "memory": 7577, "data_time": 0.00476, "decode.loss_ce": 0.65305, "decode.acc_seg": 78.36207, "aux.loss_ce": 0.33255, "aux.acc_seg": 73.95272, "loss": 0.9856, "time": 0.26863}
{"mode": "train", "epoch": 1, "iter": 340, "lr": 0.00692, "memory": 7577, "data_time": 0.00472, "decode.loss_ce": 0.66203, "decode.acc_seg": 75.28086, "aux.loss_ce": 0.35361, "aux.acc_seg": 70.59624, "loss": 1.01564, "time": 0.26584}
{"mode": "train", "epoch": 1, "iter": 360, "lr": 0.00673, "memory": 7577, "data_time": 0.00475, "decode.loss_ce": 0.78959, "decode.acc_seg": 71.18707, "aux.loss_ce": 0.40048, "aux.acc_seg": 66.23648, "loss": 1.19007, "time": 0.30656}
{"mode": "train", "epoch": 1, "iter": 380, "lr": 0.00655, "memory": 7577, "data_time": 0.00463, "decode.loss_ce": 0.66558, "decode.acc_seg": 74.77429, "aux.loss_ce": 0.36638, "aux.acc_seg": 69.60659, "loss": 1.03197, "time": 0.27472}
{"mode": "train", "epoch": 1, "iter": 400, "lr": 0.00636, "memory": 7577, "data_time": 0.00472, "decode.loss_ce": 0.66224, "decode.acc_seg": 74.46703, "aux.loss_ce": 0.36712, "aux.acc_seg": 69.10367, "loss": 1.02936, "time": 0.24833}
{"mode": "train", "epoch": 1, "iter": 420, "lr": 0.00617, "memory": 7577, "data_time": 0.00463, "decode.loss_ce": 0.65133, "decode.acc_seg": 77.09924, "aux.loss_ce": 0.34716, "aux.acc_seg": 72.3626, "loss": 0.99849, "time": 0.3055}
{"mode": "train", "epoch": 1, "iter": 440, "lr": 0.00598, "memory": 7577, "data_time": 0.00478, "decode.loss_ce": 0.49675, "decode.acc_seg": 79.07273, "aux.loss_ce": 0.30313, "aux.acc_seg": 73.23927, "loss": 0.79988, "time": 0.26254}
{"mode": "train", "epoch": 1, "iter": 460, "lr": 0.0058, "memory": 7577, "data_time": 0.00481, "decode.loss_ce": 0.61642, "decode.acc_seg": 77.11184, "aux.loss_ce": 0.35686, "aux.acc_seg": 69.27852, "loss": 0.97328, "time": 0.27894}
{"mode": "train", "epoch": 1, "iter": 480, "lr": 0.00561, "memory": 7577, "data_time": 0.00478, "decode.loss_ce": 0.61732, "decode.acc_seg": 77.18629, "aux.loss_ce": 0.37861, "aux.acc_seg": 68.12458, "loss": 0.99593, "time": 0.26735}
{"mode": "train", "epoch": 1, "iter": 500, "lr": 0.00541, "memory": 7577, "data_time": 0.00475, "decode.loss_ce": 0.5862, "decode.acc_seg": 79.10455, "aux.loss_ce": 0.34813, "aux.acc_seg": 71.73052, "loss": 0.93433, "time": 0.28881}
{"mode": "train", "epoch": 1, "iter": 520, "lr": 0.00522, "memory": 7577, "data_time": 0.00465, "decode.loss_ce": 0.5405, "decode.acc_seg": 80.81041, "aux.loss_ce": 0.31663, "aux.acc_seg": 74.49726, "loss": 0.85713, "time": 0.27559}
{"mode": "train", "epoch": 1, "iter": 540, "lr": 0.00503, "memory": 7577, "data_time": 0.00462, "decode.loss_ce": 0.60066, "decode.acc_seg": 77.91006, "aux.loss_ce": 0.36595, "aux.acc_seg": 70.79193, "loss": 0.96661, "time": 0.24465}
{"mode": "train", "epoch": 1, "iter": 560, "lr": 0.00484, "memory": 7577, "data_time": 0.00467, "decode.loss_ce": 0.60471, "decode.acc_seg": 77.08221, "aux.loss_ce": 0.36634, "aux.acc_seg": 69.87316, "loss": 0.97106, "time": 0.30337}
{"mode": "train", "epoch": 1, "iter": 580, "lr": 0.00464, "memory": 7577, "data_time": 0.00473, "decode.loss_ce": 0.61753, "decode.acc_seg": 78.88335, "aux.loss_ce": 0.36026, "aux.acc_seg": 70.52051, "loss": 0.97779, "time": 0.27417}
{"mode": "train", "epoch": 1, "iter": 600, "lr": 0.00445, "memory": 7577, "data_time": 0.00478, "decode.loss_ce": 0.57523, "decode.acc_seg": 77.06388, "aux.loss_ce": 0.34925, "aux.acc_seg": 67.94905, "loss": 0.92448, "time": 0.26787}
{"mode": "train", "epoch": 1, "iter": 620, "lr": 0.00425, "memory": 7577, "data_time": 0.00482, "decode.loss_ce": 0.60019, "decode.acc_seg": 79.24117, "aux.loss_ce": 0.35163, "aux.acc_seg": 71.71015, "loss": 0.95183, "time": 0.29169}
{"mode": "train", "epoch": 1, "iter": 640, "lr": 0.00406, "memory": 7577, "data_time": 0.00456, "decode.loss_ce": 0.45914, "decode.acc_seg": 82.20985, "aux.loss_ce": 0.28946, "aux.acc_seg": 75.33895, "loss": 0.7486, "time": 0.26041}
{"mode": "train", "epoch": 1, "iter": 660, "lr": 0.00386, "memory": 7577, "data_time": 0.00465, "decode.loss_ce": 0.59964, "decode.acc_seg": 77.95138, "aux.loss_ce": 0.38343, "aux.acc_seg": 68.97127, "loss": 0.98307, "time": 0.28564}
{"mode": "train", "epoch": 1, "iter": 680, "lr": 0.00366, "memory": 7577,