{
  "coco_stuff": {
    "summary": {
      "mIoU": 24.3,
      "mAcc": 41.32,
      "aAcc": 38.59
    },
    "per_class": {
      "person": {
        "IoU": 13.109999656677246,
        "Acc": 13.72999954223633
      },
      "bicycle": {
        "IoU": 52.720001220703125,
        "Acc": 83.27999877929688
      },
      "car": {
        "IoU": 43.099998474121094,
        "Acc": 75.01000213623047
      },
      "motorcycle": {
        "IoU": 65.94000244140625,
        "Acc": 88.69999694824219
      },
      "airplane": {
        "IoU": 41.52000045776367,
        "Acc": 89.41000366210938
      },
      "bus": {
        "IoU": 63.060001373291016,
        "Acc": 84.4000015258789
      },
      "train": {
        "IoU": 55.0099983215332,
        "Acc": 70.19000244140625
      },
      "truck": {
        "IoU": 38.31999969482422,
        "Acc": 47.689998626708984
      },
      "boat": {
        "IoU": 32.84000015258789,
        "Acc": 80.94999694824219
      },
      "traffic light": {
        "IoU": 21.020000457763672,
        "Acc": 68.43000030517578
      },
      "fire hydrant": {
        "IoU": 54.8499984741211,
        "Acc": 82.70999908447266
      },
      "stop sign": {
        "IoU": 59.93999862670898,
        "Acc": 91.31999969482422
      },
      "parking meter": {
        "IoU": 28.61000061035156,
        "Acc": 36.63999938964844
      },
      "bench": {
        "IoU": 36.09000015258789,
        "Acc": 46.040000915527344
      },
      "bird": {
        "IoU": 54.61999893188476,
        "Acc": 86.4000015258789
      },
      "cat": {
        "IoU": 69.43000030517578,
        "Acc": 88.41000366210938
      },
      "dog": {
        "IoU": 61.2400016784668,
        "Acc": 82.23999786376953
      },
      "horse": {
        "IoU": 61.189998626708984,
        "Acc": 87.54000091552734
      },
      "sheep": {
        "IoU": 73.19000244140625,
        "Acc": 90.27999877929688
      },
      "cow": {
        "IoU": 65.06999969482422,
        "Acc": 82.93000030517578
      },
      "elephant": {
        "IoU": 80.48999786376953,
        "Acc": 92.95999908447266
      },
      "bear": {
        "IoU": 79.20999908447266,
        "Acc": 90.2300033569336
      },
      "zebra": {
        "IoU": 77.38999938964844,
        "Acc": 94.01000213623047
      },
      "giraffe": {
        "IoU": 47.72999954223633,
        "Acc": 90.01000213623047
      },
      "backpack": {
        "IoU": 7.920000076293945,
        "Acc": 56.310001373291016
      },
      "umbrella": {
        "IoU": 32.970001220703125,
        "Acc": 70.23999786376953
      },
      "handbag": {
        "IoU": 8.609999656677246,
        "Acc": 11.510000228881836
      },
      "tie": {
        "IoU": 1.1100000143051147,
        "Acc": 54.09000015258789
      },
      "suitcase": {
        "IoU": 46.08000183105469,
        "Acc": 53.36000061035156
      },
      "frisbee": {
        "IoU": 12.199999809265137,
        "Acc": 52.38999938964844
      },
      "skis": {
        "IoU": 7.619999885559083,
        "Acc": 55.15999984741211
      },
      "snowboard": {
        "IoU": 13.659999847412111,
        "Acc": 61.849998474121094
      },
      "sports ball": {
        "IoU": 2.5399999618530273,
        "Acc": 58.290000915527344
      },
      "kite": {
        "IoU": 29.51000022888184,
        "Acc": 51.08000183105469
      },
      "baseball bat": {
        "IoU": 5.809999942779541,
        "Acc": 8.529999732971191
      },
      "baseball glove": {
        "IoU": 22.729999542236328,
        "Acc": 47.790000915527344
      },
      "skateboard": {
        "IoU": 17.610000610351562,
        "Acc": 54.11999893188476
      },
      "surfboard": {
        "IoU": 28.510000228881836,
        "Acc": 72.37000274658203
      },
      "tennis racket": {
        "IoU": 6.53000020980835,
        "Acc": 48.2400016784668
      },
      "bottle": {
        "IoU": 25.110000610351562,
        "Acc": 53.049999237060554
      },
      "wine glass": {
        "IoU": 30.899999618530273,
        "Acc": 70.63999938964844
      },
      "cup": {
        "IoU": 17.290000915527344,
        "Acc": 24.649999618530273
      },
      "fork": {
        "IoU": 13.970000267028809,
        "Acc": 15.40999984741211
      },
      "knife": {
        "IoU": 4.800000190734863,
        "Acc": 6.25
      },
      "spoon": {
        "IoU": 18.829999923706055,
        "Acc": 32.4900016784668
      },
      "bowl": {
        "IoU": 12.239999771118164,
        "Acc": 15.9399995803833
      },
      "banana": {
        "IoU": 36.52000045776367,
        "Acc": 45.83000183105469
      },
      "apple": {
        "IoU": 11.239999771118164,
        "Acc": 12.649999618530272
      },
      "sandwich": {
        "IoU": 13.109999656677246,
        "Acc": 14.140000343322754
      },
      "orange": {
        "IoU": 22.40999984741211,
        "Acc": 25.709999084472656
      },
      "broccoli": {
        "IoU": 7.010000228881835,
        "Acc": 7.429999828338624
      },
      "carrot": {
        "IoU": 26.079999923706055,
        "Acc": 26.889999389648438
      },
      "hot dog": {
        "IoU": 34.18000030517578,
        "Acc": 39.9900016784668
      },
      "pizza": {
        "IoU": 44.040000915527344,
        "Acc": 52.849998474121094
      },
      "donut": {
        "IoU": 50.09000015258789,
        "Acc": 54.5099983215332
      },
      "cake": {
        "IoU": 47.77000045776367,
        "Acc": 70.25
      },
      "chair": {
        "IoU": 14.90999984741211,
        "Acc": 16.170000076293945
      },
      "couch": {
        "IoU": 46.4900016784668,
        "Acc": 57.930000305175774
      },
      "potted plant": {
        "IoU": 9.020000457763672,
        "Acc": 11.880000114440918
      },
      "bed": {
        "IoU": 48.52000045776367,
        "Acc": 61.86000061035156
      },
      "dining table": {
        "IoU": 11.369999885559082,
        "Acc": 12.489999771118164
      },
      "toilet": {
        "IoU": 30.790000915527344,
        "Acc": 76.2699966430664
      },
      "tv": {
        "IoU": 28.969999313354496,
        "Acc": 36.7599983215332
      },
      "laptop": {
        "IoU": 43.72999954223633,
        "Acc": 65.38999938964844
      },
      "mouse": {
        "IoU": 20.459999084472656,
        "Acc": 42.18000030517578
      },
      "remote": {
        "IoU": 14.619999885559082,
        "Acc": 66.41000366210938
      },
      "keyboard": {
        "IoU": 39.060001373291016,
        "Acc": 58.5900001525879
      },
      "cell phone": {
        "IoU": 32.59000015258789,
        "Acc": 57.740001678466804
      },
      "microwave": {
        "IoU": 23.190000534057617,
        "Acc": 29.65999984741211
      },
      "oven": {
        "IoU": 24.040000915527344,
        "Acc": 69.58999633789062
      },
      "toaster": {
        "IoU": 20.229999542236328,
        "Acc": 51.90999984741212
      },
      "sink": {
        "IoU": 31.06999969482422,
        "Acc": 54.84000015258788
      },
      "refrigerator": {
        "IoU": 49.38999938964844,
        "Acc": 61.70000076293945
      },
      "book": {
        "IoU": 27.88999938964844,
        "Acc": 32.41999816894531
      },
      "clock": {
        "IoU": 42.959999084472656,
        "Acc": 82.9000015258789
      },
      "vase": {
        "IoU": 29.350000381469727,
        "Acc": 55.95000076293945
      },
      "scissors": {
        "IoU": 51.33000183105468,
        "Acc": 62.790000915527344
      },
      "teddy bear": {
        "IoU": 62.380001068115234,
        "Acc": 75.5199966430664
      },
      "hair drier": {
        "IoU": 1.850000023841858,
        "Acc": 15.25
      },
      "toothbrush": {
        "IoU": 24.950000762939453,
        "Acc": 55.569999694824226
      },
      "banner": {
        "IoU": 2.119999885559082,
        "Acc": 75.4800033569336
      },
      "blanket": {
        "IoU": 6.170000076293945,
        "Acc": 19.139999389648438
      },
      "branch": {
        "IoU": 6.349999904632568,
        "Acc": 41.79999923706055
      },