{
  "image_rel": "images/train2017/000000000025.jpg",
  "annotation_rel": "annotations/train2017/000000000025_labelTrainIds.png",
  "shape": [
    8,
    16
  ],
  "row_labels": [
    "quality.laplacian",
    "quality.noise_pca",
    "quality.bga",
    "difficulty.small_ratio",
    "difficulty.visual_semantic_gap",
    "difficulty.empirical_iou",
    "coverage.knn_local_density",
    "coverage.prototype_distance"
  ],
  "group_slices": {
    "quality": [
      0,
      3
    ],
    "difficulty": [
      3,
      6
    ],
    "coverage": [
      6,
      8
    ]
  },
  "target_width": 16,
  "matrix": [
    [
      0.015384615398943424,
      0.004102563951164484,
      0.0009572649723850191,
      0.0016410256503149867,
      0.00013675200170837343,
      0.003418803447857499,
      0.0051282052882015705,
      0.0051282052882015705,
      0.0051282052882015705,
      0.016820518299937248,
      0.03179487586021423,
      0.06058118864893913,
      0.21928207576274872,
      0.3714188039302826,
      0.3868034780025482,
      0.16717948019504547
    ],
    [
      0.015384615398943424,
      0.0056068371050059795,
      0.001094016944989562,
      0.0016410253010690212,
      0.0076581197790801525,
      0.004786324687302113,
      0.004307691939175129,
      0.008752134628593922,
      0.023042738437652588,
      0.032410260289907455,
      0.07350429892539978,
      0.1595897227525711,
      0.30174359679222107,
      0.3585641086101532,
      0.2854701578617096,
      0.041025642305612564
    ],
    [
      0.39400774240493774,
      0.3614833950996399,
      0.32895904779434204,
      0.2536512017250061,
      0.17121276259422302,
      0.12149197608232498,
      0.0848582461476326,
      0.06013746187090874,
      0.04435137286782265,
      0.03215206414461136,
      0.024735109880566597,
      0.017962485551834106,
      0.012800686992704868,
      0.007932416163384914,
      0.004825314972549677,
      0.0017182130832225084
    ],
    [
      0.0,
      0.0,
      0.0,
      0.0,
      0.0,
      0.0,
      0.0,
      0.0,
      0.0,
      0.5,
      0.0,
      0.0,
      0.0,
      0.0,
      0.0,
      0.0
    ],
    [
      0.0,
      0.12222222983837128,
      0.08888888359069824,
      0.03333332762122154,
      0.1555555760860443,
      0.0555555559694767,
      0.06666665524244308,
      0.1666666716337204,
      0.1666666716337204,
      0.0666666254401207,
      0.055555593222379684,
      0.1666666716337204,
      0.1666666716337204,
      0.07777778804302216,
      0.0,
      0.0
    ],
    [
      0.5,
      0.2666666507720947,
      0.03333333134651184,
      0.06666666269302368,
      0.14444445073604584,
      0.2222222238779068,
      0.30000001192092896,
      0.24444447457790375,
      0.08888887614011765,
      0.0,
      0.0,
      0.0,
      0.0,
      0.0,
      0.0,
      0.0
    ],
    [
      0.11566312611103058,
      0.12573106586933136,
      0.1288427710533142,
      0.13222523033618927,
      0.13322065770626068,
      0.13578401505947113,
      0.13678628206253052,
      0.1373821496963501,
      0.1386447697877884,
      0.14027607440948486,
      0.1412421017885208,
      0.14176513254642487,
      0.14268159866333008,
      0.14353060722351074,
      0.14412838220596313,
      0.14512884616851807
    ],
    [
      0.132267564535141,
      0.24220634996891022,
      0.3090067207813263,
      0.3428210914134979,
      0.354208379983902,
      0.3665834963321686,
      0.39432692527770996,
      0.40757349133491516,
      0.42022037506103516,
      0.43795046210289,
      0.4424053430557251,
      0.46043968200683594,
      0.467960923910141,
      0.47314921021461487,
      0.4780716001987457,
      0.4816499650478363
    ]
  ]
}