{
  "validation_mode": "full",
  "validation_config": {
    "proxy_subset_size": 300,
    "proxy_seed": 0,
    "proxy_inference_mode": "whole",
    "full_eval_top_k": 3
  },
  "coco_stuff": {
    "validation_mode": "full",
    "used_inference_mode": "slide",
    "summary": {
      "mIoU": 23.52,
      "mAcc": 38.21,
      "aAcc": 34.45
    },
    "proxy_summary": null,
    "full_summary": {
      "mIoU": 23.52,
      "mAcc": 38.21,
      "aAcc": 34.45
    },
    "per_class": {
      "person": {
        "IoU": 9.510000228881836,
        "Acc": 9.800000190734863
      },
      "bicycle": {
        "IoU": 53.61999893188476,
        "Acc": 77.77999877929688
      },
      "car": {
        "IoU": 41.849998474121094,
        "Acc": 71.44999694824219
      },
      "motorcycle": {
        "IoU": 66.61000061035156,
        "Acc": 83.30000305175781
      },
      "airplane": {
        "IoU": 45.95000076293945,
        "Acc": 85.83000183105469
      },
      "bus": {
        "IoU": 63.52999877929687,
        "Acc": 80.79000091552734
      },
      "train": {
        "IoU": 56.400001525878906,
        "Acc": 68.19999694824219
      },
      "truck": {
        "IoU": 33.79999923706055,
        "Acc": 39.849998474121094
      },
      "boat": {
        "IoU": 33.459999084472656,
        "Acc": 79.55000305175781
      },
      "traffic light": {
        "IoU": 25.010000228881836,
        "Acc": 64.66999816894531
      },
      "fire hydrant": {
        "IoU": 55.04999923706054,
        "Acc": 76.51000213623047
      },
      "stop sign": {
        "IoU": 63.680000305175774,
        "Acc": 89.5
      },
      "parking meter": {
        "IoU": 25.649999618530273,
        "Acc": 32.09000015258789
      },
      "bench": {
        "IoU": 34.79999923706055,
        "Acc": 44.68000030517578
      },
      "bird": {
        "IoU": 55.11999893188476,
        "Acc": 86.6500015258789
      },
      "cat": {
        "IoU": 65.01000213623047,
        "Acc": 78.51000213623047
      },
      "dog": {
        "IoU": 55.540000915527344,
        "Acc": 75.81999969482422
      },
      "horse": {
        "IoU": 59.619998931884766,
        "Acc": 78.38999938964844
      },
      "sheep": {
        "IoU": 67.2699966430664,
        "Acc": 77.41000366210938
      },
      "cow": {
        "IoU": 63.63000106811524,
        "Acc": 81.33999633789062
      },
      "elephant": {
        "IoU": 81.19000244140625,
        "Acc": 90.37999725341797
      },
      "bear": {
        "IoU": 70.8499984741211,
        "Acc": 87.33000183105469
      },
      "zebra": {
        "IoU": 77.37000274658203,
        "Acc": 94.56999969482422
      },
      "giraffe": {
        "IoU": 46.0099983215332,
        "Acc": 84.38999938964844
      },
      "backpack": {
        "IoU": 9.460000038146973,
        "Acc": 49.36000061035156
      },
      "umbrella": {
        "IoU": 32.119998931884766,
        "Acc": 70.36000061035156
      },
      "handbag": {
        "IoU": 7.690000057220459,
        "Acc": 8.59000015258789
      },
      "tie": {
        "IoU": 0.9100000262260438,
        "Acc": 41.349998474121094
      },
      "suitcase": {
        "IoU": 43.540000915527344,
        "Acc": 48.04999923706055
      },
      "frisbee": {
        "IoU": 10.300000190734863,
        "Acc": 53.7400016784668
      },
      "skis": {
        "IoU": 8.649999618530273,
        "Acc": 50.669998168945305
      },
      "snowboard": {
        "IoU": 12.850000381469725,
        "Acc": 64.11000061035156
      },
      "sports ball": {
        "IoU": 6.28000020980835,
        "Acc": 56.58000183105468
      },
      "kite": {
        "IoU": 29.719999313354496,
        "Acc": 49.84000015258789
      },
      "baseball bat": {
        "IoU": 6.800000190734863,
        "Acc": 8.119999885559082
      },
      "baseball glove": {
        "IoU": 23.440000534057617,
        "Acc": 38.189998626708984
      },
      "skateboard": {
        "IoU": 19.469999313354492,
        "Acc": 54.33000183105469
      },
      "surfboard": {
        "IoU": 33.38999938964844,
        "Acc": 72.55999755859375
      },
      "tennis racket": {
        "IoU": 10.920000076293945,
        "Acc": 48.06999969482422
      },
      "bottle": {
        "IoU": 25.159999847412106,
        "Acc": 50.72999954223633
      },
      "wine glass": {
        "IoU": 32.97999954223633,
        "Acc": 67.93000030517578
      },
      "cup": {
        "IoU": 16.889999389648438,
        "Acc": 23.31999969482422
      },
      "fork": {
        "IoU": 14.600000381469727,
        "Acc": 16.239999771118164
      },
      "knife": {
        "IoU": 4.429999828338623,
        "Acc": 5.619999885559082
      },
      "spoon": {
        "IoU": 22.010000228881836,
        "Acc": 30.97999954223633
      },
      "bowl": {
        "IoU": 11.890000343322754,
        "Acc": 15.039999961853026
      },
      "banana": {
        "IoU": 44.20000076293945,
        "Acc": 55.7400016784668
      },
      "apple": {
        "IoU": 12.119999885559082,
        "Acc": 13.199999809265137
      },
      "sandwich": {
        "IoU": 20.639999389648438,
        "Acc": 22.829999923706055
      },
      "orange": {
        "IoU": 30.270000457763675,
        "Acc": 34.09000015258789
      },
      "broccoli": {
        "IoU": 8.15999984741211,
        "Acc": 8.619999885559082
      },
      "carrot": {
        "IoU": 29.229999542236328,
        "Acc": 30.100000381469727
      },
      "hot dog": {
        "IoU": 28.739999771118164,
        "Acc": 33.09000015258789
      },
      "pizza": {
        "IoU": 41.040000915527344,
        "Acc": 48.54999923706055
      },
      "donut": {
        "IoU": 55.689998626708984,
        "Acc": 61.41999816894531
      },
      "cake": {
        "IoU": 47.43000030517578,
        "Acc": 66.58000183105469
      },
      "chair": {
        "IoU": 14.38000011444092,
        "Acc": 15.470000267028809
      },
      "couch": {
        "IoU": 41.18000030517578,
        "Acc": 46.900001525878906
      },
      "potted plant": {
        "IoU": 9.050000190734863,
        "Acc": 10.180000305175781
      },
      "bed": {
        "IoU": 43.400001525878906,
        "Acc": 49.79999923706055
      },
      "dining table": {
        "IoU": 7.820000171661377,
        "Acc": 8.329999923706055
      },
      "toilet": {
        "IoU": 39.31999969482422,
        "Acc": 70.58999633789062
      },
      "tv": {
        "IoU": 27.8799991607666,
        "Acc": 34.04999923706055
      },
      "laptop": {
        "IoU": 41.29999923706055,
        "Acc": 56.61000061035156
      },
      "mouse": {
        "IoU": 17.34000015258789,
        "Acc": 43.439998626708984
      },
      "remote": {
        "IoU": 16.290000915527344,
        "Acc": 67.69000244140625
      },
      "keyboard": {
        "IoU": 39.599998474121094,
        "Acc": 61.849998474121094
      },
      "cell phone": {
        "IoU": 31.190000534057617,
        "Acc": 50.150001525878906
      },
      "microwave": {
        "IoU": 19.229999542236328,
        "Acc": 21.780000686645508
      },
      "oven": {
        "IoU": 25.78000068664551,
        "Acc": 63.990001678466804
      },
      "toaster": {
        "IoU": 23.09000015258789,
        "Acc": 50.97999954223633
      },
      "sink": {
        "IoU": 26.3700008392334,
        "Acc": 41.70000076293945
      },
      "refrigerator": {
        "IoU": 46.119998931884766,
        "Acc": 54.029998779296875
      },
      "book": {
        "IoU": 23.100000381469727,
        "Acc": 26.1200008392334
      },
      "clock": {
        "IoU": 44.97999954223633,
        "Acc": 80.5
      },
      "vase": {
        "IoU": 30.239999771118164,
        "Acc": 50.150001525878906
      },
      "scissors": {
        "IoU": 50.63999938964844,
        "Acc": 60.47999954223633
      },
      "teddy bear": {
        "IoU": 61.75000000000001,
        "Acc": 73.77999877929688
      },
      "hair drier": {
        "IoU": 0.5799999833106995,
        "Acc": 8.59000015258789
      },