{
  "coco_stuff": {
    "summary": {
      "mIoU": 24.3,
      "mAcc": 41.32,
      "aAcc": 38.57
    },
    "per_class": {
      "person": {
        "IoU": 13.020000457763672,
        "Acc": 13.640000343322752
      },
      "bicycle": {
        "IoU": 52.95000076293945,
        "Acc": 83.69000244140625
      },
      "car": {
        "IoU": 43.04999923706055,
        "Acc": 74.94000244140625
      },
      "motorcycle": {
        "IoU": 66.72000122070312,
        "Acc": 88.33999633789062
      },
      "airplane": {
        "IoU": 41.119998931884766,
        "Acc": 89.86000061035156
      },
      "bus": {
        "IoU": 62.91999816894531,
        "Acc": 84.47000122070312
      },
      "train": {
        "IoU": 55.22000122070313,
        "Acc": 70.54000091552734
      },
      "truck": {
        "IoU": 38.400001525878906,
        "Acc": 48.0
      },
      "boat": {
        "IoU": 32.59000015258789,
        "Acc": 80.91999816894531
      },
      "traffic light": {
        "IoU": 20.989999771118164,
        "Acc": 68.86000061035156
      },
      "fire hydrant": {
        "IoU": 54.86000061035157,
        "Acc": 83.02999877929688
      },
      "stop sign": {
        "IoU": 60.209999084472656,
        "Acc": 90.83999633789062
      },
      "parking meter": {
        "IoU": 28.420000076293945,
        "Acc": 36.2599983215332
      },
      "bench": {
        "IoU": 36.15999984741211,
        "Acc": 46.040000915527344
      },
      "bird": {
        "IoU": 54.11999893188476,
        "Acc": 86.08999633789062
      },
      "cat": {
        "IoU": 69.68000030517578,
        "Acc": 88.44000244140625
      },
      "dog": {
        "IoU": 61.20000076293945,
        "Acc": 82.33999633789062
      },
      "horse": {
        "IoU": 61.380001068115234,
        "Acc": 86.87999725341797
      },
      "sheep": {
        "IoU": 73.66000366210938,
        "Acc": 89.81999969482422
      },
      "cow": {
        "IoU": 65.5,
        "Acc": 82.3499984741211
      },
      "elephant": {
        "IoU": 80.62000274658203,
        "Acc": 92.52999877929688
      },
      "bear": {
        "IoU": 79.33000183105469,
        "Acc": 90.58999633789062
      },
      "zebra": {
        "IoU": 78.3499984741211,
        "Acc": 93.04000091552734
      },
      "giraffe": {
        "IoU": 47.75,
        "Acc": 88.91999816894531
      },
      "backpack": {
        "IoU": 7.940000057220459,
        "Acc": 56.619998931884766
      },
      "umbrella": {
        "IoU": 32.84000015258789,
        "Acc": 70.0999984741211
      },
      "handbag": {
        "IoU": 8.880000114440918,
        "Acc": 11.760000228881836
      },
      "tie": {
        "IoU": 1.1299999952316284,
        "Acc": 55.43000030517579
      },
      "suitcase": {
        "IoU": 46.38999938964844,
        "Acc": 53.68999862670898
      },
      "frisbee": {
        "IoU": 12.140000343322754,
        "Acc": 52.61999893188477
      },
      "skis": {
        "IoU": 7.940000057220459,
        "Acc": 56.61000061035156
      },
      "snowboard": {
        "IoU": 13.890000343322754,
        "Acc": 62.7400016784668
      },
      "sports ball": {
        "IoU": 2.5899999141693115,
        "Acc": 57.919998168945305
      },
      "kite": {
        "IoU": 28.809999465942383,
        "Acc": 50.95999908447265
      },
      "baseball bat": {
        "IoU": 5.650000095367432,
        "Acc": 8.319999694824219
      },
      "baseball glove": {
        "IoU": 22.700000762939453,
        "Acc": 47.58000183105469
      },
      "skateboard": {
        "IoU": 17.920000076293945,
        "Acc": 54.63000106811523
      },
      "surfboard": {
        "IoU": 27.030000686645504,
        "Acc": 72.83999633789062
      },
      "tennis racket": {
        "IoU": 6.599999904632568,
        "Acc": 48.83000183105469
      },
      "bottle": {
        "IoU": 24.93000030517578,
        "Acc": 52.59000015258789
      },
      "wine glass": {
        "IoU": 30.610000610351562,
        "Acc": 70.16000366210938
      },
      "cup": {
        "IoU": 17.309999465942383,
        "Acc": 24.510000228881836
      },
      "fork": {
        "IoU": 13.590000152587892,
        "Acc": 14.989999771118164
      },
      "knife": {
        "IoU": 4.579999923706055,
        "Acc": 5.940000057220459
      },
      "spoon": {
        "IoU": 18.969999313354492,
        "Acc": 32.150001525878906
      },
      "bowl": {
        "IoU": 12.390000343322754,
        "Acc": 16.229999542236328
      },
      "banana": {
        "IoU": 36.83000183105469,
        "Acc": 46.150001525878906
      },
      "apple": {
        "IoU": 11.430000305175781,
        "Acc": 12.84000015258789
      },
      "sandwich": {
        "IoU": 13.319999694824219,
        "Acc": 14.409999847412108
      },
      "orange": {
        "IoU": 22.489999771118164,
        "Acc": 25.729999542236325
      },
      "broccoli": {
        "IoU": 8.5600004196167,
        "Acc": 9.100000381469727
      },
      "carrot": {
        "IoU": 26.40999984741211,
        "Acc": 27.180000305175785
      },
      "hot dog": {
        "IoU": 34.41999816894531,
        "Acc": 40.22999954223633
      },
      "pizza": {
        "IoU": 43.849998474121094,
        "Acc": 52.27000045776368
      },
      "donut": {
        "IoU": 49.95000076293945,
        "Acc": 54.209999084472656
      },
      "cake": {
        "IoU": 47.790000915527344,
        "Acc": 69.7699966430664
      },
      "chair": {
        "IoU": 14.460000038146973,
        "Acc": 15.649999618530275
      },
      "couch": {
        "IoU": 46.279998779296875,
        "Acc": 57.27000045776367
      },
      "potted plant": {
        "IoU": 8.880000114440918,
        "Acc": 11.640000343322754
      },
      "bed": {
        "IoU": 48.27000045776367,
        "Acc": 61.25000000000001
      },
      "dining table": {
        "IoU": 11.420000076293945,
        "Acc": 12.550000190734863
      },
      "toilet": {
        "IoU": 30.68000030517578,
        "Acc": 75.94999694824219
      },
      "tv": {
        "IoU": 28.680000305175778,
        "Acc": 36.34000015258789
      },
      "laptop": {
        "IoU": 43.380001068115234,
        "Acc": 64.20999908447266
      },
      "mouse": {
        "IoU": 20.31999969482422,
        "Acc": 42.56999969482422
      },
      "remote": {
        "IoU": 14.63000011444092,
        "Acc": 66.25
      },
      "keyboard": {
        "IoU": 39.06999969482422,
        "Acc": 58.7599983215332
      },
      "cell phone": {
        "IoU": 32.47999954223633,
        "Acc": 57.68000030517578
      },
      "microwave": {
        "IoU": 24.059999465942383,
        "Acc": 30.770000457763675
      },
      "oven": {
        "IoU": 24.1299991607666,
        "Acc": 70.05999755859375
      },
      "toaster": {
        "IoU": 20.1299991607666,
        "Acc": 52.08000183105469
      },
      "sink": {
        "IoU": 30.920000076293945,
        "Acc": 55.099998474121094
      },
      "refrigerator": {
        "IoU": 49.220001220703125,
        "Acc": 61.720001220703125
      },
      "book": {
        "IoU": 27.850000381469727,
        "Acc": 32.369998931884766
      },
      "clock": {
        "IoU": 42.7599983215332,
        "Acc": 83.25
      },
      "vase": {
        "IoU": 29.149999618530277,
        "Acc": 55.50000000000001
      },
      "scissors": {
        "IoU": 51.220001220703125,
        "Acc": 63.119998931884766
      },
      "teddy bear": {
        "IoU": 62.13999938964844,
        "Acc": 75.75
      },
      "hair drier": {
        "IoU": 1.6699999570846558,
        "Acc": 14.529999732971191
      },
      "toothbrush": {
        "IoU": 25.1299991607666,
        "Acc": 54.93000030517579
      },
      "banner": {
        "IoU": 2.0899999141693115,
        "Acc": 74.77999877929688
      },
      "blanket": {
        "IoU": 6.230000019073486,
        "Acc": 19.329999923706055
      },
      "branch": {
        "IoU": 6.300000190734862,
        "Acc": 41.779998779296875
      },