{
  "validation_mode": "proxy",
  "validation_config": {
    "proxy_subset_size": 300,
    "proxy_seed": 0,
    "proxy_inference_mode": "whole",
    "full_eval_top_k": 3
  },
  "coco_stuff": {
    "validation_mode": "proxy",
    "used_inference_mode": "whole",
    "summary": {
      "mIoU": 20.75,
      "mAcc": 35.42,
      "aAcc": 37.22
    },
    "proxy_summary": {
      "mIoU": 20.75,
      "mAcc": 35.42,
      "aAcc": 37.22
    },
    "full_summary": null,
    "per_class": {
      "person": {
        "IoU": 15.260000228881838,
        "Acc": 16.190000534057617
      },
      "bicycle": {
        "IoU": 45.290000915527344,
        "Acc": 80.9800033569336
      },
      "car": {
        "IoU": 38.63999938964844,
        "Acc": 71.13999938964844
      },
      "motorcycle": {
        "IoU": 62.7599983215332,
        "Acc": 73.98999786376953
      },
      "airplane": {
        "IoU": 69.73999786376953,
        "Acc": 96.37000274658203
      },
      "bus": {
        "IoU": 64.98999786376953,
        "Acc": 81.31999969482422
      },
      "train": {
        "IoU": 36.59000015258789,
        "Acc": 46.2599983215332
      },
      "truck": {
        "IoU": 16.229999542236328,
        "Acc": 21.049999237060547
      },
      "boat": {
        "IoU": 52.310001373291016,
        "Acc": 78.9800033569336
      },
      "traffic light": {
        "IoU": 21.3799991607666,
        "Acc": 64.33000183105469
      },
      "fire hydrant": {
        "IoU": 40.75,
        "Acc": 54.5099983215332
      },
      "stop sign": {
        "IoU": 15.210000038146973,
        "Acc": 90.2699966430664
      },
      "parking meter": {
        "IoU": 9.369999885559082,
        "Acc": 12.489999771118164
      },
      "bench": {
        "IoU": 25.639999389648438,
        "Acc": 40.81999969482422
      },
      "bird": {
        "IoU": 48.560001373291016,
        "Acc": 85.30999755859375
      },
      "cat": {
        "IoU": 73.36000061035156,
        "Acc": 95.68000030517578
      },
      "dog": {
        "IoU": 70.94999694824219,
        "Acc": 92.31999969482422
      },
      "horse": {
        "IoU": 52.25999832153321,
        "Acc": 72.1500015258789
      },
      "sheep": {
        "IoU": 55.54999923706055,
        "Acc": 70.48999786376953
      },
      "cow": {
        "IoU": 66.79000091552734,
        "Acc": 89.22000122070312
      },
      "elephant": {
        "IoU": 86.68000030517578,
        "Acc": 95.83999633789062
      },
      "bear": {
        "IoU": 84.43000030517578,
        "Acc": 92.2300033569336
      },
      "zebra": {
        "IoU": 80.20999908447266,
        "Acc": 91.61000061035156
      },
      "giraffe": {
        "IoU": 47.40999984741211,
        "Acc": 79.81999969482422
      },
      "backpack": {
        "IoU": 1.2999999523162842,
        "Acc": 9.630000114440918
      },
      "umbrella": {
        "IoU": 40.06999969482422,
        "Acc": 54.18999862670898
      },
      "handbag": {
        "IoU": 0.17000000178813934,
        "Acc": 0.3199999928474426
      },
      "tie": {
        "IoU": 1.3600000143051147,
        "Acc": 45.34000015258789
      },
      "suitcase": {
        "IoU": 58.040000915527344,
        "Acc": 63.38999938964843
      },
      "frisbee": {
        "IoU": 6.03000020980835,
        "Acc": 68.38999938964844
      },
      "skis": {
        "IoU": 11.300000190734863,
        "Acc": 73.62999725341797
      },
      "snowboard": {
        "IoU": 0.059999998658895486,
        "Acc": 2.7799999713897705
      },
      "sports ball": {
        "IoU": 1.6699999570846558,
        "Acc": 53.970001220703125
      },
      "kite": {
        "IoU": 32.75,
        "Acc": 48.2400016784668
      },
      "baseball bat": {
        "IoU": 0.0,
        "Acc": 0.0
      },
      "baseball glove": {
        "IoU": 0.0,
        "Acc": 0.0
      },
      "skateboard": {
        "IoU": 23.09000015258789,
        "Acc": 32.900001525878906
      },
      "surfboard": {
        "IoU": 29.860000610351562,
        "Acc": 89.02999877929688
      },
      "tennis racket": {
        "IoU": 4.559999942779541,
        "Acc": 22.1299991607666
      },
      "bottle": {
        "IoU": 33.27000045776367,
        "Acc": 53.349998474121094
      },
      "wine glass": {
        "IoU": 27.180000305175785,
        "Acc": 59.33000183105469
      },
      "cup": {
        "IoU": 1.7200000286102295,
        "Acc": 2.7100000381469727
      },
      "fork": {
        "IoU": 0.0,
        "Acc": 0.0
      },
      "knife": {
        "IoU": 0.0,
        "Acc": 0.0
      },
      "spoon": {
        "IoU": 61.36000061035156,
        "Acc": 89.98999786376953
      },
      "bowl": {
        "IoU": 8.920000076293945,
        "Acc": 17.690000534057617
      },
      "banana": {
        "IoU": 28.82999992370606,
        "Acc": 29.51000022888184
      },
      "apple": {
        "IoU": 0.0,
        "Acc": 0.0
      },
      "sandwich": {
        "IoU": 0.0,
        "Acc": 0.0
      },
      "orange": {
        "IoU": 0.0,
        "Acc": 0.0
      },
      "broccoli": {
        "IoU": 0.0,
        "Acc": 0.0
      },
      "carrot": {
        "IoU": 27.850000381469727,
        "Acc": 28.000000000000004
      },
      "hot dog": {
        "IoU": 0.0,
        "Acc": 0.0
      },
      "pizza": {
        "IoU": 13.319999694824219,
        "Acc": 19.959999084472656
      },
      "donut": {
        "IoU": 0.0,
        "Acc": 0.0
      },
      "cake": {
        "IoU": 20.84000015258789,
        "Acc": 35.560001373291016
      },
      "chair": {
        "IoU": 2.4200000762939453,
        "Acc": 2.7799999713897705
      },
      "couch": {
        "IoU": 28.469999313354492,
        "Acc": 37.029998779296875
      },
      "potted plant": {
        "IoU": 1.4500000476837158,
        "Acc": 1.4500000476837158
      },
      "bed": {
        "IoU": 36.84000015258789,
        "Acc": 44.70000076293945
      },
      "dining table": {
        "IoU": 14.329999923706055,
        "Acc": 16.889999389648438
      },
      "toilet": {
        "IoU": 33.5,
        "Acc": 90.6500015258789
      },
      "tv": {
        "IoU": 15.640000343322754,
        "Acc": 17.56999969482422
      },
      "laptop": {
        "IoU": 42.630001068115234,
        "Acc": 54.66999816894531
      },
      "mouse": {
        "IoU": 40.02000045776367,
        "Acc": 86.12999725341797
      },
      "remote": {
        "IoU": 3.440000057220459,
        "Acc": 27.450000762939453
      },
      "keyboard": {
        "IoU": 44.13999938964844,
        "Acc": 95.0
      },
      "cell phone": {
        "IoU": 24.969999313354492,
        "Acc": 32.0
      },
      "microwave": {
        "IoU": 27.350000381469723,
        "Acc": 30.39999961853027
      },
      "oven": {
        "IoU": 31.280000686645508,
        "Acc": 60.93999862670898
      },
      "toaster": {
        "IoU": 0.0,
        "Acc": 0.0
      },
      "sink": {
        "IoU": 20.559999465942383,
        "Acc": 40.060001373291016
      },
      "refrigerator": {
        "IoU": 23.690000534057617,
        "Acc": 27.65999984741211
      },
      "book": {
        "IoU": 33.849998474121094,
        "Acc": 38.880001068115234
      },
      "clock": {
        "IoU": 7.869999885559081,
        "Acc": 13.850000381469727
      },
      "vase": {
        "IoU": 61.54000091552735,
        "Acc": 74.54000091552734
      },
      "scissors": {
        "IoU": 0.0,
        "Acc": 0.0
      },
      "teddy bear": {
        "IoU": 0.8899999856948853,
        "Acc": 0.8899999856948853
      },
      "hair drier": {
        "IoU": 0.0,
        "Acc": NaN
      },
      "toothbrush": {
        "IoU": 0.03999999910593033,
        "Acc": 0.07000000029802322
      },
      "banner": {
        "IoU": 2.1700000762939453,
        "Acc": 87.77999877929688
      },
      "blanket": {
        "IoU": 8.579999923706055,
        "Acc": 18.190000534057617
      },
      "branch": {
        "IoU": 2.8299999237060547,
        "Acc": 7.150000095367432
      },