{
  "coco_stuff": {
    "summary": {
      "mIoU": 24.35,
      "mAcc": 41.34,
      "aAcc": 38.69
    },
    "per_class": {
      "person": {
        "IoU": 13.3100004196167,
        "Acc": 13.960000038146973
      },
      "bicycle": {
        "IoU": 52.529998779296875,
        "Acc": 83.55000305175781
      },
      "car": {
        "IoU": 43.13999938964844,
        "Acc": 75.6500015258789
      },
      "motorcycle": {
        "IoU": 65.76000213623047,
        "Acc": 88.95999908447266
      },
      "airplane": {
        "IoU": 41.900001525878906,
        "Acc": 89.52999877929688
      },
      "bus": {
        "IoU": 63.02000045776367,
        "Acc": 85.30999755859375
      },
      "train": {
        "IoU": 56.189998626708984,
        "Acc": 72.12000274658203
      },
      "truck": {
        "IoU": 38.939998626708984,
        "Acc": 48.59000015258789
      },
      "boat": {
        "IoU": 32.779998779296875,
        "Acc": 80.7300033569336
      },
      "traffic light": {
        "IoU": 20.65999984741211,
        "Acc": 68.87999725341797
      },
      "fire hydrant": {
        "IoU": 55.16999816894531,
        "Acc": 83.16999816894531
      },
      "stop sign": {
        "IoU": 60.119998931884766,
        "Acc": 91.01000213623047
      },
      "parking meter": {
        "IoU": 28.65999984741211,
        "Acc": 36.68000030517578
      },
      "bench": {
        "IoU": 36.13999938964844,
        "Acc": 46.16999816894531
      },
      "bird": {
        "IoU": 54.68000030517578,
        "Acc": 86.16000366210938
      },
      "cat": {
        "IoU": 69.56999969482422,
        "Acc": 88.4000015258789
      },
      "dog": {
        "IoU": 61.36000061035156,
        "Acc": 82.5999984741211
      },
      "horse": {
        "IoU": 61.150001525878906,
        "Acc": 87.19999694824219
      },
      "sheep": {
        "IoU": 73.80999755859375,
        "Acc": 89.87000274658203
      },
      "cow": {
        "IoU": 65.47000122070312,
        "Acc": 82.3499984741211
      },
      "elephant": {
        "IoU": 80.73999786376953,
        "Acc": 92.56999969482422
      },
      "bear": {
        "IoU": 79.19999694824219,
        "Acc": 90.18000030517578
      },
      "zebra": {
        "IoU": 78.43000030517578,
        "Acc": 92.8499984741211
      },
      "giraffe": {
        "IoU": 48.09000015258789,
        "Acc": 89.11000061035156
      },
      "backpack": {
        "IoU": 7.800000190734862,
        "Acc": 55.79999923706055
      },
      "umbrella": {
        "IoU": 32.88999938964844,
        "Acc": 70.12000274658203
      },
      "handbag": {
        "IoU": 8.489999771118164,
        "Acc": 11.300000190734863
      },
      "tie": {
        "IoU": 1.100000023841858,
        "Acc": 54.72000122070313
      },
      "suitcase": {
        "IoU": 46.029998779296875,
        "Acc": 53.66999816894531
      },
      "frisbee": {
        "IoU": 11.930000305175781,
        "Acc": 51.380001068115234
      },
      "skis": {
        "IoU": 7.679999828338622,
        "Acc": 55.310001373291016
      },
      "snowboard": {
        "IoU": 13.77999973297119,
        "Acc": 62.130001068115234
      },
      "sports ball": {
        "IoU": 2.5399999618530273,
        "Acc": 58.61000061035156
      },
      "kite": {
        "IoU": 29.979999542236328,
        "Acc": 50.180000305175774
      },
      "baseball bat": {
        "IoU": 5.570000171661377,
        "Acc": 8.369999885559082
      },
      "baseball glove": {
        "IoU": 22.969999313354492,
        "Acc": 47.060001373291016
      },
      "skateboard": {
        "IoU": 17.520000457763672,
        "Acc": 54.599998474121094
      },
      "surfboard": {
        "IoU": 27.020000457763672,
        "Acc": 72.5999984741211
      },
      "tennis racket": {
        "IoU": 6.480000019073487,
        "Acc": 47.880001068115234
      },
      "bottle": {
        "IoU": 25.1299991607666,
        "Acc": 53.4099998474121
      },
      "wine glass": {
        "IoU": 30.590000152587894,
        "Acc": 71.43000030517578
      },
      "cup": {
        "IoU": 17.290000915527344,
        "Acc": 24.670000076293945
      },
      "fork": {
        "IoU": 14.220000267028809,
        "Acc": 15.710000038146973
      },
      "knife": {
        "IoU": 4.760000228881836,
        "Acc": 6.230000019073486
      },
      "spoon": {
        "IoU": 18.450000762939453,
        "Acc": 32.15999984741211
      },
      "bowl": {
        "IoU": 12.5600004196167,
        "Acc": 16.530000686645508
      },
      "banana": {
        "IoU": 37.90999984741211,
        "Acc": 47.56999969482422
      },
      "apple": {
        "IoU": 11.399999618530273,
        "Acc": 12.760000228881834
      },
      "sandwich": {
        "IoU": 13.739999771118164,
        "Acc": 14.859999656677248
      },
      "orange": {
        "IoU": 23.110000610351562,
        "Acc": 26.360000610351562
      },
      "broccoli": {
        "IoU": 9.4399995803833,
        "Acc": 10.050000190734863
      },
      "carrot": {
        "IoU": 26.629999160766605,
        "Acc": 27.440000534057617
      },
      "hot dog": {
        "IoU": 34.400001525878906,
        "Acc": 40.279998779296875
      },
      "pizza": {
        "IoU": 43.5,
        "Acc": 51.849998474121094
      },
      "donut": {
        "IoU": 50.43000030517578,
        "Acc": 54.700000762939446
      },
      "cake": {
        "IoU": 47.70000076293945,
        "Acc": 69.76000213623047
      },
      "chair": {
        "IoU": 14.680000305175781,
        "Acc": 15.90999984741211
      },
      "couch": {
        "IoU": 46.38999938964844,
        "Acc": 57.619998931884766
      },
      "potted plant": {
        "IoU": 8.970000267028809,
        "Acc": 11.920000076293945
      },
      "bed": {
        "IoU": 48.65999984741211,
        "Acc": 61.90000152587891
      },
      "dining table": {
        "IoU": 11.109999656677246,
        "Acc": 12.170000076293945
      },
      "toilet": {
        "IoU": 30.97999954223633,
        "Acc": 76.0199966430664
      },
      "tv": {
        "IoU": 28.819999694824215,
        "Acc": 36.59000015258789
      },
      "laptop": {
        "IoU": 43.439998626708984,
        "Acc": 64.52999877929688
      },
      "mouse": {
        "IoU": 20.5,
        "Acc": 42.79999923706055
      },
      "remote": {
        "IoU": 14.649999618530273,
        "Acc": 66.68000030517578
      },
      "keyboard": {
        "IoU": 38.61000061035156,
        "Acc": 58.27999877929687
      },
      "cell phone": {
        "IoU": 33.040000915527344,
        "Acc": 58.04999923706055
      },
      "microwave": {
        "IoU": 22.549999237060547,
        "Acc": 28.94000053405762
      },
      "oven": {
        "IoU": 24.200000762939453,
        "Acc": 70.25
      },
      "toaster": {
        "IoU": 20.200000762939453,
        "Acc": 51.900001525878906
      },
      "sink": {
        "IoU": 30.840000152587894,
        "Acc": 54.22000122070313
      },
      "refrigerator": {
        "IoU": 49.18000030517578,
        "Acc": 61.79999923706055
      },
      "book": {
        "IoU": 27.95999908447266,
        "Acc": 32.29999923706055
      },
      "clock": {
        "IoU": 42.70000076293945,
        "Acc": 82.8499984741211
      },
      "vase": {
        "IoU": 29.290000915527344,
        "Acc": 55.41999816894532
      },
      "scissors": {
        "IoU": 51.08000183105469,
        "Acc": 62.54000091552734
      },
      "teddy bear": {
        "IoU": 62.18000030517579,
        "Acc": 76.19999694824219
      },
      "hair drier": {
        "IoU": 1.909999966621399,
        "Acc": 14.90999984741211
      },
      "toothbrush": {
        "IoU": 25.3700008392334,
        "Acc": 54.79999923706055
      },
      "banner": {
        "IoU": 2.0999999046325684,
        "Acc": 74.94999694824219
      },
      "blanket": {
        "IoU": 6.170000076293945,
        "Acc": 19.030000686645508
      },
      "branch": {
        "IoU": 6.329999923706055,
        "Acc": 41.560001373291016
      },