{
  "validation_mode": "full",
  "validation_config": {
    "proxy_subset_size": 300,
    "proxy_seed": 0,
    "proxy_inference_mode": "whole",
    "full_eval_top_k": 3
  },
  "coco_stuff": {
    "validation_mode": "full",
    "used_inference_mode": "slide",
    "summary": {
      "mIoU": 24.29,
      "mAcc": 41.28,
      "aAcc": 38.6
    },
    "proxy_summary": null,
    "full_summary": {
      "mIoU": 24.29,
      "mAcc": 41.28,
      "aAcc": 38.6
    },
    "per_class": {
      "person": {
        "IoU": 13.199999809265137,
        "Acc": 13.840000152587892
      },
      "bicycle": {
        "IoU": 53.09000015258789,
        "Acc": 83.5199966430664
      },
      "car": {
        "IoU": 43.31999969482422,
        "Acc": 75.30999755859375
      },
      "motorcycle": {
        "IoU": 66.44000244140625,
        "Acc": 88.58999633789062
      },
      "airplane": {
        "IoU": 41.040000915527344,
        "Acc": 90.0
      },
      "bus": {
        "IoU": 63.09999847412109,
        "Acc": 84.75
      },
      "train": {
        "IoU": 55.569999694824226,
        "Acc": 71.1500015258789
      },
      "truck": {
        "IoU": 38.40999984741211,
        "Acc": 47.77000045776367
      },
      "boat": {
        "IoU": 32.709999084472656,
        "Acc": 80.61000061035156
      },
      "traffic light": {
        "IoU": 20.809999465942383,
        "Acc": 69.11000061035156
      },
      "fire hydrant": {
        "IoU": 55.00000000000001,
        "Acc": 82.77999877929688
      },
      "stop sign": {
        "IoU": 60.11000061035156,
        "Acc": 91.05999755859375
      },
      "parking meter": {
        "IoU": 28.389999389648434,
        "Acc": 36.459999084472656
      },
      "bench": {
        "IoU": 36.08000183105469,
        "Acc": 45.7599983215332
      },
      "bird": {
        "IoU": 53.68999862670898,
        "Acc": 86.62999725341797
      },
      "cat": {
        "IoU": 69.37000274658203,
        "Acc": 88.63999938964844
      },
      "dog": {
        "IoU": 61.20000076293945,
        "Acc": 82.81999969482422
      },
      "horse": {
        "IoU": 61.220001220703125,
        "Acc": 87.37999725341797
      },
      "sheep": {
        "IoU": 73.37999725341797,
        "Acc": 90.29000091552734
      },
      "cow": {
        "IoU": 65.33000183105469,
        "Acc": 82.76000213623047
      },
      "elephant": {
        "IoU": 80.70999908447266,
        "Acc": 92.66000366210938
      },
      "bear": {
        "IoU": 79.13999938964844,
        "Acc": 90.66999816894531
      },
      "zebra": {
        "IoU": 77.54000091552734,
        "Acc": 93.79000091552734
      },
      "giraffe": {
        "IoU": 47.95000076293945,
        "Acc": 89.68000030517578
      },
      "backpack": {
        "IoU": 7.929999828338623,
        "Acc": 56.58000183105468
      },
      "umbrella": {
        "IoU": 33.099998474121094,
        "Acc": 70.23999786376953
      },
      "handbag": {
        "IoU": 8.550000190734863,
        "Acc": 11.390000343322754
      },
      "tie": {
        "IoU": 1.1299999952316284,
        "Acc": 55.29000091552735
      },
      "suitcase": {
        "IoU": 46.38999938964844,
        "Acc": 53.58000183105469
      },
      "frisbee": {
        "IoU": 11.729999542236328,
        "Acc": 51.86000061035156
      },
      "skis": {
        "IoU": 7.579999923706055,
        "Acc": 53.38999938964844
      },
      "snowboard": {
        "IoU": 13.289999961853027,
        "Acc": 60.349998474121094
      },
      "sports ball": {
        "IoU": 2.509999990463257,
        "Acc": 57.81999969482422
      },
      "kite": {
        "IoU": 28.79000091552734,
        "Acc": 51.33000183105468
      },
      "baseball bat": {
        "IoU": 5.650000095367432,
        "Acc": 8.069999694824219
      },
      "baseball glove": {
        "IoU": 22.719999313354492,
        "Acc": 46.58000183105469
      },
      "skateboard": {
        "IoU": 17.610000610351562,
        "Acc": 54.15999984741211
      },
      "surfboard": {
        "IoU": 29.069999694824215,
        "Acc": 71.41000366210938
      },
      "tennis racket": {
        "IoU": 6.53000020980835,
        "Acc": 48.04999923706055
      },
      "bottle": {
        "IoU": 25.059999465942383,
        "Acc": 53.15999984741211
      },
      "wine glass": {
        "IoU": 30.6299991607666,
        "Acc": 70.6500015258789
      },
      "cup": {
        "IoU": 17.270000457763672,
        "Acc": 24.56999969482422
      },
      "fork": {
        "IoU": 13.930000305175783,
        "Acc": 15.359999656677244
      },
      "knife": {
        "IoU": 4.789999961853027,
        "Acc": 6.25
      },
      "spoon": {
        "IoU": 18.6299991607666,
        "Acc": 31.979999542236325
      },
      "bowl": {
        "IoU": 12.369999885559082,
        "Acc": 16.200000762939453
      },
      "banana": {
        "IoU": 36.31999969482422,
        "Acc": 45.619998931884766
      },
      "apple": {
        "IoU": 11.380000114440918,
        "Acc": 12.739999771118162
      },
      "sandwich": {
        "IoU": 13.260000228881836,
        "Acc": 14.310000419616701
      },
      "orange": {
        "IoU": 22.469999313354492,
        "Acc": 25.690000534057617
      },
      "broccoli": {
        "IoU": 8.4399995803833,
        "Acc": 8.970000267028809
      },
      "carrot": {
        "IoU": 25.3799991607666,
        "Acc": 26.15999984741211
      },
      "hot dog": {
        "IoU": 34.41999816894531,
        "Acc": 40.369998931884766
      },
      "pizza": {
        "IoU": 43.939998626708984,
        "Acc": 52.470001220703125
      },
      "donut": {
        "IoU": 50.189998626708984,
        "Acc": 54.59000015258789
      },
      "cake": {
        "IoU": 47.9900016784668,
        "Acc": 69.76000213623047
      },
      "chair": {
        "IoU": 14.729999542236328,
        "Acc": 15.960000038146974
      },
      "couch": {
        "IoU": 46.40999984741211,
        "Acc": 57.33000183105469
      },
      "potted plant": {
        "IoU": 8.789999961853027,
        "Acc": 11.520000457763672
      },
      "bed": {
        "IoU": 48.189998626708984,
        "Acc": 60.79999923706054
      },
      "dining table": {
        "IoU": 11.470000267028809,
        "Acc": 12.59000015258789
      },
      "toilet": {
        "IoU": 30.590000152587894,
        "Acc": 76.12999725341797
      },
      "tv": {
        "IoU": 28.719999313354492,
        "Acc": 36.47999954223633
      },
      "laptop": {
        "IoU": 43.63999938964844,
        "Acc": 65.11000061035156
      },
      "mouse": {
        "IoU": 20.1200008392334,
        "Acc": 42.25
      },
      "remote": {
        "IoU": 14.760000228881836,
        "Acc": 66.91999816894531
      },
      "keyboard": {
        "IoU": 38.630001068115234,
        "Acc": 57.9900016784668
      },
      "cell phone": {
        "IoU": 32.91999816894531,
        "Acc": 58.08000183105469
      },
      "microwave": {
        "IoU": 22.8799991607666,
        "Acc": 29.299999237060547
      },
      "oven": {
        "IoU": 24.1299991607666,
        "Acc": 70.16000366210938
      },
      "toaster": {
        "IoU": 20.170000076293945,
        "Acc": 52.08000183105469
      },
      "sink": {
        "IoU": 30.989999771118164,
        "Acc": 54.79000091552735
      },
      "refrigerator": {
        "IoU": 49.279998779296875,
        "Acc": 61.54000091552735
      },
      "book": {
        "IoU": 28.030000686645508,
        "Acc": 32.40999984741211
      },
      "clock": {
        "IoU": 43.45000076293945,
        "Acc": 82.87999725341797
      },
      "vase": {
        "IoU": 29.110000610351562,
        "Acc": 55.380001068115234
      },
      "scissors": {
        "IoU": 51.43000030517578,
        "Acc": 62.84000015258789
      },
      "teddy bear": {
        "IoU": 62.349998474121094,
        "Acc": 76.12999725341797
      },
      "hair drier": {
        "IoU": 1.8999999761581419,
        "Acc": 15.5600004196167
      },