{
  "validation_mode": "full",
  "validation_config": {
    "proxy_subset_size": 300,
    "proxy_seed": 2,
    "proxy_inference_mode": "whole",
    "full_eval_top_k": 3
  },
  "coco_stuff": {
    "validation_mode": "full",
    "used_inference_mode": "slide",
    "summary": {
      "mIoU": 24.29,
      "mAcc": 41.31,
      "aAcc": 38.67
    },
    "proxy_summary": null,
    "full_summary": {
      "mIoU": 24.29,
      "mAcc": 41.31,
      "aAcc": 38.67
    },
    "per_class": {
      "person": {
        "IoU": 13.420000076293945,
        "Acc": 14.079999923706055
      },
      "bicycle": {
        "IoU": 52.650001525878906,
        "Acc": 84.01000213623047
      },
      "car": {
        "IoU": 43.040000915527344,
        "Acc": 75.4000015258789
      },
      "motorcycle": {
        "IoU": 66.54000091552734,
        "Acc": 88.86000061035156
      },
      "airplane": {
        "IoU": 40.7599983215332,
        "Acc": 89.80999755859375
      },
      "bus": {
        "IoU": 62.869998931884766,
        "Acc": 84.27999877929688
      },
      "train": {
        "IoU": 55.22000122070313,
        "Acc": 70.69000244140625
      },
      "truck": {
        "IoU": 38.40999984741211,
        "Acc": 47.86000061035156
      },
      "boat": {
        "IoU": 33.52000045776367,
        "Acc": 80.91999816894531
      },
      "traffic light": {
        "IoU": 20.510000228881836,
        "Acc": 70.68000030517578
      },
      "fire hydrant": {
        "IoU": 54.72999954223633,
        "Acc": 82.9800033569336
      },
      "stop sign": {
        "IoU": 60.58000183105469,
        "Acc": 90.66000366210938
      },
      "parking meter": {
        "IoU": 27.530000686645508,
        "Acc": 35.13999938964844
      },
      "bench": {
        "IoU": 36.08000183105469,
        "Acc": 46.2599983215332
      },
      "bird": {
        "IoU": 53.11999893188477,
        "Acc": 86.30000305175781
      },
      "cat": {
        "IoU": 69.2699966430664,
        "Acc": 88.66000366210938
      },
      "dog": {
        "IoU": 61.22999954223632,
        "Acc": 82.30999755859375
      },
      "horse": {
        "IoU": 61.1599998474121,
        "Acc": 86.8499984741211
      },
      "sheep": {
        "IoU": 72.93000030517578,
        "Acc": 89.88999938964844
      },
      "cow": {
        "IoU": 65.22000122070312,
        "Acc": 82.66000366210938
      },
      "elephant": {
        "IoU": 80.68000030517578,
        "Acc": 92.6500015258789
      },
      "bear": {
        "IoU": 79.05000305175781,
        "Acc": 90.08000183105469
      },
      "zebra": {
        "IoU": 77.91000366210938,
        "Acc": 93.55000305175781
      },
      "giraffe": {
        "IoU": 47.81999969482422,
        "Acc": 89.54000091552734
      },
      "backpack": {
        "IoU": 7.849999904632568,
        "Acc": 56.72999954223633
      },
      "umbrella": {
        "IoU": 32.68000030517578,
        "Acc": 70.33000183105469
      },
      "handbag": {
        "IoU": 8.640000343322754,
        "Acc": 11.520000457763672
      },
      "tie": {
        "IoU": 1.1799999475479126,
        "Acc": 58.099998474121094
      },
      "suitcase": {
        "IoU": 46.380001068115234,
        "Acc": 53.56999969482422
      },
      "frisbee": {
        "IoU": 11.819999694824219,
        "Acc": 51.549999237060554
      },
      "skis": {
        "IoU": 7.210000038146973,
        "Acc": 52.0099983215332
      },
      "snowboard": {
        "IoU": 13.420000076293945,
        "Acc": 61.66999816894532
      },
      "sports ball": {
        "IoU": 2.4700000286102295,
        "Acc": 57.099998474121094
      },
      "kite": {
        "IoU": 27.95999908447266,
        "Acc": 51.45000076293945
      },
      "baseball bat": {
        "IoU": 5.71999979019165,
        "Acc": 8.239999771118164
      },
      "baseball glove": {
        "IoU": 21.3700008392334,
        "Acc": 44.72999954223633
      },
      "skateboard": {
        "IoU": 17.18000030517578,
        "Acc": 53.47999954223632
      },
      "surfboard": {
        "IoU": 30.06999969482422,
        "Acc": 72.55999755859375
      },
      "tennis racket": {
        "IoU": 6.329999923706055,
        "Acc": 46.59000015258789
      },
      "bottle": {
        "IoU": 24.959999084472656,
        "Acc": 53.18999862670899
      },
      "wine glass": {
        "IoU": 30.81999969482422,
        "Acc": 71.3499984741211
      },
      "cup": {
        "IoU": 16.799999237060547,
        "Acc": 23.959999084472656
      },
      "fork": {
        "IoU": 14.159999847412108,
        "Acc": 15.670000076293944
      },
      "knife": {
        "IoU": 5.119999885559082,
        "Acc": 6.789999961853027
      },
      "spoon": {
        "IoU": 19.18000030517578,
        "Acc": 32.47999954223633
      },
      "bowl": {
        "IoU": 12.640000343322754,
        "Acc": 16.540000915527344
      },
      "banana": {
        "IoU": 37.86000061035156,
        "Acc": 47.290000915527344
      },
      "apple": {
        "IoU": 11.470000267028809,
        "Acc": 12.890000343322756
      },
      "sandwich": {
        "IoU": 12.899999618530272,
        "Acc": 13.909999847412111
      },
      "orange": {
        "IoU": 22.040000915527344,
        "Acc": 24.979999542236328
      },
      "broccoli": {
        "IoU": 6.940000057220459,
        "Acc": 7.369999885559082
      },
      "carrot": {
        "IoU": 24.719999313354492,
        "Acc": 25.53000068664551
      },
      "hot dog": {
        "IoU": 34.790000915527344,
        "Acc": 40.97999954223633
      },
      "pizza": {
        "IoU": 44.040000915527344,
        "Acc": 52.36000061035156
      },
      "donut": {
        "IoU": 50.47999954223633,
        "Acc": 54.7400016784668
      },
      "cake": {
        "IoU": 47.970001220703125,
        "Acc": 70.30999755859375
      },
      "chair": {
        "IoU": 14.399999618530273,
        "Acc": 15.65999984741211
      },
      "couch": {
        "IoU": 46.439998626708984,
        "Acc": 57.31999969482422
      },
      "potted plant": {
        "IoU": 8.65999984741211,
        "Acc": 11.479999542236328
      },
      "bed": {
        "IoU": 48.52000045776367,
        "Acc": 61.41999816894531
      },
      "dining table": {
        "IoU": 11.329999923706055,
        "Acc": 12.40999984741211
      },
      "toilet": {
        "IoU": 30.610000610351562,
        "Acc": 75.73999786376953
      },
      "tv": {
        "IoU": 28.579999923706055,
        "Acc": 36.13999938964844
      },
      "laptop": {
        "IoU": 43.2599983215332,
        "Acc": 63.91999816894531
      },
      "mouse": {
        "IoU": 20.709999084472656,
        "Acc": 43.47999954223633
      },
      "remote": {
        "IoU": 14.239999771118164,
        "Acc": 66.55000305175781
      },
      "keyboard": {
        "IoU": 39.849998474121094,
        "Acc": 59.220001220703125
      },
      "cell phone": {
        "IoU": 32.369998931884766,
        "Acc": 56.9900016784668
      },
      "microwave": {
        "IoU": 24.309999465942383,
        "Acc": 31.25
      },
      "oven": {
        "IoU": 24.360000610351562,
        "Acc": 70.45999908447266
      },
      "toaster": {
        "IoU": 20.0,
        "Acc": 51.56999969482422
      },
      "sink": {
        "IoU": 30.420000076293945,
        "Acc": 54.59000015258789
      },
      "refrigerator": {
        "IoU": 49.599998474121094,
        "Acc": 61.790000915527344
      },
      "book": {
        "IoU": 27.350000381469723,
        "Acc": 31.799999237060543
      },
      "clock": {
        "IoU": 43.2599983215332,
        "Acc": 82.87999725341797
      },
      "vase": {
        "IoU": 29.420000076293945,
        "Acc": 55.04999923706054
      },
      "scissors": {
        "IoU": 50.08000183105469,
        "Acc": 61.66999816894532
      },
      "teddy bear": {
        "IoU": 62.27000045776367,
        "Acc": 75.68000030517578
      },
      "hair drier": {
        "IoU": 1.9800000190734863,
        "Acc": 15.279999732971191
      },