{
  "dataset_jsonl": "/Users/yuhe/research/UIST 2026/clip_dinoiser/artifacts/surrogate_random_v1/random_subsets_labeled.jsonl",
  "prepared_dataset": "/Users/yuhe/research/UIST 2026/clip_dinoiser/artifacts/surrogate_random_v1/global_miou_surrogate_v1/prepared_surrogate_global_miou.jsonl",
  "target_key": "global_miou",
  "splits": {
    "train": 160,
    "test": 16,
    "val": 16
  },
  "models": {
    "ridge": {
      "candidate_name": "alpha=0.1",
      "val_metrics": {
        "mae": 0.03413846419433697,
        "rmse": 0.04097425835500472,
        "r2": -4.662658774995187,
        "spearman": 0.2630650112576428
      },
      "test_metrics": {
        "mae": 0.033519248189378015,
        "rmse": 0.04073102007291413,
        "r2": -2.1813340451095353,
        "spearman": 0.32293955151603926
      },
      "model_artifact_path": "/Users/yuhe/research/UIST 2026/clip_dinoiser/artifacts/surrogate_random_v1/global_miou_surrogate_v1/ridge/best_model.json",
      "candidates": [
        {
          "candidate_name": "alpha=0.0001",
          "val_metrics": {
            "mae": 0.06590119210789602,
            "rmse": 0.07988871765775604,
            "r2": -20.52628518450867,
            "spearman": 0.16574616316232985
          },
          "test_metrics": {
            "mae": 0.08047834279407917,
            "rmse": 0.08695502207436206,
            "r2": -13.499333491924753,
            "spearman": -0.04464602094691787
          }
        },
        {
          "candidate_name": "alpha=0.001",
          "val_metrics": {
            "mae": 0.06165259840248938,
            "rmse": 0.07292985814443523,
            "r2": -16.939441864238447,
            "spearman": 0.2037613381995615
          },
          "test_metrics": {
            "mae": 0.0734620207263228,
            "rmse": 0.0791933090960957,
            "r2": -11.02640099349071,
            "spearman": -0.03869321815399549
          }
        },
        {
          "candidate_name": "alpha=0.01",
          "val_metrics": {
            "mae": 0.043647912404211286,
            "rmse": 0.04923346404371388,
            "r2": -7.175587606408344,
            "spearman": 0.23721469223232533
          },
          "test_metrics": {
            "mae": 0.046503899397099646,
            "rmse": 0.05412219778150187,
            "r2": -4.617066269147691,
            "spearman": 0.022323010473458936
          }
        },
        {
          "candidate_name": "alpha=0.1",
          "val_metrics": {
            "mae": 0.03413846419433697,
            "rmse": 0.04097425835500472,
            "r2": -4.662658774995187,
            "spearman": 0.2630650112576428
          },
          "test_metrics": {
            "mae": 0.033519248189378015,
            "rmse": 0.04073102007291413,
            "r2": -2.1813340451095353,
            "spearman": 0.32293955151603926
          }
        },
        {
          "candidate_name": "alpha=1",
          "val_metrics": {
            "mae": 0.15960163914164793,
            "rmse": 0.1614125683036257,
            "r2": -86.87652707287944,
            "spearman": 0.30260079329636363
          },
          "test_metrics": {
            "mae": 0.14227051611333041,
            "rmse": 0.14593559556153834,
            "r2": -39.83957079615536,
            "spearman": 0.537240452061245
          }
        },
        {
          "candidate_name": "alpha=10",
          "val_metrics": {
            "mae": 1.4337123151660527,
            "rmse": 1.4338948926492645,
            "r2": -6933.782189333566,
            "spearman": 0.26458561825913207
          },
          "test_metrics": {
            "mae": 1.4211387778398,
            "rmse": 1.4213362649853547,
            "r2": -3872.93539482858,
            "spearman": 0.5417050541559368
          }
        }
      ]
    },
    "knn": {
      "candidate_name": "k=9,weighted=False",
      "val_metrics": {
        "mae": 0.016597222222222374,
        "rmse": 0.019098106040154626,
        "r2": -0.23020868914592607,
        "spearman": 0.13771623282673257
      },
      "test_metrics": {
        "mae": 0.019791666666667318,
        "rmse": 0.02618635729997555,
        "r2": -0.31494890645955986,
        "spearman": -0.15351058902180129
      },
      "model_artifact_path": "/Users/yuhe/research/UIST 2026/clip_dinoiser/artifacts/surrogate_random_v1/global_miou_surrogate_v1/knn/best_model.json",
      "candidates": [
        {
          "candidate_name": "k=3,weighted=True",
          "val_metrics": {
            "mae": 0.02094471919654528,
            "rmse": 0.02433390489424554,
            "r2": -0.9972011253618371,
            "spearman": -0.12621038112360897
          },
          "test_metrics": {
            "mae": 0.02279226198013462,
            "rmse": 0.030063106746499153,
            "r2": -0.7331111545795046,
            "spearman": -0.0669690314203768
          }
        },
        {
          "candidate_name": "k=3,weighted=False",
          "val_metrics": {
            "mae": 0.020833333333333037,
            "rmse": 0.024324199198876278,
            "r2": -0.9956082564776887,
            "spearman": -0.0803056513671948
          },
          "test_metrics": {
            "mae": 0.02270833333333222,
            "rmse": 0.029988423692410227,
            "r2": -0.7245110278817646,
            "spearman": -0.1013467966357523
          }
        },
        {
          "candidate_name": "k=5,weighted=True",
          "val_metrics": {
            "mae": 0.01749169891103275,
            "rmse": 0.020702808865573567,
            "r2": -0.4456286100219671,
            "spearman": 0.10948370410722705
          },
          "test_metrics": {
            "mae": 0.019007240695490868,
            "rmse": 0.026165970193066466,
            "r2": -0.31290222481633667,
            "spearman": -0.02083480977522834
          }
        },
        {
          "candidate_name": "k=5,weighted=False",
          "val_metrics": {
            "mae": 0.017374999999999696,
            "rmse": 0.020633710281962737,
            "r2": -0.43599472990772203,
            "spearman": 0.12353303546763401
          },
          "test_metrics": {
            "mae": 0.018875000000000197,
            "rmse": 0.025985572920372364,
            "r2": -0.2948614232209803,
            "spearman": -0.02083480977522834
          }
        },
        {
          "candidate_name": "k=9,weighted=True",
          "val_metrics": {
            "mae": 0.016699034741473495,
            "rmse": 0.01915875522466033,
            "r2": -0.2380345566556692,
            "spearman": 0.09579824109382369
          },
          "test_metrics": {
            "mae": 0.019842796050027145,
            "rmse": 0.02624649260618212,
            "r2": -0.32099523427981325,
            "spearman": -0.09822124608321933
          }
        },
        {
          "candidate_name": "k=9,weighted=False",
          "val_metrics": {
            "mae": 0.016597222222222374,
            "rmse": 0.019098106040154626,
            "r2": -0.23020868914592607,
            "spearman": 0.13771623282673257
          },
          "test_metrics": {
            "mae": 0.019791666666667318,
            "rmse": 0.02618635729997555,
            "r2": -0.31494890645955986,
            "spearman": -0.15351058902180129
          }
        },
        {
          "candidate_name": "k=15,weighted=True",
          "val_metrics": {
            "mae": 0.017806790694870234,
            "rmse": 0.019412194954309257,
            "r2": -0.2710056404966319,
            "spearman": 0.3086832213023208
          },
          "test_metrics": {
            "mae": 0.019128974948408484,
            "rmse": 0.024780324718972492,
            "r2": -0.17753191201123086,
            "spearman": -0.09375664398852752
          }
        },
        {
          "candidate_name": "k=15,weighted=False",
          "val_metrics": {
            "mae": 0.017833333333333812,
            "rmse": 0.019399312702602263,
            "r2": -0.26931927975413306,