{
  "validation_mode": "full",
  "validation_config": {
    "proxy_subset_size": 300,
    "proxy_seed": 0,
    "proxy_inference_mode": "whole",
    "full_eval_top_k": 3
  },
  "coco_stuff": {
    "validation_mode": "full",
    "used_inference_mode": "slide",
    "summary": {
      "mIoU": 23.88,
      "mAcc": 39.71,
      "aAcc": 37.56
    },
    "proxy_summary": null,
    "full_summary": {
      "mIoU": 23.88,
      "mAcc": 39.71,
      "aAcc": 37.56
    },
    "per_class": {
      "person": {
        "IoU": 12.579999923706053,
        "Acc": 13.170000076293945
      },
      "bicycle": {
        "IoU": 52.86000061035156,
        "Acc": 82.83000183105469
      },
      "car": {
        "IoU": 41.209999084472656,
        "Acc": 72.69999694824219
      },
      "motorcycle": {
        "IoU": 65.20999908447266,
        "Acc": 88.4800033569336
      },
      "airplane": {
        "IoU": 42.40999984741211,
        "Acc": 87.70999908447266
      },
      "bus": {
        "IoU": 62.52999877929688,
        "Acc": 86.63999938964844
      },
      "train": {
        "IoU": 54.369998931884766,
        "Acc": 73.56999969482422
      },
      "truck": {
        "IoU": 40.130001068115234,
        "Acc": 49.849998474121094
      },
      "boat": {
        "IoU": 31.559999465942383,
        "Acc": 81.68000030517578
      },
      "traffic light": {
        "IoU": 23.68000030517578,
        "Acc": 63.7400016784668
      },
      "fire hydrant": {
        "IoU": 57.54999923706055,
        "Acc": 81.97000122070312
      },
      "stop sign": {
        "IoU": 63.70000076293946,
        "Acc": 89.55999755859375
      },
      "parking meter": {
        "IoU": 29.93000030517578,
        "Acc": 35.90999984741211
      },
      "bench": {
        "IoU": 35.43000030517578,
        "Acc": 43.86000061035156
      },
      "bird": {
        "IoU": 59.599998474121094,
        "Acc": 83.5999984741211
      },
      "cat": {
        "IoU": 70.58999633789062,
        "Acc": 87.70999908447266
      },
      "dog": {
        "IoU": 62.65999984741211,
        "Acc": 81.91999816894531
      },
      "horse": {
        "IoU": 61.41999816894531,
        "Acc": 87.33999633789062
      },
      "sheep": {
        "IoU": 73.38999938964844,
        "Acc": 90.51000213623047
      },
      "cow": {
        "IoU": 65.48999786376953,
        "Acc": 83.0
      },
      "elephant": {
        "IoU": 79.47000122070312,
        "Acc": 93.97000122070312
      },
      "bear": {
        "IoU": 80.30000305175781,
        "Acc": 89.72000122070312
      },
      "zebra": {
        "IoU": 78.19000244140625,
        "Acc": 93.80000305175781
      },
      "giraffe": {
        "IoU": 47.83000183105469,
        "Acc": 89.56999969482422
      },
      "backpack": {
        "IoU": 8.289999961853027,
        "Acc": 53.36000061035156
      },
      "umbrella": {
        "IoU": 32.20000076293945,
        "Acc": 67.37000274658203
      },
      "handbag": {
        "IoU": 7.670000076293945,
        "Acc": 9.84000015258789
      },
      "tie": {
        "IoU": 1.2000000476837158,
        "Acc": 55.09000015258789
      },
      "suitcase": {
        "IoU": 45.41999816894531,
        "Acc": 52.720001220703125
      },
      "frisbee": {
        "IoU": 16.170000076293945,
        "Acc": 45.56999969482422
      },
      "skis": {
        "IoU": 7.2800002098083505,
        "Acc": 48.459999084472656
      },
      "snowboard": {
        "IoU": 15.390000343322754,
        "Acc": 56.040000915527344
      },
      "sports ball": {
        "IoU": 2.4100000858306885,
        "Acc": 54.029998779296875
      },
      "kite": {
        "IoU": 30.14999961853027,
        "Acc": 46.27000045776367
      },
      "baseball bat": {
        "IoU": 5.659999847412109,
        "Acc": 7.309999942779541
      },
      "baseball glove": {
        "IoU": 24.06999969482422,
        "Acc": 45.880001068115234
      },
      "skateboard": {
        "IoU": 19.520000457763672,
        "Acc": 52.91999816894531
      },
      "surfboard": {
        "IoU": 31.260000228881836,
        "Acc": 66.93000030517578
      },
      "tennis racket": {
        "IoU": 5.960000038146973,
        "Acc": 43.88999938964844
      },
      "bottle": {
        "IoU": 25.229999542236325,
        "Acc": 50.02999877929688
      },
      "wine glass": {
        "IoU": 32.11000061035156,
        "Acc": 65.5999984741211
      },
      "cup": {
        "IoU": 16.290000915527344,
        "Acc": 21.920000076293945
      },
      "fork": {
        "IoU": 10.579999923706055,
        "Acc": 11.289999961853027
      },
      "knife": {
        "IoU": 4.820000171661377,
        "Acc": 6.03000020980835
      },
      "spoon": {
        "IoU": 20.829999923706055,
        "Acc": 30.709999084472656
      },
      "bowl": {
        "IoU": 11.539999961853027,
        "Acc": 14.579999923706055
      },
      "banana": {
        "IoU": 35.59000015258789,
        "Acc": 44.2400016784668
      },
      "apple": {
        "IoU": 11.109999656677246,
        "Acc": 12.140000343322754
      },
      "sandwich": {
        "IoU": 12.289999961853027,
        "Acc": 13.119999885559084
      },
      "orange": {
        "IoU": 23.450000762939453,
        "Acc": 26.270000457763672
      },
      "broccoli": {
        "IoU": 4.320000171661377,
        "Acc": 4.510000228881836
      },
      "carrot": {
        "IoU": 22.3799991607666,
        "Acc": 22.899999618530273
      },
      "hot dog": {
        "IoU": 32.40999984741211,
        "Acc": 37.380001068115234
      },
      "pizza": {
        "IoU": 42.880001068115234,
        "Acc": 50.779998779296875
      },
      "donut": {
        "IoU": 48.06999969482422,
        "Acc": 52.0099983215332
      },
      "cake": {
        "IoU": 47.560001373291016,
        "Acc": 69.02999877929688
      },
      "chair": {
        "IoU": 12.15999984741211,
        "Acc": 12.869999885559084
      },
      "couch": {
        "IoU": 44.150001525878906,
        "Acc": 53.54999923706054
      },
      "potted plant": {
        "IoU": 8.09000015258789,
        "Acc": 10.210000038146973
      },
      "bed": {
        "IoU": 48.5,
        "Acc": 62.7599983215332
      },
      "dining table": {
        "IoU": 11.0,
        "Acc": 12.029999732971191
      },
      "toilet": {
        "IoU": 28.65999984741211,
        "Acc": 75.2699966430664
      },
      "tv": {
        "IoU": 28.389999389648434,
        "Acc": 35.2599983215332
      },
      "laptop": {
        "IoU": 43.16999816894531,
        "Acc": 62.619998931884766
      },
      "mouse": {
        "IoU": 19.440000534057617,
        "Acc": 37.939998626708984
      },
      "remote": {
        "IoU": 15.170000076293947,
        "Acc": 65.48999786376953
      },
      "keyboard": {
        "IoU": 40.27000045776367,
        "Acc": 58.34000015258789
      },
      "cell phone": {
        "IoU": 34.150001525878906,
        "Acc": 56.66999816894531
      },
      "microwave": {
        "IoU": 22.75,
        "Acc": 27.229999542236328
      },
      "oven": {
        "IoU": 24.18000030517578,
        "Acc": 70.83000183105469
      },
      "toaster": {
        "IoU": 23.1200008392334,
        "Acc": 51.95999908447265
      },
      "sink": {
        "IoU": 29.559999465942383,
        "Acc": 50.70000076293945
      },
      "refrigerator": {
        "IoU": 47.619998931884766,
        "Acc": 60.520000457763665
      },
      "book": {
        "IoU": 26.260000228881836,
        "Acc": 29.690000534057614
      },
      "clock": {
        "IoU": 43.29999923706055,
        "Acc": 81.44999694824219
      },
      "vase": {
        "IoU": 30.15999984741211,
        "Acc": 54.02000045776367
      },
      "scissors": {
        "IoU": 51.650001525878906,
        "Acc": 60.93000030517578
      },
      "teddy bear": {
        "IoU": 62.790000915527344,
        "Acc": 74.73999786376953
      },
      "hair drier": {
        "IoU": 2.0,
        "Acc": 14.319999694824217
      },