{
  "coco_stuff": {
    "summary": {
      "mIoU": 24.35,
      "mAcc": 41.36,
      "aAcc": 38.63
    },
    "per_class": {
      "person": {
        "IoU": 13.359999656677246,
        "Acc": 14.02000045776367
      },
      "bicycle": {
        "IoU": 52.790000915527344,
        "Acc": 83.41000366210938
      },
      "car": {
        "IoU": 43.16999816894531,
        "Acc": 75.5199966430664
      },
      "motorcycle": {
        "IoU": 65.87000274658203,
        "Acc": 88.76000213623047
      },
      "airplane": {
        "IoU": 41.5099983215332,
        "Acc": 89.70999908447266
      },
      "bus": {
        "IoU": 62.95999908447265,
        "Acc": 84.61000061035156
      },
      "train": {
        "IoU": 55.47999954223633,
        "Acc": 70.8499984741211
      },
      "truck": {
        "IoU": 38.66999816894531,
        "Acc": 48.2400016784668
      },
      "boat": {
        "IoU": 32.650001525878906,
        "Acc": 80.70999908447266
      },
      "traffic light": {
        "IoU": 20.920000076293945,
        "Acc": 69.02999877929688
      },
      "fire hydrant": {
        "IoU": 55.0099983215332,
        "Acc": 82.94999694824219
      },
      "stop sign": {
        "IoU": 59.93000030517578,
        "Acc": 91.05000305175781
      },
      "parking meter": {
        "IoU": 28.489999771118164,
        "Acc": 36.33000183105469
      },
      "bench": {
        "IoU": 36.029998779296875,
        "Acc": 45.84000015258789
      },
      "bird": {
        "IoU": 54.18000030517578,
        "Acc": 86.23999786376953
      },
      "cat": {
        "IoU": 69.54000091552734,
        "Acc": 88.5199966430664
      },
      "dog": {
        "IoU": 61.319999694824226,
        "Acc": 82.61000061035156
      },
      "horse": {
        "IoU": 61.319999694824226,
        "Acc": 86.86000061035156
      },
      "sheep": {
        "IoU": 73.58999633789062,
        "Acc": 90.0
      },
      "cow": {
        "IoU": 65.30000305175781,
        "Acc": 82.2699966430664
      },
      "elephant": {
        "IoU": 80.62999725341797,
        "Acc": 92.7699966430664
      },
      "bear": {
        "IoU": 79.23999786376953,
        "Acc": 90.3499984741211
      },
      "zebra": {
        "IoU": 78.0999984741211,
        "Acc": 93.43000030517578
      },
      "giraffe": {
        "IoU": 48.11000061035156,
        "Acc": 89.2699966430664
      },
      "backpack": {
        "IoU": 7.869999885559081,
        "Acc": 56.119998931884766
      },
      "umbrella": {
        "IoU": 33.099998474121094,
        "Acc": 70.23999786376953
      },
      "handbag": {
        "IoU": 8.5600004196167,
        "Acc": 11.319999694824219
      },
      "tie": {
        "IoU": 1.1200000047683716,
        "Acc": 54.66999816894531
      },
      "suitcase": {
        "IoU": 45.93000030517578,
        "Acc": 53.38999938964844
      },
      "frisbee": {
        "IoU": 12.1899995803833,
        "Acc": 51.95000076293945
      },
      "skis": {
        "IoU": 7.820000171661377,
        "Acc": 54.04999923706054
      },
      "snowboard": {
        "IoU": 13.8100004196167,
        "Acc": 61.95999908447266
      },
      "sports ball": {
        "IoU": 2.509999990463257,
        "Acc": 57.45000076293946
      },
      "kite": {
        "IoU": 29.459999084472656,
        "Acc": 50.83000183105468
      },
      "baseball bat": {
        "IoU": 5.849999904632568,
        "Acc": 8.630000114440918
      },
      "baseball glove": {
        "IoU": 22.530000686645508,
        "Acc": 47.369998931884766
      },
      "skateboard": {
        "IoU": 17.56999969482422,
        "Acc": 54.33000183105469
      },
      "surfboard": {
        "IoU": 27.110000610351566,
        "Acc": 71.61000061035156
      },
      "tennis racket": {
        "IoU": 6.550000190734863,
        "Acc": 48.45000076293945
      },
      "bottle": {
        "IoU": 25.090000152587887,
        "Acc": 53.279998779296875
      },
      "wine glass": {
        "IoU": 30.47999954223633,
        "Acc": 71.61000061035156
      },
      "cup": {
        "IoU": 17.299999237060547,
        "Acc": 24.860000610351562
      },
      "fork": {
        "IoU": 13.550000190734862,
        "Acc": 14.9399995803833
      },
      "knife": {
        "IoU": 4.730000019073486,
        "Acc": 6.190000057220459
      },
      "spoon": {
        "IoU": 18.8700008392334,
        "Acc": 32.63999938964844
      },
      "bowl": {
        "IoU": 12.380000114440918,
        "Acc": 16.200000762939453
      },
      "banana": {
        "IoU": 36.52000045776367,
        "Acc": 45.970001220703125
      },
      "apple": {
        "IoU": 11.300000190734863,
        "Acc": 12.699999809265137
      },
      "sandwich": {
        "IoU": 13.72999954223633,
        "Acc": 14.859999656677248
      },
      "orange": {
        "IoU": 22.510000228881836,
        "Acc": 25.790000915527344
      },
      "broccoli": {
        "IoU": 13.9399995803833,
        "Acc": 14.920000076293945
      },
      "carrot": {
        "IoU": 27.110000610351566,
        "Acc": 27.979999542236328
      },
      "hot dog": {
        "IoU": 34.540000915527344,
        "Acc": 40.58000183105469
      },
      "pizza": {
        "IoU": 43.849998474121094,
        "Acc": 52.400001525878906
      },
      "donut": {
        "IoU": 50.220001220703125,
        "Acc": 54.700000762939446
      },
      "cake": {
        "IoU": 47.72999954223633,
        "Acc": 70.13999938964844
      },
      "chair": {
        "IoU": 14.779999732971191,
        "Acc": 16.030000686645508
      },
      "couch": {
        "IoU": 46.45000076293945,
        "Acc": 57.7599983215332
      },
      "potted plant": {
        "IoU": 8.899999618530273,
        "Acc": 11.800000190734863
      },
      "bed": {
        "IoU": 48.29999923706055,
        "Acc": 61.25000000000001
      },
      "dining table": {
        "IoU": 10.880000114440918,
        "Acc": 11.920000076293945
      },
      "toilet": {
        "IoU": 30.79999923706055,
        "Acc": 76.0199966430664
      },
      "tv": {
        "IoU": 28.76000022888184,
        "Acc": 36.41999816894531
      },
      "laptop": {
        "IoU": 43.349998474121094,
        "Acc": 64.47000122070312
      },
      "mouse": {
        "IoU": 20.219999313354492,
        "Acc": 42.189998626708984
      },
      "remote": {
        "IoU": 14.399999618530273,
        "Acc": 66.01000213623047
      },
      "keyboard": {
        "IoU": 38.880001068115234,
        "Acc": 58.650001525878906
      },
      "cell phone": {
        "IoU": 32.83000183105469,
        "Acc": 58.0900001525879
      },
      "microwave": {
        "IoU": 23.06999969482422,
        "Acc": 29.670000076293945
      },
      "oven": {
        "IoU": 24.06999969482422,
        "Acc": 70.11000061035156
      },
      "toaster": {
        "IoU": 20.1200008392334,
        "Acc": 52.18000030517578
      },
      "sink": {
        "IoU": 30.700000762939457,
        "Acc": 54.49000167846679
      },
      "refrigerator": {
        "IoU": 49.11000061035156,
        "Acc": 61.7400016784668
      },
      "book": {
        "IoU": 28.11000061035156,
        "Acc": 32.5099983215332
      },
      "clock": {
        "IoU": 42.709999084472656,
        "Acc": 83.12000274658203
      },
      "vase": {
        "IoU": 29.18000030517578,
        "Acc": 55.369998931884766
      },
      "scissors": {
        "IoU": 51.150001525878906,
        "Acc": 62.93000030517578
      },
      "teddy bear": {
        "IoU": 62.220001220703125,
        "Acc": 76.05999755859375
      },
      "hair drier": {
        "IoU": 2.059999942779541,
        "Acc": 15.510000228881838
      },
      "toothbrush": {
        "IoU": 25.56999969482422,
        "Acc": 54.84000015258788
      },
      "banner": {
        "IoU": 2.0899999141693115,
        "Acc": 74.58000183105469
      },
      "blanket": {
        "IoU": 6.239999771118164,
        "Acc": 19.309999465942383
      },
      "branch": {
        "IoU": 6.369999885559081,