{
  "coco_stuff": {
    "summary": {
      "mIoU": 24.33,
      "mAcc": 41.35,
      "aAcc": 38.66
    },
    "per_class": {
      "person": {
        "IoU": 13.180000305175781,
        "Acc": 13.8100004196167
      },
      "bicycle": {
        "IoU": 52.66999816894531,
        "Acc": 83.20999908447266
      },
      "car": {
        "IoU": 43.0099983215332,
        "Acc": 75.45999908447266
      },
      "motorcycle": {
        "IoU": 65.9000015258789,
        "Acc": 88.62000274658203
      },
      "airplane": {
        "IoU": 41.63999938964844,
        "Acc": 89.55000305175781
      },
      "bus": {
        "IoU": 62.97999954223633,
        "Acc": 85.30000305175781
      },
      "train": {
        "IoU": 55.79999923706055,
        "Acc": 71.52999877929688
      },
      "truck": {
        "IoU": 38.72999954223633,
        "Acc": 48.369998931884766
      },
      "boat": {
        "IoU": 32.4900016784668,
        "Acc": 80.87999725341797
      },
      "traffic light": {
        "IoU": 20.420000076293945,
        "Acc": 69.4000015258789
      },
      "fire hydrant": {
        "IoU": 55.0099983215332,
        "Acc": 83.02999877929688
      },
      "stop sign": {
        "IoU": 59.79999923706054,
        "Acc": 91.1500015258789
      },
      "parking meter": {
        "IoU": 28.000000000000004,
        "Acc": 36.029998779296875
      },
      "bench": {
        "IoU": 36.04999923706055,
        "Acc": 45.79999923706055
      },
      "bird": {
        "IoU": 53.99000167846679,
        "Acc": 86.29000091552734
      },
      "cat": {
        "IoU": 69.52999877929688,
        "Acc": 88.58000183105469
      },
      "dog": {
        "IoU": 61.2400016784668,
        "Acc": 82.73999786376953
      },
      "horse": {
        "IoU": 61.25000000000001,
        "Acc": 87.18000030517578
      },
      "sheep": {
        "IoU": 73.31999969482422,
        "Acc": 90.51000213623047
      },
      "cow": {
        "IoU": 65.12999725341797,
        "Acc": 82.61000061035156
      },
      "elephant": {
        "IoU": 80.48999786376953,
        "Acc": 92.7699966430664
      },
      "bear": {
        "IoU": 79.08999633789062,
        "Acc": 90.56999969482422
      },
      "zebra": {
        "IoU": 77.7300033569336,
        "Acc": 93.6500015258789
      },
      "giraffe": {
        "IoU": 47.52000045776367,
        "Acc": 89.88999938964844
      },
      "backpack": {
        "IoU": 7.920000076293945,
        "Acc": 56.15999984741211
      },
      "umbrella": {
        "IoU": 32.720001220703125,
        "Acc": 70.1500015258789
      },
      "handbag": {
        "IoU": 8.550000190734863,
        "Acc": 11.34000015258789
      },
      "tie": {
        "IoU": 1.100000023841858,
        "Acc": 53.93000030517578
      },
      "suitcase": {
        "IoU": 46.18000030517578,
        "Acc": 53.52000045776367
      },
      "frisbee": {
        "IoU": 12.069999694824219,
        "Acc": 52.040000915527344
      },
      "skis": {
        "IoU": 7.7100000381469735,
        "Acc": 55.3499984741211
      },
      "snowboard": {
        "IoU": 14.079999923706055,
        "Acc": 62.369998931884766
      },
      "sports ball": {
        "IoU": 2.509999990463257,
        "Acc": 57.22999954223633
      },
      "kite": {
        "IoU": 29.26000022888184,
        "Acc": 50.65999984741211
      },
      "baseball bat": {
        "IoU": 5.489999771118164,
        "Acc": 7.929999828338623
      },
      "baseball glove": {
        "IoU": 23.040000915527344,
        "Acc": 47.459999084472656
      },
      "skateboard": {
        "IoU": 17.459999084472656,
        "Acc": 53.54999923706054
      },
      "surfboard": {
        "IoU": 29.389999389648438,
        "Acc": 72.05000305175781
      },
      "tennis racket": {
        "IoU": 6.510000228881836,
        "Acc": 48.13999938964844
      },
      "bottle": {
        "IoU": 25.20000076293945,
        "Acc": 53.2400016784668
      },
      "wine glass": {
        "IoU": 30.72999954223633,
        "Acc": 70.3499984741211
      },
      "cup": {
        "IoU": 17.290000915527344,
        "Acc": 24.530000686645508
      },
      "fork": {
        "IoU": 13.470000267028809,
        "Acc": 14.78999996185303
      },
      "knife": {
        "IoU": 4.889999866485596,
        "Acc": 6.360000133514404
      },
      "spoon": {
        "IoU": 19.020000457763672,
        "Acc": 31.809999465942383
      },
      "bowl": {
        "IoU": 12.380000114440918,
        "Acc": 16.15999984741211
      },
      "banana": {
        "IoU": 36.5099983215332,
        "Acc": 45.86000061035156
      },
      "apple": {
        "IoU": 11.260000228881836,
        "Acc": 12.640000343322754
      },
      "sandwich": {
        "IoU": 13.689999580383299,
        "Acc": 14.78999996185303
      },
      "orange": {
        "IoU": 22.540000915527344,
        "Acc": 25.809999465942386
      },
      "broccoli": {
        "IoU": 8.800000190734863,
        "Acc": 9.350000381469727
      },
      "carrot": {
        "IoU": 25.540000915527344,
        "Acc": 26.329999923706055
      },
      "hot dog": {
        "IoU": 34.61000061035156,
        "Acc": 40.58000183105469
      },
      "pizza": {
        "IoU": 43.84000015258789,
        "Acc": 52.36000061035156
      },
      "donut": {
        "IoU": 50.02999877929688,
        "Acc": 54.52000045776367
      },
      "cake": {
        "IoU": 48.04999923706055,
        "Acc": 70.0199966430664
      },
      "chair": {
        "IoU": 14.569999694824217,
        "Acc": 15.760000228881834
      },
      "couch": {
        "IoU": 46.369998931884766,
        "Acc": 57.22000122070312
      },
      "potted plant": {
        "IoU": 9.039999961853027,
        "Acc": 11.960000038146973
      },
      "bed": {
        "IoU": 48.439998626708984,
        "Acc": 61.2599983215332
      },
      "dining table": {
        "IoU": 11.770000457763672,
        "Acc": 12.949999809265137
      },
      "toilet": {
        "IoU": 30.709999084472656,
        "Acc": 76.26000213623047
      },
      "tv": {
        "IoU": 28.719999313354492,
        "Acc": 36.52000045776367
      },
      "laptop": {
        "IoU": 43.41999816894531,
        "Acc": 64.33000183105469
      },
      "mouse": {
        "IoU": 20.989999771118164,
        "Acc": 43.47999954223633
      },
      "remote": {
        "IoU": 14.63000011444092,
        "Acc": 66.5199966430664
      },
      "keyboard": {
        "IoU": 39.7400016784668,
        "Acc": 58.95000076293946
      },
      "cell phone": {
        "IoU": 32.790000915527344,
        "Acc": 57.799999237060554
      },
      "microwave": {
        "IoU": 23.68000030517578,
        "Acc": 30.260000228881832
      },
      "oven": {
        "IoU": 24.040000915527344,
        "Acc": 69.9800033569336
      },
      "toaster": {
        "IoU": 20.190000534057617,
        "Acc": 51.790000915527344
      },
      "sink": {
        "IoU": 31.190000534057617,
        "Acc": 54.900001525878906
      },
      "refrigerator": {
        "IoU": 49.31999969482422,
        "Acc": 61.84000015258789
      },
      "book": {
        "IoU": 27.930000305175785,
        "Acc": 32.31999969482422
      },
      "clock": {
        "IoU": 42.650001525878906,
        "Acc": 82.95999908447266
      },
      "vase": {
        "IoU": 29.110000610351562,
        "Acc": 54.880001068115234
      },
      "scissors": {
        "IoU": 51.290000915527344,
        "Acc": 62.84000015258789
      },
      "teddy bear": {
        "IoU": 62.29999923706055,
        "Acc": 75.51000213623047
      },
      "hair drier": {
        "IoU": 1.9500000476837156,
        "Acc": 15.569999694824219
      },
      "toothbrush": {
        "IoU": 25.1200008392334,
        "Acc": 56.029998779296875
      },
      "banner": {
        "IoU": 2.0899999141693115,
        "Acc": 74.86000061035156
      },
      "blanket": {
        "IoU": 6.179999828338623,
        "Acc": 19.040000915527344
      },
      "branch": {
        "IoU": 6.380000114440917,