{
  "coco_stuff": {
    "summary": {
      "mIoU": 24.32,
      "mAcc": 41.35,
      "aAcc": 38.7
    },
    "per_class": {
      "person": {
        "IoU": 13.25,
        "Acc": 13.880000114440918
      },
      "bicycle": {
        "IoU": 52.810001373291016,
        "Acc": 83.52999877929688
      },
      "car": {
        "IoU": 43.13999938964844,
        "Acc": 75.16999816894531
      },
      "motorcycle": {
        "IoU": 66.30999755859375,
        "Acc": 88.54000091552734
      },
      "airplane": {
        "IoU": 40.91999816894531,
        "Acc": 90.80999755859375
      },
      "bus": {
        "IoU": 63.060001373291016,
        "Acc": 84.79000091552734
      },
      "train": {
        "IoU": 55.689998626708984,
        "Acc": 71.52999877929688
      },
      "truck": {
        "IoU": 38.40999984741211,
        "Acc": 47.9900016784668
      },
      "boat": {
        "IoU": 32.599998474121094,
        "Acc": 80.94000244140625
      },
      "traffic light": {
        "IoU": 20.56999969482422,
        "Acc": 69.33999633789062
      },
      "fire hydrant": {
        "IoU": 55.20000076293945,
        "Acc": 82.87000274658203
      },
      "stop sign": {
        "IoU": 59.7599983215332,
        "Acc": 91.01000213623047
      },
      "parking meter": {
        "IoU": 28.239999771118164,
        "Acc": 36.11000061035156
      },
      "bench": {
        "IoU": 36.16999816894531,
        "Acc": 46.119998931884766
      },
      "bird": {
        "IoU": 53.56999969482422,
        "Acc": 86.37000274658203
      },
      "cat": {
        "IoU": 69.7300033569336,
        "Acc": 88.29000091552734
      },
      "dog": {
        "IoU": 61.2400016784668,
        "Acc": 82.33000183105469
      },
      "horse": {
        "IoU": 61.509998321533196,
        "Acc": 86.80999755859375
      },
      "sheep": {
        "IoU": 73.45999908447266,
        "Acc": 90.2699966430664
      },
      "cow": {
        "IoU": 65.16000366210938,
        "Acc": 82.44999694824219
      },
      "elephant": {
        "IoU": 80.61000061035156,
        "Acc": 92.76000213623047
      },
      "bear": {
        "IoU": 79.1500015258789,
        "Acc": 90.41999816894531
      },
      "zebra": {
        "IoU": 77.80000305175781,
        "Acc": 93.7699966430664
      },
      "giraffe": {
        "IoU": 47.68000030517578,
        "Acc": 89.62000274658203
      },
      "backpack": {
        "IoU": 7.929999828338623,
        "Acc": 56.25
      },
      "umbrella": {
        "IoU": 32.63999938964844,
        "Acc": 70.30000305175781
      },
      "handbag": {
        "IoU": 8.609999656677246,
        "Acc": 11.390000343322754
      },
      "tie": {
        "IoU": 1.1100000143051147,
        "Acc": 54.18999862670898
      },
      "suitcase": {
        "IoU": 46.22999954223633,
        "Acc": 53.66999816894531
      },
      "frisbee": {
        "IoU": 11.670000076293945,
        "Acc": 51.900001525878906
      },
      "skis": {
        "IoU": 7.650000095367432,
        "Acc": 55.75
      },
      "snowboard": {
        "IoU": 13.680000305175783,
        "Acc": 62.810001373291016
      },
      "sports ball": {
        "IoU": 2.509999990463257,
        "Acc": 58.2599983215332
      },
      "kite": {
        "IoU": 28.270000457763672,
        "Acc": 51.47000122070312
      },
      "baseball bat": {
        "IoU": 5.829999923706055,
        "Acc": 8.640000343322754
      },
      "baseball glove": {
        "IoU": 22.6299991607666,
        "Acc": 47.20000076293945
      },
      "skateboard": {
        "IoU": 17.420000076293945,
        "Acc": 54.02000045776367
      },
      "surfboard": {
        "IoU": 28.930000305175778,
        "Acc": 71.51000213623047
      },
      "tennis racket": {
        "IoU": 6.480000019073487,
        "Acc": 48.119998931884766
      },
      "bottle": {
        "IoU": 25.110000610351562,
        "Acc": 53.54999923706054
      },
      "wine glass": {
        "IoU": 30.739999771118164,
        "Acc": 71.61000061035156
      },
      "cup": {
        "IoU": 17.15999984741211,
        "Acc": 24.540000915527344
      },
      "fork": {
        "IoU": 13.699999809265137,
        "Acc": 15.09000015258789
      },
      "knife": {
        "IoU": 4.769999980926514,
        "Acc": 6.260000228881836
      },
      "spoon": {
        "IoU": 18.59000015258789,
        "Acc": 31.95000076293945
      },
      "bowl": {
        "IoU": 12.460000038146973,
        "Acc": 16.309999465942383
      },
      "banana": {
        "IoU": 36.619998931884766,
        "Acc": 46.0
      },
      "apple": {
        "IoU": 11.350000381469727,
        "Acc": 12.699999809265137
      },
      "sandwich": {
        "IoU": 13.380000114440918,
        "Acc": 14.449999809265138
      },
      "orange": {
        "IoU": 22.549999237060547,
        "Acc": 25.840000152587887
      },
      "broccoli": {
        "IoU": 7.929999828338623,
        "Acc": 8.460000038146973
      },
      "carrot": {
        "IoU": 26.549999237060547,
        "Acc": 27.350000381469723
      },
      "hot dog": {
        "IoU": 34.25,
        "Acc": 40.099998474121094
      },
      "pizza": {
        "IoU": 43.880001068115234,
        "Acc": 52.380001068115234
      },
      "donut": {
        "IoU": 50.22999954223633,
        "Acc": 54.56000137329101
      },
      "cake": {
        "IoU": 47.84000015258789,
        "Acc": 69.8499984741211
      },
      "chair": {
        "IoU": 14.699999809265138,
        "Acc": 15.920000076293944
      },
      "couch": {
        "IoU": 46.45000076293945,
        "Acc": 57.419998168945305
      },
      "potted plant": {
        "IoU": 8.90999984741211,
        "Acc": 11.739999771118164
      },
      "bed": {
        "IoU": 48.209999084472656,
        "Acc": 61.06999969482422
      },
      "dining table": {
        "IoU": 10.859999656677246,
        "Acc": 11.890000343322754
      },
      "toilet": {
        "IoU": 30.709999084472656,
        "Acc": 76.37999725341797
      },
      "tv": {
        "IoU": 28.579999923706055,
        "Acc": 36.29999923706055
      },
      "laptop": {
        "IoU": 43.66999816894531,
        "Acc": 64.8499984741211
      },
      "mouse": {
        "IoU": 20.459999084472656,
        "Acc": 42.16999816894531
      },
      "remote": {
        "IoU": 14.699999809265138,
        "Acc": 66.58999633789062
      },
      "keyboard": {
        "IoU": 38.7599983215332,
        "Acc": 58.20999908447265
      },
      "cell phone": {
        "IoU": 32.81999969482422,
        "Acc": 58.060001373291016
      },
      "microwave": {
        "IoU": 23.229999542236328,
        "Acc": 29.729999542236328
      },
      "oven": {
        "IoU": 24.229999542236328,
        "Acc": 70.43000030517578
      },
      "toaster": {
        "IoU": 20.309999465942383,
        "Acc": 52.02999877929687
      },
      "sink": {
        "IoU": 30.8700008392334,
        "Acc": 54.36000061035157
      },
      "refrigerator": {
        "IoU": 49.38999938964844,
        "Acc": 61.58000183105469
      },
      "book": {
        "IoU": 27.850000381469727,
        "Acc": 32.209999084472656
      },
      "clock": {
        "IoU": 43.189998626708984,
        "Acc": 82.69999694824219
      },
      "vase": {
        "IoU": 29.700000762939453,
        "Acc": 54.970001220703125
      },
      "scissors": {
        "IoU": 51.3400001525879,
        "Acc": 62.86000061035156
      },
      "teddy bear": {
        "IoU": 62.29999923706055,
        "Acc": 75.97000122070312
      },
      "hair drier": {
        "IoU": 1.8400000333786013,
        "Acc": 14.920000076293945
      },
      "toothbrush": {
        "IoU": 25.27000045776367,
        "Acc": 55.52000045776367
      },
      "banner": {
        "IoU": 2.0799999237060547,
        "Acc": 74.44000244140625
      },
      "blanket": {
        "IoU": 6.130000114440918,
        "Acc": 19.110000610351562
      },
      "branch": {
        "IoU": 6.300000190734862,
        "Acc": 41.290000915527344
      },