{
  "coco_stuff": {
    "summary": {
      "mIoU": 24.36,
      "mAcc": 41.33,
      "aAcc": 38.69
    },
    "per_class": {
      "person": {
        "IoU": 13.239999771118164,
        "Acc": 13.880000114440918
      },
      "bicycle": {
        "IoU": 52.68999862670899,
        "Acc": 83.80000305175781
      },
      "car": {
        "IoU": 43.40999984741211,
        "Acc": 75.08000183105469
      },
      "motorcycle": {
        "IoU": 66.26000213623047,
        "Acc": 88.66999816894531
      },
      "airplane": {
        "IoU": 41.54999923706055,
        "Acc": 89.80999755859375
      },
      "bus": {
        "IoU": 63.43000030517578,
        "Acc": 85.13999938964844
      },
      "train": {
        "IoU": 56.08000183105468,
        "Acc": 71.83000183105469
      },
      "truck": {
        "IoU": 38.880001068115234,
        "Acc": 48.540000915527344
      },
      "boat": {
        "IoU": 32.90999984741211,
        "Acc": 81.08000183105469
      },
      "traffic light": {
        "IoU": 20.770000457763672,
        "Acc": 68.58999633789062
      },
      "fire hydrant": {
        "IoU": 55.27999877929688,
        "Acc": 83.12000274658203
      },
      "stop sign": {
        "IoU": 60.06999969482422,
        "Acc": 91.0
      },
      "parking meter": {
        "IoU": 28.809999465942383,
        "Acc": 36.779998779296875
      },
      "bench": {
        "IoU": 36.029998779296875,
        "Acc": 45.88999938964844
      },
      "bird": {
        "IoU": 54.15999984741211,
        "Acc": 85.6500015258789
      },
      "cat": {
        "IoU": 69.72000122070312,
        "Acc": 88.33000183105469
      },
      "dog": {
        "IoU": 61.389999389648445,
        "Acc": 82.48999786376953
      },
      "horse": {
        "IoU": 61.16999816894532,
        "Acc": 87.19999694824219
      },
      "sheep": {
        "IoU": 73.69000244140625,
        "Acc": 89.80999755859375
      },
      "cow": {
        "IoU": 65.38999938964844,
        "Acc": 81.97000122070312
      },
      "elephant": {
        "IoU": 80.80999755859375,
        "Acc": 92.36000061035156
      },
      "bear": {
        "IoU": 79.23999786376953,
        "Acc": 90.08999633789062
      },
      "zebra": {
        "IoU": 78.37000274658203,
        "Acc": 93.05000305175781
      },
      "giraffe": {
        "IoU": 48.0,
        "Acc": 88.41000366210938
      },
      "backpack": {
        "IoU": 7.909999847412109,
        "Acc": 56.72999954223633
      },
      "umbrella": {
        "IoU": 32.849998474121094,
        "Acc": 70.1500015258789
      },
      "handbag": {
        "IoU": 8.630000114440918,
        "Acc": 11.510000228881836
      },
      "tie": {
        "IoU": 1.090000033378601,
        "Acc": 53.900001525878906
      },
      "suitcase": {
        "IoU": 46.220001220703125,
        "Acc": 53.4099998474121
      },
      "frisbee": {
        "IoU": 11.65999984741211,
        "Acc": 51.24999999999999
      },
      "skis": {
        "IoU": 7.570000171661377,
        "Acc": 52.169998168945305
      },
      "snowboard": {
        "IoU": 13.40999984741211,
        "Acc": 59.529998779296875
      },
      "sports ball": {
        "IoU": 2.5199999809265137,
        "Acc": 58.119998931884766
      },
      "kite": {
        "IoU": 28.989999771118164,
        "Acc": 50.709999084472656
      },
      "baseball bat": {
        "IoU": 5.730000019073486,
        "Acc": 8.569999694824219
      },
      "baseball glove": {
        "IoU": 22.709999084472656,
        "Acc": 47.83000183105469
      },
      "skateboard": {
        "IoU": 17.6200008392334,
        "Acc": 54.270000457763665
      },
      "surfboard": {
        "IoU": 28.430000305175778,
        "Acc": 72.43000030517578
      },
      "tennis racket": {
        "IoU": 6.480000019073487,
        "Acc": 48.15999984741211
      },
      "bottle": {
        "IoU": 25.059999465942383,
        "Acc": 52.8400001525879
      },
      "wine glass": {
        "IoU": 30.57999992370605,
        "Acc": 70.6500015258789
      },
      "cup": {
        "IoU": 17.149999618530273,
        "Acc": 24.520000457763672
      },
      "fork": {
        "IoU": 13.840000152587892,
        "Acc": 15.239999771118166
      },
      "knife": {
        "IoU": 4.840000152587891,
        "Acc": 6.320000171661377
      },
      "spoon": {
        "IoU": 19.0,
        "Acc": 32.369998931884766
      },
      "bowl": {
        "IoU": 12.40999984741211,
        "Acc": 16.260000228881836
      },
      "banana": {
        "IoU": 36.40999984741211,
        "Acc": 45.77000045776367
      },
      "apple": {
        "IoU": 11.329999923706055,
        "Acc": 12.720000267028809
      },
      "sandwich": {
        "IoU": 13.590000152587892,
        "Acc": 14.65999984741211
      },
      "orange": {
        "IoU": 22.270000457763672,
        "Acc": 25.489999771118164
      },
      "broccoli": {
        "IoU": 11.739999771118164,
        "Acc": 12.529999732971191
      },
      "carrot": {
        "IoU": 26.790000915527344,
        "Acc": 27.629999160766598
      },
      "hot dog": {
        "IoU": 34.20000076293945,
        "Acc": 40.15999984741211
      },
      "pizza": {
        "IoU": 43.91999816894531,
        "Acc": 52.33000183105469
      },
      "donut": {
        "IoU": 50.180000305175774,
        "Acc": 54.59000015258789
      },
      "cake": {
        "IoU": 47.83000183105469,
        "Acc": 70.13999938964844
      },
      "chair": {
        "IoU": 14.670000076293945,
        "Acc": 15.899999618530272
      },
      "couch": {
        "IoU": 46.45000076293945,
        "Acc": 57.68000030517578
      },
      "potted plant": {
        "IoU": 8.770000457763672,
        "Acc": 11.569999694824219
      },
      "bed": {
        "IoU": 48.470001220703125,
        "Acc": 61.220001220703125
      },
      "dining table": {
        "IoU": 11.109999656677246,
        "Acc": 12.1899995803833
      },
      "toilet": {
        "IoU": 30.969999313354492,
        "Acc": 76.30999755859375
      },
      "tv": {
        "IoU": 28.749999999999996,
        "Acc": 36.59000015258789
      },
      "laptop": {
        "IoU": 43.689998626708984,
        "Acc": 65.48999786376953
      },
      "mouse": {
        "IoU": 20.790000915527344,
        "Acc": 43.97999954223633
      },
      "remote": {
        "IoU": 14.550000190734863,
        "Acc": 66.30000305175781
      },
      "keyboard": {
        "IoU": 39.43000030517578,
        "Acc": 58.599998474121094
      },
      "cell phone": {
        "IoU": 32.900001525878906,
        "Acc": 58.27000045776367
      },
      "microwave": {
        "IoU": 23.0,
        "Acc": 29.479999542236328
      },
      "oven": {
        "IoU": 24.15999984741211,
        "Acc": 70.13999938964844
      },
      "toaster": {
        "IoU": 20.299999237060547,
        "Acc": 51.90999984741212
      },
      "sink": {
        "IoU": 30.93000030517578,
        "Acc": 54.70999908447266
      },
      "refrigerator": {
        "IoU": 49.560001373291016,
        "Acc": 61.40000152587891
      },
      "book": {
        "IoU": 27.95999908447266,
        "Acc": 32.310001373291016
      },
      "clock": {
        "IoU": 42.7599983215332,
        "Acc": 82.81999969482422
      },
      "vase": {
        "IoU": 29.280000686645508,
        "Acc": 55.22000122070313
      },
      "scissors": {
        "IoU": 50.97999954223633,
        "Acc": 62.79999923706055
      },
      "teddy bear": {
        "IoU": 62.349998474121094,
        "Acc": 76.12999725341797
      },
      "hair drier": {
        "IoU": 2.0,
        "Acc": 15.789999961853027
      },
      "toothbrush": {
        "IoU": 24.989999771118164,
        "Acc": 55.529998779296875
      },
      "banner": {
        "IoU": 2.119999885559082,
        "Acc": 74.5199966430664
      },
      "blanket": {
        "IoU": 6.179999828338623,
        "Acc": 19.18000030517578
      },
      "branch": {
        "IoU": 6.300000190734862,
        "Acc": 41.619998931884766
      },