{
  "coco_stuff": {
    "summary": {
      "mIoU": 24.27,
      "mAcc": 41.3,
      "aAcc": 38.6
    },
    "per_class": {
      "person": {
        "IoU": 13.140000343322756,
        "Acc": 13.77999973297119
      },
      "bicycle": {
        "IoU": 52.900001525878906,
        "Acc": 83.5199966430664
      },
      "car": {
        "IoU": 42.88999938964844,
        "Acc": 75.19999694824219
      },
      "motorcycle": {
        "IoU": 66.20999908447266,
        "Acc": 88.45999908447266
      },
      "airplane": {
        "IoU": 41.70000076293945,
        "Acc": 89.58999633789062
      },
      "bus": {
        "IoU": 62.79999923706055,
        "Acc": 84.41999816894531
      },
      "train": {
        "IoU": 55.080001831054695,
        "Acc": 70.51000213623047
      },
      "truck": {
        "IoU": 38.33000183105469,
        "Acc": 47.849998474121094
      },
      "boat": {
        "IoU": 32.75,
        "Acc": 80.83000183105469
      },
      "traffic light": {
        "IoU": 20.75,
        "Acc": 68.5
      },
      "fire hydrant": {
        "IoU": 54.970001220703125,
        "Acc": 82.7699966430664
      },
      "stop sign": {
        "IoU": 60.38999938964844,
        "Acc": 90.94999694824219
      },
      "parking meter": {
        "IoU": 28.420000076293945,
        "Acc": 36.220001220703125
      },
      "bench": {
        "IoU": 36.04999923706055,
        "Acc": 46.11000061035156
      },
      "bird": {
        "IoU": 54.02000045776367,
        "Acc": 86.27999877929688
      },
      "cat": {
        "IoU": 69.4800033569336,
        "Acc": 88.54000091552734
      },
      "dog": {
        "IoU": 61.189998626708984,
        "Acc": 82.30000305175781
      },
      "horse": {
        "IoU": 61.27000045776367,
        "Acc": 86.9000015258789
      },
      "sheep": {
        "IoU": 73.76000213623047,
        "Acc": 89.83000183105469
      },
      "cow": {
        "IoU": 65.45999908447266,
        "Acc": 81.9800033569336
      },
      "elephant": {
        "IoU": 80.7699966430664,
        "Acc": 92.4000015258789
      },
      "bear": {
        "IoU": 79.20999908447266,
        "Acc": 90.23999786376953
      },
      "zebra": {
        "IoU": 78.6500015258789,
        "Acc": 92.87999725341797
      },
      "giraffe": {
        "IoU": 48.0,
        "Acc": 88.94999694824219
      },
      "backpack": {
        "IoU": 7.900000095367432,
        "Acc": 56.1500015258789
      },
      "umbrella": {
        "IoU": 32.880001068115234,
        "Acc": 70.38999938964844
      },
      "handbag": {
        "IoU": 8.5600004196167,
        "Acc": 11.359999656677246
      },
      "tie": {
        "IoU": 1.100000023841858,
        "Acc": 53.91999816894531
      },
      "suitcase": {
        "IoU": 46.04999923706055,
        "Acc": 53.56999969482422
      },
      "frisbee": {
        "IoU": 11.869999885559082,
        "Acc": 51.47000122070312
      },
      "skis": {
        "IoU": 7.739999771118164,
        "Acc": 56.22999954223633
      },
      "snowboard": {
        "IoU": 13.640000343322752,
        "Acc": 62.779998779296875
      },
      "sports ball": {
        "IoU": 2.509999990463257,
        "Acc": 58.299999237060554
      },
      "kite": {
        "IoU": 29.25,
        "Acc": 50.63999938964844
      },
      "baseball bat": {
        "IoU": 5.739999771118164,
        "Acc": 8.770000457763672
      },
      "baseball glove": {
        "IoU": 22.239999771118164,
        "Acc": 46.959999084472656
      },
      "skateboard": {
        "IoU": 17.3799991607666,
        "Acc": 54.759998321533196
      },
      "surfboard": {
        "IoU": 26.25,
        "Acc": 72.88999938964844
      },
      "tennis racket": {
        "IoU": 6.590000152587891,
        "Acc": 48.59000015258789
      },
      "bottle": {
        "IoU": 24.969999313354492,
        "Acc": 52.900001525878906
      },
      "wine glass": {
        "IoU": 30.71999931335449,
        "Acc": 70.87000274658203
      },
      "cup": {
        "IoU": 17.149999618530273,
        "Acc": 24.479999542236328
      },
      "fork": {
        "IoU": 13.600000381469727,
        "Acc": 15.029999732971191
      },
      "knife": {
        "IoU": 4.809999942779541,
        "Acc": 6.28000020980835
      },
      "spoon": {
        "IoU": 18.649999618530273,
        "Acc": 32.130001068115234
      },
      "bowl": {
        "IoU": 12.329999923706055,
        "Acc": 16.1200008392334
      },
      "banana": {
        "IoU": 36.02000045776367,
        "Acc": 45.41999816894531
      },
      "apple": {
        "IoU": 11.239999771118164,
        "Acc": 12.640000343322754
      },
      "sandwich": {
        "IoU": 13.439999580383299,
        "Acc": 14.510000228881836
      },
      "orange": {
        "IoU": 22.139999389648438,
        "Acc": 25.350000381469727
      },
      "broccoli": {
        "IoU": 8.859999656677246,
        "Acc": 9.4399995803833
      },
      "carrot": {
        "IoU": 24.709999084472656,
        "Acc": 25.469999313354492
      },
      "hot dog": {
        "IoU": 34.119998931884766,
        "Acc": 39.90999984741211
      },
      "pizza": {
        "IoU": 43.36000061035156,
        "Acc": 51.709999084472656
      },
      "donut": {
        "IoU": 49.790000915527344,
        "Acc": 54.13999938964844
      },
      "cake": {
        "IoU": 47.65999984741211,
        "Acc": 69.94000244140625
      },
      "chair": {
        "IoU": 14.619999885559082,
        "Acc": 15.84000015258789
      },
      "couch": {
        "IoU": 46.349998474121094,
        "Acc": 57.47999954223633
      },
      "potted plant": {
        "IoU": 9.0600004196167,
        "Acc": 11.989999771118164
      },
      "bed": {
        "IoU": 48.33000183105469,
        "Acc": 61.2599983215332
      },
      "dining table": {
        "IoU": 11.3100004196167,
        "Acc": 12.420000076293945
      },
      "toilet": {
        "IoU": 30.81999969482422,
        "Acc": 76.1500015258789
      },
      "tv": {
        "IoU": 28.649999618530273,
        "Acc": 36.310001373291016
      },
      "laptop": {
        "IoU": 43.29999923706055,
        "Acc": 64.2300033569336
      },
      "mouse": {
        "IoU": 20.049999237060547,
        "Acc": 42.060001373291016
      },
      "remote": {
        "IoU": 14.550000190734863,
        "Acc": 66.58999633789062
      },
      "keyboard": {
        "IoU": 38.880001068115234,
        "Acc": 58.93999862670899
      },
      "cell phone": {
        "IoU": 32.84000015258789,
        "Acc": 58.0900001525879
      },
      "microwave": {
        "IoU": 22.459999084472656,
        "Acc": 28.90999984741211
      },
      "oven": {
        "IoU": 24.0,
        "Acc": 69.91000366210938
      },
      "toaster": {
        "IoU": 20.389999389648438,
        "Acc": 52.150001525878906
      },
      "sink": {
        "IoU": 31.139999389648438,
        "Acc": 54.869998931884766
      },
      "refrigerator": {
        "IoU": 49.220001220703125,
        "Acc": 61.709999084472656
      },
      "book": {
        "IoU": 27.729999542236328,
        "Acc": 32.150001525878906
      },
      "clock": {
        "IoU": 42.349998474121094,
        "Acc": 82.93000030517578
      },
      "vase": {
        "IoU": 29.360000610351562,
        "Acc": 55.630001068115234
      },
      "scissors": {
        "IoU": 51.09999847412109,
        "Acc": 62.720001220703125
      },
      "teddy bear": {
        "IoU": 62.349998474121094,
        "Acc": 76.0199966430664
      },
      "hair drier": {
        "IoU": 1.909999966621399,
        "Acc": 15.4399995803833
      },
      "toothbrush": {
        "IoU": 25.139999389648438,
        "Acc": 55.36000061035157
      },
      "banner": {
        "IoU": 2.109999895095825,
        "Acc": 74.97000122070312
      },
      "blanket": {
        "IoU": 6.199999809265137,
        "Acc": 19.25
      },
      "branch": {
        "IoU": 6.429999828338623,
        "Acc": 41.27000045776367
      },
      "bridge": {
        "IoU": 23.739999771118164,