{
  "coco_stuff": {
    "summary": {
      "mIoU": 24.29,
      "mAcc": 41.31,
      "aAcc": 38.67
    },
    "per_class": {
      "person": {
        "IoU": 13.069999694824219,
        "Acc": 13.689999580383299
      },
      "bicycle": {
        "IoU": 52.900001525878906,
        "Acc": 83.4000015258789
      },
      "car": {
        "IoU": 43.27000045776367,
        "Acc": 75.55999755859375
      },
      "motorcycle": {
        "IoU": 66.19000244140625,
        "Acc": 88.44000244140625
      },
      "airplane": {
        "IoU": 41.41999816894531,
        "Acc": 90.19999694824219
      },
      "bus": {
        "IoU": 62.95999908447265,
        "Acc": 85.06999969482422
      },
      "train": {
        "IoU": 55.599998474121094,
        "Acc": 71.3499984741211
      },
      "truck": {
        "IoU": 38.619998931884766,
        "Acc": 48.220001220703125
      },
      "boat": {
        "IoU": 32.779998779296875,
        "Acc": 80.9800033569336
      },
      "traffic light": {
        "IoU": 20.440000534057617,
        "Acc": 69.44000244140625
      },
      "fire hydrant": {
        "IoU": 55.02000045776367,
        "Acc": 83.0199966430664
      },
      "stop sign": {
        "IoU": 59.900001525878906,
        "Acc": 91.05000305175781
      },
      "parking meter": {
        "IoU": 28.76000022888184,
        "Acc": 36.779998779296875
      },
      "bench": {
        "IoU": 36.209999084472656,
        "Acc": 46.25
      },
      "bird": {
        "IoU": 53.93000030517578,
        "Acc": 86.23999786376953
      },
      "cat": {
        "IoU": 69.38999938964844,
        "Acc": 88.66000366210938
      },
      "dog": {
        "IoU": 61.40000152587891,
        "Acc": 82.79000091552734
      },
      "horse": {
        "IoU": 61.20000076293945,
        "Acc": 87.0199966430664
      },
      "sheep": {
        "IoU": 73.54000091552734,
        "Acc": 90.19999694824219
      },
      "cow": {
        "IoU": 65.12000274658203,
        "Acc": 82.26000213623047
      },
      "elephant": {
        "IoU": 80.4800033569336,
        "Acc": 92.66999816894531
      },
      "bear": {
        "IoU": 79.06999969482422,
        "Acc": 90.52999877929688
      },
      "zebra": {
        "IoU": 77.95999908447266,
        "Acc": 93.5199966430664
      },
      "giraffe": {
        "IoU": 47.869998931884766,
        "Acc": 89.83000183105469
      },
      "backpack": {
        "IoU": 8.029999732971191,
        "Acc": 56.52000045776367
      },
      "umbrella": {
        "IoU": 32.58000183105469,
        "Acc": 70.44999694824219
      },
      "handbag": {
        "IoU": 9.140000343322754,
        "Acc": 12.210000038146973
      },
      "tie": {
        "IoU": 1.0099999904632568,
        "Acc": 49.40999984741211
      },
      "suitcase": {
        "IoU": 45.81999969482422,
        "Acc": 53.13999938964844
      },
      "frisbee": {
        "IoU": 11.869999885559082,
        "Acc": 52.06000137329102
      },
      "skis": {
        "IoU": 7.559999942779541,
        "Acc": 56.09000015258789
      },
      "snowboard": {
        "IoU": 13.670000076293945,
        "Acc": 63.0
      },
      "sports ball": {
        "IoU": 2.5199999809265137,
        "Acc": 57.6500015258789
      },
      "kite": {
        "IoU": 28.819999694824215,
        "Acc": 51.150001525878906
      },
      "baseball bat": {
        "IoU": 5.639999866485596,
        "Acc": 8.039999961853027
      },
      "baseball glove": {
        "IoU": 23.049999237060547,
        "Acc": 47.97999954223633
      },
      "skateboard": {
        "IoU": 17.469999313354492,
        "Acc": 54.50000000000001
      },
      "surfboard": {
        "IoU": 26.709999084472656,
        "Acc": 72.44000244140625
      },
      "tennis racket": {
        "IoU": 6.480000019073487,
        "Acc": 48.33000183105469
      },
      "bottle": {
        "IoU": 24.75,
        "Acc": 52.41999816894531
      },
      "wine glass": {
        "IoU": 30.809999465942383,
        "Acc": 71.06999969482422
      },
      "cup": {
        "IoU": 17.469999313354492,
        "Acc": 24.739999771118164
      },
      "fork": {
        "IoU": 14.300000190734863,
        "Acc": 15.770000457763672
      },
      "knife": {
        "IoU": 4.619999885559082,
        "Acc": 6.070000171661377
      },
      "spoon": {
        "IoU": 18.549999237060547,
        "Acc": 32.06999969482422
      },
      "bowl": {
        "IoU": 12.420000076293945,
        "Acc": 16.190000534057617
      },
      "banana": {
        "IoU": 36.06999969482422,
        "Acc": 45.40999984741211
      },
      "apple": {
        "IoU": 11.239999771118164,
        "Acc": 12.640000343322754
      },
      "sandwich": {
        "IoU": 13.520000457763674,
        "Acc": 14.640000343322754
      },
      "orange": {
        "IoU": 22.399999618530273,
        "Acc": 25.60000038146973
      },
      "broccoli": {
        "IoU": 7.769999980926514,
        "Acc": 8.270000457763672
      },
      "carrot": {
        "IoU": 25.139999389648438,
        "Acc": 25.889999389648438
      },
      "hot dog": {
        "IoU": 34.68000030517578,
        "Acc": 40.619998931884766
      },
      "pizza": {
        "IoU": 43.720001220703125,
        "Acc": 52.150001525878906
      },
      "donut": {
        "IoU": 50.41999816894531,
        "Acc": 54.8499984741211
      },
      "cake": {
        "IoU": 48.040000915527344,
        "Acc": 69.83000183105469
      },
      "chair": {
        "IoU": 14.739999771118164,
        "Acc": 15.970000267028809
      },
      "couch": {
        "IoU": 46.33000183105469,
        "Acc": 57.5099983215332
      },
      "potted plant": {
        "IoU": 9.149999618530273,
        "Acc": 12.210000038146973
      },
      "bed": {
        "IoU": 48.630001068115234,
        "Acc": 61.77000045776367
      },
      "dining table": {
        "IoU": 11.630000114440918,
        "Acc": 12.770000457763672
      },
      "toilet": {
        "IoU": 30.459999084472656,
        "Acc": 76.20999908447266
      },
      "tv": {
        "IoU": 28.819999694824215,
        "Acc": 36.59000015258789
      },
      "laptop": {
        "IoU": 43.5099983215332,
        "Acc": 64.94999694824219
      },
      "mouse": {
        "IoU": 20.360000610351562,
        "Acc": 41.630001068115234
      },
      "remote": {
        "IoU": 14.53999996185303,
        "Acc": 66.23999786376953
      },
      "keyboard": {
        "IoU": 38.40999984741211,
        "Acc": 57.84000015258789
      },
      "cell phone": {
        "IoU": 32.66999816894531,
        "Acc": 58.150001525878906
      },
      "microwave": {
        "IoU": 22.790000915527344,
        "Acc": 28.979999542236328
      },
      "oven": {
        "IoU": 23.979999542236328,
        "Acc": 70.36000061035156
      },
      "toaster": {
        "IoU": 20.18000030517578,
        "Acc": 52.150001525878906
      },
      "sink": {
        "IoU": 30.690000534057617,
        "Acc": 54.4099998474121
      },
      "refrigerator": {
        "IoU": 49.189998626708984,
        "Acc": 61.939998626708984
      },
      "book": {
        "IoU": 27.819999694824222,
        "Acc": 32.310001373291016
      },
      "clock": {
        "IoU": 42.40999984741211,
        "Acc": 83.01000213623047
      },
      "vase": {
        "IoU": 29.19000053405762,
        "Acc": 53.97999954223632
      },
      "scissors": {
        "IoU": 51.38999938964843,
        "Acc": 62.56999969482422
      },
      "teddy bear": {
        "IoU": 62.45999908447266,
        "Acc": 75.58000183105469
      },
      "hair drier": {
        "IoU": 1.7899999618530271,
        "Acc": 14.859999656677248
      },
      "toothbrush": {
        "IoU": 24.989999771118164,
        "Acc": 55.15999984741211
      },
      "banner": {
        "IoU": 2.109999895095825,
        "Acc": 74.20999908447266
      },
      "blanket": {
        "IoU": 6.03000020980835,
        "Acc": 18.790000915527344
      },
      "branch": {
        "IoU": 6.360000133514404,