{
  "coco_stuff": {
    "summary": {
      "mIoU": 24.3,
      "mAcc": 41.34,
      "aAcc": 38.56
    },
    "per_class": {
      "person": {
        "IoU": 12.880000114440918,
        "Acc": 13.479999542236328
      },
      "bicycle": {
        "IoU": 52.709999084472656,
        "Acc": 83.48999786376953
      },
      "car": {
        "IoU": 43.220001220703125,
        "Acc": 75.16000366210938
      },
      "motorcycle": {
        "IoU": 65.9800033569336,
        "Acc": 88.62999725341797
      },
      "airplane": {
        "IoU": 40.84000015258789,
        "Acc": 90.30000305175781
      },
      "bus": {
        "IoU": 62.849998474121094,
        "Acc": 84.4800033569336
      },
      "train": {
        "IoU": 55.22999954223633,
        "Acc": 70.91999816894531
      },
      "truck": {
        "IoU": 38.459999084472656,
        "Acc": 48.099998474121094
      },
      "boat": {
        "IoU": 33.13999938964844,
        "Acc": 80.87999725341797
      },
      "traffic light": {
        "IoU": 20.959999084472656,
        "Acc": 69.77999877929688
      },
      "fire hydrant": {
        "IoU": 55.16999816894531,
        "Acc": 82.87000274658203
      },
      "stop sign": {
        "IoU": 60.04999923706055,
        "Acc": 90.98999786376953
      },
      "parking meter": {
        "IoU": 28.479999542236328,
        "Acc": 36.349998474121094
      },
      "bench": {
        "IoU": 36.11000061035156,
        "Acc": 46.02000045776367
      },
      "bird": {
        "IoU": 53.9099998474121,
        "Acc": 86.22000122070312
      },
      "cat": {
        "IoU": 69.54000091552734,
        "Acc": 88.63999938964844
      },
      "dog": {
        "IoU": 61.389999389648445,
        "Acc": 82.69999694824219
      },
      "horse": {
        "IoU": 61.349998474121094,
        "Acc": 87.12999725341797
      },
      "sheep": {
        "IoU": 73.54000091552734,
        "Acc": 90.31999969482422
      },
      "cow": {
        "IoU": 65.52999877929688,
        "Acc": 82.30999755859375
      },
      "elephant": {
        "IoU": 80.62999725341797,
        "Acc": 92.68000030517578
      },
      "bear": {
        "IoU": 79.25,
        "Acc": 90.44000244140625
      },
      "zebra": {
        "IoU": 77.91999816894531,
        "Acc": 93.69000244140625
      },
      "giraffe": {
        "IoU": 47.439998626708984,
        "Acc": 89.55000305175781
      },
      "backpack": {
        "IoU": 7.949999809265136,
        "Acc": 56.470001220703125
      },
      "umbrella": {
        "IoU": 32.86000061035156,
        "Acc": 70.19000244140625
      },
      "handbag": {
        "IoU": 8.539999961853027,
        "Acc": 11.4399995803833
      },
      "tie": {
        "IoU": 1.0499999523162842,
        "Acc": 51.41999816894531
      },
      "suitcase": {
        "IoU": 46.29999923706055,
        "Acc": 53.84000015258788
      },
      "frisbee": {
        "IoU": 11.630000114440918,
        "Acc": 51.720001220703125
      },
      "skis": {
        "IoU": 7.329999923706055,
        "Acc": 54.91999816894532
      },
      "snowboard": {
        "IoU": 13.380000114440918,
        "Acc": 62.0999984741211
      },
      "sports ball": {
        "IoU": 2.490000009536743,
        "Acc": 57.52000045776368
      },
      "kite": {
        "IoU": 28.399999618530273,
        "Acc": 51.290000915527344
      },
      "baseball bat": {
        "IoU": 5.539999961853027,
        "Acc": 8.149999618530273
      },
      "baseball glove": {
        "IoU": 22.93000030517578,
        "Acc": 47.529998779296875
      },
      "skateboard": {
        "IoU": 17.139999389648438,
        "Acc": 53.7400016784668
      },
      "surfboard": {
        "IoU": 26.860000610351562,
        "Acc": 72.30000305175781
      },
      "tennis racket": {
        "IoU": 6.420000076293945,
        "Acc": 47.810001373291016
      },
      "bottle": {
        "IoU": 25.010000228881836,
        "Acc": 53.25
      },
      "wine glass": {
        "IoU": 30.739999771118164,
        "Acc": 71.1500015258789
      },
      "cup": {
        "IoU": 17.350000381469727,
        "Acc": 24.809999465942383
      },
      "fork": {
        "IoU": 14.199999809265137,
        "Acc": 15.699999809265137
      },
      "knife": {
        "IoU": 4.659999847412109,
        "Acc": 6.139999866485596
      },
      "spoon": {
        "IoU": 18.649999618530273,
        "Acc": 32.349998474121094
      },
      "bowl": {
        "IoU": 12.3100004196167,
        "Acc": 16.06999969482422
      },
      "banana": {
        "IoU": 36.66999816894531,
        "Acc": 45.970001220703125
      },
      "apple": {
        "IoU": 11.380000114440918,
        "Acc": 12.779999732971191
      },
      "sandwich": {
        "IoU": 13.5,
        "Acc": 14.609999656677248
      },
      "orange": {
        "IoU": 22.6299991607666,
        "Acc": 25.840000152587887
      },
      "broccoli": {
        "IoU": 13.630000114440918,
        "Acc": 14.569999694824217
      },
      "carrot": {
        "IoU": 27.63999938964844,
        "Acc": 28.469999313354492
      },
      "hot dog": {
        "IoU": 34.31999969482422,
        "Acc": 40.189998626708984
      },
      "pizza": {
        "IoU": 44.33000183105469,
        "Acc": 53.11999893188477
      },
      "donut": {
        "IoU": 49.810001373291016,
        "Acc": 54.15999984741211
      },
      "cake": {
        "IoU": 47.77000045776367,
        "Acc": 69.7699966430664
      },
      "chair": {
        "IoU": 14.63000011444092,
        "Acc": 15.850000381469725
      },
      "couch": {
        "IoU": 46.58000183105469,
        "Acc": 57.84999847412109
      },
      "potted plant": {
        "IoU": 8.710000038146973,
        "Acc": 11.380000114440918
      },
      "bed": {
        "IoU": 48.5,
        "Acc": 61.36000061035156
      },
      "dining table": {
        "IoU": 10.9399995803833,
        "Acc": 12.0
      },
      "toilet": {
        "IoU": 30.350000381469727,
        "Acc": 76.22000122070312
      },
      "tv": {
        "IoU": 28.709999084472653,
        "Acc": 36.47999954223633
      },
      "laptop": {
        "IoU": 43.47999954223633,
        "Acc": 64.66999816894531
      },
      "mouse": {
        "IoU": 20.700000762939453,
        "Acc": 42.869998931884766
      },
      "remote": {
        "IoU": 14.59000015258789,
        "Acc": 66.69000244140625
      },
      "keyboard": {
        "IoU": 39.13999938964844,
        "Acc": 58.849998474121094
      },
      "cell phone": {
        "IoU": 32.40999984741211,
        "Acc": 57.860000610351555
      },
      "microwave": {
        "IoU": 22.8700008392334,
        "Acc": 29.31999969482422
      },
      "oven": {
        "IoU": 24.100000381469727,
        "Acc": 70.47000122070312
      },
      "toaster": {
        "IoU": 20.200000762939453,
        "Acc": 52.13999938964844
      },
      "sink": {
        "IoU": 30.829999923706055,
        "Acc": 54.11000061035156
      },
      "refrigerator": {
        "IoU": 49.40999984741211,
        "Acc": 61.95999908447266
      },
      "book": {
        "IoU": 27.760000228881836,
        "Acc": 32.33000183105469
      },
      "clock": {
        "IoU": 43.13999938964844,
        "Acc": 83.01000213623047
      },
      "vase": {
        "IoU": 29.229999542236328,
        "Acc": 55.569999694824226
      },
      "scissors": {
        "IoU": 51.4000015258789,
        "Acc": 63.0099983215332
      },
      "teddy bear": {
        "IoU": 62.36000061035156,
        "Acc": 75.62000274658203
      },
      "hair drier": {
        "IoU": 1.7500000000000002,
        "Acc": 15.420000076293947
      },
      "toothbrush": {
        "IoU": 24.899999618530273,
        "Acc": 55.68000030517578
      },
      "banner": {
        "IoU": 2.109999895095825,
        "Acc": 74.4800033569336
      },
      "blanket": {
        "IoU": 6.159999847412109,
        "Acc": 19.15999984741211
      },
      "branch": {
        "IoU": 6.269999980926514,
        "Acc": 41.68000030517578
      },