{
  "validation_mode": "proxy",
  "validation_config": {
    "proxy_subset_size": 300,
    "proxy_seed": 0,
    "proxy_inference_mode": "whole",
    "full_eval_top_k": 3
  },
  "coco_stuff": {
    "validation_mode": "proxy",
    "used_inference_mode": "whole",
    "summary": {
      "mIoU": 20.39,
      "mAcc": 35.01,
      "aAcc": 37.14
    },
    "proxy_summary": {
      "mIoU": 20.39,
      "mAcc": 35.01,
      "aAcc": 37.14
    },
    "full_summary": null,
    "per_class": {
      "person": {
        "IoU": 16.270000457763672,
        "Acc": 17.3799991607666
      },
      "bicycle": {
        "IoU": 44.900001525878906,
        "Acc": 83.87000274658203
      },
      "car": {
        "IoU": 38.88999938964844,
        "Acc": 69.91000366210938
      },
      "motorcycle": {
        "IoU": 61.59000015258789,
        "Acc": 75.51000213623047
      },
      "airplane": {
        "IoU": 66.1500015258789,
        "Acc": 96.9000015258789
      },
      "bus": {
        "IoU": 66.61000061035156,
        "Acc": 84.81999969482422
      },
      "train": {
        "IoU": 37.65999984741211,
        "Acc": 48.220001220703125
      },
      "truck": {
        "IoU": 19.270000457763672,
        "Acc": 23.8700008392334
      },
      "boat": {
        "IoU": 52.33000183105469,
        "Acc": 79.77999877929688
      },
      "traffic light": {
        "IoU": 23.139999389648438,
        "Acc": 61.279998779296875
      },
      "fire hydrant": {
        "IoU": 45.52000045776367,
        "Acc": 62.91999816894531
      },
      "stop sign": {
        "IoU": 12.939999580383303,
        "Acc": 87.95999908447266
      },
      "parking meter": {
        "IoU": 9.819999694824219,
        "Acc": 12.760000228881834
      },
      "bench": {
        "IoU": 22.309999465942383,
        "Acc": 32.43000030517578
      },
      "bird": {
        "IoU": 45.95000076293945,
        "Acc": 80.4000015258789
      },
      "cat": {
        "IoU": 69.94999694824219,
        "Acc": 96.86000061035156
      },
      "dog": {
        "IoU": 68.36000061035156,
        "Acc": 93.47000122070312
      },
      "horse": {
        "IoU": 50.20000076293945,
        "Acc": 73.16000366210938
      },
      "sheep": {
        "IoU": 52.66999816894531,
        "Acc": 73.4800033569336
      },
      "cow": {
        "IoU": 63.20000076293945,
        "Acc": 90.83000183105469
      },
      "elephant": {
        "IoU": 86.06999969482422,
        "Acc": 96.55000305175781
      },
      "bear": {
        "IoU": 83.98999786376953,
        "Acc": 93.7699966430664
      },
      "zebra": {
        "IoU": 78.30999755859375,
        "Acc": 94.18000030517578
      },
      "giraffe": {
        "IoU": 46.9900016784668,
        "Acc": 80.91000366210938
      },
      "backpack": {
        "IoU": 1.9500000476837156,
        "Acc": 13.739999771118164
      },
      "umbrella": {
        "IoU": 40.369998931884766,
        "Acc": 56.439998626708984
      },
      "handbag": {
        "IoU": 0.20000000298023227,
        "Acc": 0.3400000035762787
      },
      "tie": {
        "IoU": 1.3700000047683716,
        "Acc": 45.5099983215332
      },
      "suitcase": {
        "IoU": 55.83000183105469,
        "Acc": 64.2699966430664
      },
      "frisbee": {
        "IoU": 5.46999979019165,
        "Acc": 60.88000106811523
      },
      "skis": {
        "IoU": 11.970000267028809,
        "Acc": 68.72000122070312
      },
      "snowboard": {
        "IoU": 0.0,
        "Acc": 0.20999999344348905
      },
      "sports ball": {
        "IoU": 1.0700000524520874,
        "Acc": 40.86000061035156
      },
      "kite": {
        "IoU": 35.54999923706055,
        "Acc": 58.799999237060554
      },
      "baseball bat": {
        "IoU": 0.0,
        "Acc": 0.0
      },
      "baseball glove": {
        "IoU": 0.0,
        "Acc": 0.0
      },
      "skateboard": {
        "IoU": 12.539999961853027,
        "Acc": 15.5600004196167
      },
      "surfboard": {
        "IoU": 28.6299991607666,
        "Acc": 88.91000366210938
      },
      "tennis racket": {
        "IoU": 4.380000114440918,
        "Acc": 20.420000076293945
      },
      "bottle": {
        "IoU": 36.22999954223633,
        "Acc": 52.049999237060554
      },
      "wine glass": {
        "IoU": 20.59000015258789,
        "Acc": 43.560001373291016
      },
      "cup": {
        "IoU": 1.590000033378601,
        "Acc": 2.5299999713897705
      },
      "fork": {
        "IoU": 0.0,
        "Acc": 0.0
      },
      "knife": {
        "IoU": 0.0,
        "Acc": 0.0
      },
      "spoon": {
        "IoU": 60.7599983215332,
        "Acc": 90.8499984741211
      },
      "bowl": {
        "IoU": 7.960000038146972,
        "Acc": 14.869999885559082
      },
      "banana": {
        "IoU": 18.420000076293945,
        "Acc": 18.799999237060547
      },
      "apple": {
        "IoU": 0.0,
        "Acc": 0.0
      },
      "sandwich": {
        "IoU": 0.0,
        "Acc": 0.0
      },
      "orange": {
        "IoU": 0.0,
        "Acc": 0.0
      },
      "broccoli": {
        "IoU": 0.0,
        "Acc": 0.0
      },
      "carrot": {
        "IoU": 23.6200008392334,
        "Acc": 23.649999618530273
      },
      "hot dog": {
        "IoU": 0.0,
        "Acc": 0.0
      },
      "pizza": {
        "IoU": 11.119999885559082,
        "Acc": 16.610000610351562
      },
      "donut": {
        "IoU": 0.0,
        "Acc": 0.0
      },
      "cake": {
        "IoU": 18.420000076293945,
        "Acc": 34.31999969482422
      },
      "chair": {
        "IoU": 1.2000000476837158,
        "Acc": 1.3799999952316284
      },
      "couch": {
        "IoU": 28.219999313354492,
        "Acc": 37.790000915527344
      },
      "potted plant": {
        "IoU": 2.240000009536743,
        "Acc": 2.25
      },
      "bed": {
        "IoU": 36.709999084472656,
        "Acc": 46.5
      },
      "dining table": {
        "IoU": 15.210000038146973,
        "Acc": 18.229999542236328
      },
      "toilet": {
        "IoU": 33.189998626708984,
        "Acc": 94.2300033569336
      },
      "tv": {
        "IoU": 15.920000076293944,
        "Acc": 17.950000762939453
      },
      "laptop": {
        "IoU": 42.31999969482422,
        "Acc": 55.79000091552735
      },
      "mouse": {
        "IoU": 39.869998931884766,
        "Acc": 87.25
      },
      "remote": {
        "IoU": 6.599999904632568,
        "Acc": 52.13000106811524
      },
      "keyboard": {
        "IoU": 42.959999084472656,
        "Acc": 94.38999938964844
      },
      "cell phone": {
        "IoU": 22.6200008392334,
        "Acc": 29.149999618530277
      },
      "microwave": {
        "IoU": 22.25,
        "Acc": 23.6299991607666
      },
      "oven": {
        "IoU": 31.790000915527344,
        "Acc": 61.5999984741211
      },
      "toaster": {
        "IoU": 0.0,
        "Acc": 0.0
      },
      "sink": {
        "IoU": 21.469999313354492,
        "Acc": 41.29999923706055
      },
      "refrigerator": {
        "IoU": 24.809999465942383,
        "Acc": 29.15999984741211
      },
      "book": {
        "IoU": 37.83000183105469,
        "Acc": 43.380001068115234
      },
      "clock": {
        "IoU": 7.21999979019165,
        "Acc": 13.039999961853027
      },
      "vase": {
        "IoU": 58.38999938964844,
        "Acc": 76.19999694824219
      },
      "scissors": {
        "IoU": 0.0,
        "Acc": 0.0
      },
      "teddy bear": {
        "IoU": 0.6299999952316284,
        "Acc": 0.6399999856948853
      },
      "hair drier": {
        "IoU": 0.0,
        "Acc": NaN
      },
      "toothbrush": {
        "IoU": 0.0,
        "Acc": 0.0
      },
      "banner": {
        "IoU": 2.180000066757202,
        "Acc": 85.8499984741211
      },
      "blanket": {
        "IoU": 5.800000190734863,
        "Acc": 13.260000228881836
      },
      "branch": {
        "IoU": 1.3799999952316284,
        "Acc": 3.460000038146973
      },
      "bridge": {
        "IoU": 24.8700008392334,