{
  "coco_stuff": {
    "summary": {
      "mIoU": 24.31,
      "mAcc": 41.33,
      "aAcc": 38.63
    },
    "per_class": {
      "person": {
        "IoU": 13.189999580383303,
        "Acc": 13.81999969482422
      },
      "bicycle": {
        "IoU": 52.61999893188477,
        "Acc": 83.22000122070312
      },
      "car": {
        "IoU": 43.08000183105469,
        "Acc": 75.12999725341797
      },
      "motorcycle": {
        "IoU": 66.18000030517578,
        "Acc": 88.62999725341797
      },
      "airplane": {
        "IoU": 41.38999938964844,
        "Acc": 90.20999908447266
      },
      "bus": {
        "IoU": 63.15999984741211,
        "Acc": 84.83999633789062
      },
      "train": {
        "IoU": 55.25,
        "Acc": 70.7699966430664
      },
      "truck": {
        "IoU": 38.439998626708984,
        "Acc": 48.0099983215332
      },
      "boat": {
        "IoU": 32.959999084472656,
        "Acc": 80.87999725341797
      },
      "traffic light": {
        "IoU": 20.43000030517578,
        "Acc": 69.2300033569336
      },
      "fire hydrant": {
        "IoU": 55.31999969482422,
        "Acc": 83.04000091552734
      },
      "stop sign": {
        "IoU": 59.619998931884766,
        "Acc": 91.19000244140625
      },
      "parking meter": {
        "IoU": 28.420000076293945,
        "Acc": 36.310001373291016
      },
      "bench": {
        "IoU": 36.029998779296875,
        "Acc": 45.869998931884766
      },
      "bird": {
        "IoU": 54.080001831054695,
        "Acc": 86.38999938964844
      },
      "cat": {
        "IoU": 69.41999816894531,
        "Acc": 88.6500015258789
      },
      "dog": {
        "IoU": 61.40000152587891,
        "Acc": 82.8499984741211
      },
      "horse": {
        "IoU": 61.36999893188476,
        "Acc": 87.13999938964844
      },
      "sheep": {
        "IoU": 73.33000183105469,
        "Acc": 90.58000183105469
      },
      "cow": {
        "IoU": 65.16000366210938,
        "Acc": 82.79000091552734
      },
      "elephant": {
        "IoU": 80.54000091552734,
        "Acc": 92.87999725341797
      },
      "bear": {
        "IoU": 79.0999984741211,
        "Acc": 90.69999694824219
      },
      "zebra": {
        "IoU": 77.7699966430664,
        "Acc": 93.62999725341797
      },
      "giraffe": {
        "IoU": 47.880001068115234,
        "Acc": 89.4800033569336
      },
      "backpack": {
        "IoU": 7.900000095367432,
        "Acc": 56.02000045776367
      },
      "umbrella": {
        "IoU": 32.81999969482422,
        "Acc": 70.33000183105469
      },
      "handbag": {
        "IoU": 8.520000457763672,
        "Acc": 11.279999732971191
      },
      "tie": {
        "IoU": 1.0299999713897705,
        "Acc": 50.650001525878906
      },
      "suitcase": {
        "IoU": 46.209999084472656,
        "Acc": 53.68999862670898
      },
      "frisbee": {
        "IoU": 11.5600004196167,
        "Acc": 51.189998626708984
      },
      "skis": {
        "IoU": 7.360000133514405,
        "Acc": 54.18999862670898
      },
      "snowboard": {
        "IoU": 13.489999771118164,
        "Acc": 61.709999084472656
      },
      "sports ball": {
        "IoU": 2.509999990463257,
        "Acc": 58.34999847412109
      },
      "kite": {
        "IoU": 28.799999237060547,
        "Acc": 51.13000106811524
      },
      "baseball bat": {
        "IoU": 5.820000171661377,
        "Acc": 8.399999618530273
      },
      "baseball glove": {
        "IoU": 22.809999465942383,
        "Acc": 47.95000076293945
      },
      "skateboard": {
        "IoU": 17.299999237060547,
        "Acc": 54.18000030517578
      },
      "surfboard": {
        "IoU": 26.770000457763672,
        "Acc": 72.62000274658203
      },
      "tennis racket": {
        "IoU": 6.440000057220459,
        "Acc": 48.220001220703125
      },
      "bottle": {
        "IoU": 24.989999771118164,
        "Acc": 52.90999984741212
      },
      "wine glass": {
        "IoU": 30.780000686645508,
        "Acc": 70.66000366210938
      },
      "cup": {
        "IoU": 17.1200008392334,
        "Acc": 24.350000381469727
      },
      "fork": {
        "IoU": 13.569999694824219,
        "Acc": 14.930000305175781
      },
      "knife": {
        "IoU": 4.820000171661377,
        "Acc": 6.2899999618530265
      },
      "spoon": {
        "IoU": 19.229999542236328,
        "Acc": 32.70000076293945
      },
      "bowl": {
        "IoU": 12.430000305175781,
        "Acc": 16.260000228881836
      },
      "banana": {
        "IoU": 37.04999923706055,
        "Acc": 46.630001068115234
      },
      "apple": {
        "IoU": 11.3100004196167,
        "Acc": 12.6899995803833
      },
      "sandwich": {
        "IoU": 13.680000305175783,
        "Acc": 14.78999996185303
      },
      "orange": {
        "IoU": 22.739999771118164,
        "Acc": 26.1200008392334
      },
      "broccoli": {
        "IoU": 12.979999542236328,
        "Acc": 13.899999618530273
      },
      "carrot": {
        "IoU": 27.290000915527347,
        "Acc": 28.15999984741211
      },
      "hot dog": {
        "IoU": 34.41999816894531,
        "Acc": 40.380001068115234
      },
      "pizza": {
        "IoU": 43.84000015258789,
        "Acc": 52.33000183105469
      },
      "donut": {
        "IoU": 50.110000610351555,
        "Acc": 54.50000000000001
      },
      "cake": {
        "IoU": 47.86000061035156,
        "Acc": 70.12999725341797
      },
      "chair": {
        "IoU": 14.680000305175781,
        "Acc": 15.899999618530272
      },
      "couch": {
        "IoU": 46.41999816894531,
        "Acc": 57.729999542236335
      },
      "potted plant": {
        "IoU": 9.100000381469727,
        "Acc": 12.0600004196167
      },
      "bed": {
        "IoU": 48.560001373291016,
        "Acc": 61.709999084472656
      },
      "dining table": {
        "IoU": 11.460000038146973,
        "Acc": 12.600000381469725
      },
      "toilet": {
        "IoU": 30.760000228881836,
        "Acc": 76.0999984741211
      },
      "tv": {
        "IoU": 28.709999084472653,
        "Acc": 36.4900016784668
      },
      "laptop": {
        "IoU": 43.2400016784668,
        "Acc": 63.95999908447265
      },
      "mouse": {
        "IoU": 20.56999969482422,
        "Acc": 42.7400016784668
      },
      "remote": {
        "IoU": 14.59000015258789,
        "Acc": 66.70999908447266
      },
      "keyboard": {
        "IoU": 38.97999954223633,
        "Acc": 58.63999938964844
      },
      "cell phone": {
        "IoU": 32.86000061035156,
        "Acc": 57.90999984741211
      },
      "microwave": {
        "IoU": 23.34000015258789,
        "Acc": 29.950000762939453
      },
      "oven": {
        "IoU": 24.149999618530273,
        "Acc": 70.1500015258789
      },
      "toaster": {
        "IoU": 20.190000534057617,
        "Acc": 51.939998626708984
      },
      "sink": {
        "IoU": 30.79999923706055,
        "Acc": 54.31999969482422
      },
      "refrigerator": {
        "IoU": 49.36000061035156,
        "Acc": 61.560001373291016
      },
      "book": {
        "IoU": 27.829999923706055,
        "Acc": 32.279998779296875
      },
      "clock": {
        "IoU": 42.709999084472656,
        "Acc": 82.91000366210938
      },
      "vase": {
        "IoU": 29.26000022888184,
        "Acc": 53.91999816894531
      },
      "scissors": {
        "IoU": 51.13999938964844,
        "Acc": 62.810001373291016
      },
      "teddy bear": {
        "IoU": 62.34000015258789,
        "Acc": 76.0199966430664
      },
      "hair drier": {
        "IoU": 1.8999999761581419,
        "Acc": 15.640000343322754
      },
      "toothbrush": {
        "IoU": 25.139999389648438,
        "Acc": 54.97999954223632
      },
      "banner": {
        "IoU": 2.109999895095825,
        "Acc": 74.87000274658203
      },
      "blanket": {
        "IoU": 6.119999885559082,
        "Acc": 18.920000076293945
      },
      "branch": {
        "IoU": 6.369999885559081,