{
  "validation_mode": "full",
  "validation_config": {
    "proxy_subset_size": 300,
    "proxy_seed": 0,
    "proxy_inference_mode": "whole",
    "full_eval_top_k": 3
  },
  "coco_stuff": {
    "validation_mode": "full",
    "used_inference_mode": "slide",
    "summary": {
      "mIoU": 24.2,
      "mAcc": 40.89,
      "aAcc": 37.89
    },
    "proxy_summary": null,
    "full_summary": {
      "mIoU": 24.2,
      "mAcc": 40.89,
      "aAcc": 37.89
    },
    "per_class": {
      "person": {
        "IoU": 12.329999923706055,
        "Acc": 12.899999618530272
      },
      "bicycle": {
        "IoU": 53.56999969482422,
        "Acc": 83.31999969482422
      },
      "car": {
        "IoU": 43.36000061035156,
        "Acc": 74.70999908447266
      },
      "motorcycle": {
        "IoU": 66.72000122070312,
        "Acc": 87.75
      },
      "airplane": {
        "IoU": 42.58000183105469,
        "Acc": 88.4000015258789
      },
      "bus": {
        "IoU": 63.09000015258789,
        "Acc": 84.75
      },
      "train": {
        "IoU": 55.91999816894532,
        "Acc": 70.1500015258789
      },
      "truck": {
        "IoU": 38.439998626708984,
        "Acc": 47.880001068115234
      },
      "boat": {
        "IoU": 32.4900016784668,
        "Acc": 80.55999755859375
      },
      "traffic light": {
        "IoU": 21.780000686645508,
        "Acc": 68.63999938964844
      },
      "fire hydrant": {
        "IoU": 56.139999389648445,
        "Acc": 82.36000061035156
      },
      "stop sign": {
        "IoU": 60.040000915527344,
        "Acc": 91.16000366210938
      },
      "parking meter": {
        "IoU": 27.739999771118164,
        "Acc": 37.27000045776367
      },
      "bench": {
        "IoU": 35.7400016784668,
        "Acc": 45.20000076293945
      },
      "bird": {
        "IoU": 54.580001831054695,
        "Acc": 86.01000213623047
      },
      "cat": {
        "IoU": 68.12000274658203,
        "Acc": 87.4000015258789
      },
      "dog": {
        "IoU": 59.00999832153321,
        "Acc": 80.29000091552734
      },
      "horse": {
        "IoU": 61.70000076293945,
        "Acc": 86.25
      },
      "sheep": {
        "IoU": 74.33999633789062,
        "Acc": 87.41000366210938
      },
      "cow": {
        "IoU": 67.91000366210938,
        "Acc": 87.26000213623047
      },
      "elephant": {
        "IoU": 80.55999755859375,
        "Acc": 91.91000366210938
      },
      "bear": {
        "IoU": 77.30000305175781,
        "Acc": 90.79000091552734
      },
      "zebra": {
        "IoU": 77.23999786376953,
        "Acc": 94.27999877929688
      },
      "giraffe": {
        "IoU": 43.52000045776367,
        "Acc": 89.06999969482422
      },
      "backpack": {
        "IoU": 8.029999732971191,
        "Acc": 56.79999923706055
      },
      "umbrella": {
        "IoU": 32.650001525878906,
        "Acc": 69.9800033569336
      },
      "handbag": {
        "IoU": 8.220000267028809,
        "Acc": 10.430000305175781
      },
      "tie": {
        "IoU": 1.0700000524520874,
        "Acc": 52.79999923706055
      },
      "suitcase": {
        "IoU": 45.380001068115234,
        "Acc": 51.74999999999999
      },
      "frisbee": {
        "IoU": 11.329999923706055,
        "Acc": 49.83000183105469
      },
      "skis": {
        "IoU": 8.359999656677246,
        "Acc": 49.439998626708984
      },
      "snowboard": {
        "IoU": 12.710000038146973,
        "Acc": 60.08000183105469
      },
      "sports ball": {
        "IoU": 3.3800001144409184,
        "Acc": 56.400001525878906
      },
      "kite": {
        "IoU": 29.069999694824215,
        "Acc": 51.119998931884766
      },
      "baseball bat": {
        "IoU": 5.630000114440918,
        "Acc": 8.050000190734863
      },
      "baseball glove": {
        "IoU": 22.65999984741211,
        "Acc": 42.38999938964844
      },
      "skateboard": {
        "IoU": 17.889999389648438,
        "Acc": 53.58000183105469
      },
      "surfboard": {
        "IoU": 29.44000053405762,
        "Acc": 71.62000274658203
      },
      "tennis racket": {
        "IoU": 7.269999980926515,
        "Acc": 48.349998474121094
      },
      "bottle": {
        "IoU": 25.350000381469727,
        "Acc": 51.779998779296875
      },
      "wine glass": {
        "IoU": 30.739999771118164,
        "Acc": 69.93000030517578
      },
      "cup": {
        "IoU": 17.309999465942383,
        "Acc": 24.700000762939453
      },
      "fork": {
        "IoU": 13.890000343322754,
        "Acc": 15.569999694824219
      },
      "knife": {
        "IoU": 4.829999923706055,
        "Acc": 6.25
      },
      "spoon": {
        "IoU": 18.100000381469727,
        "Acc": 32.52000045776367
      },
      "bowl": {
        "IoU": 12.640000343322754,
        "Acc": 16.450000762939453
      },
      "banana": {
        "IoU": 38.099998474121094,
        "Acc": 47.970001220703125
      },
      "apple": {
        "IoU": 11.609999656677246,
        "Acc": 12.890000343322756
      },
      "sandwich": {
        "IoU": 14.27000045776367,
        "Acc": 15.399999618530275
      },
      "orange": {
        "IoU": 24.0,
        "Acc": 27.45999908447266
      },
      "broccoli": {
        "IoU": 6.110000133514404,
        "Acc": 6.440000057220459
      },
      "carrot": {
        "IoU": 24.850000381469727,
        "Acc": 25.610000610351562
      },
      "hot dog": {
        "IoU": 34.90999984741211,
        "Acc": 40.77000045776367
      },
      "pizza": {
        "IoU": 43.380001068115234,
        "Acc": 51.790000915527344
      },
      "donut": {
        "IoU": 51.02000045776367,
        "Acc": 55.65000152587891
      },
      "cake": {
        "IoU": 46.0,
        "Acc": 65.56999969482422
      },
      "chair": {
        "IoU": 14.78999996185303,
        "Acc": 16.020000457763672
      },
      "couch": {
        "IoU": 45.5,
        "Acc": 54.9900016784668
      },
      "potted plant": {
        "IoU": 9.0,
        "Acc": 11.069999694824219
      },
      "bed": {
        "IoU": 48.45000076293945,
        "Acc": 60.22999954223632
      },
      "dining table": {
        "IoU": 10.979999542236328,
        "Acc": 12.010000228881836
      },
      "toilet": {
        "IoU": 33.400001525878906,
        "Acc": 75.76000213623047
      },
      "tv": {
        "IoU": 28.530000686645508,
        "Acc": 36.20000076293945
      },
      "laptop": {
        "IoU": 43.63999938964844,
        "Acc": 64.20999908447266
      },
      "mouse": {
        "IoU": 19.239999771118164,
        "Acc": 42.619998931884766
      },
      "remote": {
        "IoU": 14.949999809265135,
        "Acc": 67.30999755859375
      },
      "keyboard": {
        "IoU": 38.709999084472656,
        "Acc": 58.27999877929687
      },
      "cell phone": {
        "IoU": 32.470001220703125,
        "Acc": 56.40999984741211
      },
      "microwave": {
        "IoU": 22.43000030517578,
        "Acc": 27.59000015258789
      },
      "oven": {
        "IoU": 24.75,
        "Acc": 68.87000274658203
      },
      "toaster": {
        "IoU": 20.559999465942383,
        "Acc": 51.93000030517578
      },
      "sink": {
        "IoU": 31.0,
        "Acc": 54.040000915527344
      },
      "refrigerator": {
        "IoU": 49.20000076293945,
        "Acc": 61.720001220703125
      },
      "book": {
        "IoU": 26.75,
        "Acc": 30.940000534057617
      },
      "clock": {
        "IoU": 44.349998474121094,
        "Acc": 82.76000213623047
      },
      "vase": {
        "IoU": 28.649999618530273,
        "Acc": 54.09000015258789
      },
      "scissors": {
        "IoU": 51.369998931884766,
        "Acc": 62.41999816894531
      },
      "teddy bear": {
        "IoU": 63.349998474121094,
        "Acc": 77.54000091552734
      },
      "hair drier": {
        "IoU": 1.5199999809265137,
        "Acc": 13.750000000000002
      },
      "toothbrush": {
        "IoU": 24.020000457763672,
        "Acc": 53.58000183105469
      },