{"seed": 0, "dataset_key": "voc", "data_root": "/home/yuhe/slicetune/deeplab/research/deeplab/datasets/pascal_voc_seg/VOCdevkit/VOC2012", "subset_manifest": null, "subset_size": 10582, "model_key": "deeplabv3plus_r50_d8"}
{"mode": "train", "epoch": 1, "iter": 20, "lr": 0.00915, "memory": 7577, "data_time": 0.00875, "decode.loss_ce": 1.50584, "decode.acc_seg": 58.58157, "aux.loss_ce": 0.65483, "aux.acc_seg": 58.03175, "loss": 2.16067, "time": 0.35951}
{"mode": "train", "epoch": 1, "iter": 40, "lr": 0.00824, "memory": 7577, "data_time": 0.00583, "decode.loss_ce": 1.21959, "decode.acc_seg": 64.79607, "aux.loss_ce": 0.49228, "aux.acc_seg": 64.81745, "loss": 1.71187, "time": 0.22238}
{"mode": "train", "epoch": 1, "iter": 60, "lr": 0.00733, "memory": 7577, "data_time": 0.00499, "decode.loss_ce": 1.16189, "decode.acc_seg": 63.72903, "aux.loss_ce": 0.46047, "aux.acc_seg": 63.45873, "loss": 1.62235, "time": 0.24981}
{"mode": "train", "epoch": 1, "iter": 80, "lr": 0.0064, "memory": 7577, "data_time": 0.00508, "decode.loss_ce": 0.95261, "decode.acc_seg": 69.92828, "aux.loss_ce": 0.38734, "aux.acc_seg": 68.94774, "loss": 1.33995, "time": 0.23136}
{"mode": "train", "epoch": 1, "iter": 100, "lr": 0.00545, "memory": 7577, "data_time": 0.00512, "decode.loss_ce": 1.04868, "decode.acc_seg": 66.95815, "aux.loss_ce": 0.44147, "aux.acc_seg": 63.50152, "loss": 1.49015, "time": 0.22327}
{"mode": "train", "epoch": 1, "iter": 120, "lr": 0.00449, "memory": 7577, "data_time": 0.00525, "decode.loss_ce": 1.06634, "decode.acc_seg": 65.38434, "aux.loss_ce": 0.46338, "aux.acc_seg": 61.6136, "loss": 1.52972, "time": 0.2491}
{"mode": "train", "epoch": 1, "iter": 140, "lr": 0.0035, "memory": 7577, "data_time": 0.00516, "decode.loss_ce": 1.03882, "decode.acc_seg": 66.78433, "aux.loss_ce": 0.44809, "aux.acc_seg": 64.46277, "loss": 1.48691, "time": 0.22564}
{"mode": "train", "epoch": 1, "iter": 160, "lr": 0.00248, "memory": 7577, "data_time": 0.00599, "decode.loss_ce": 0.92744, "decode.acc_seg": 69.56915, "aux.loss_ce": 0.42292, "aux.acc_seg": 64.98965, "loss": 1.35035, "time": 0.23011}
{"mode": "train", "epoch": 1, "iter": 180, "lr": 0.0014, "memory": 7577, "data_time": 0.00504, "decode.loss_ce": 0.86957, "decode.acc_seg": 69.9779, "aux.loss_ce": 0.38692, "aux.acc_seg": 67.48509, "loss": 1.25649, "time": 0.22757}
{"mode": "train", "epoch": 1, "iter": 200, "lr": 0.00018, "memory": 7577, "data_time": 0.00505, "decode.loss_ce": 0.83747, "decode.acc_seg": 71.78046, "aux.loss_ce": 0.37885, "aux.acc_seg": 68.48948, "loss": 1.21633, "time": 0.26396}
