{
  "coco_stuff": {
    "summary": {
      "mIoU": 24.28,
      "mAcc": 41.3,
      "aAcc": 38.64
    },
    "per_class": {
      "person": {
        "IoU": 13.109999656677246,
        "Acc": 13.739999771118164
      },
      "bicycle": {
        "IoU": 52.63999938964844,
        "Acc": 83.58000183105469
      },
      "car": {
        "IoU": 43.20000076293945,
        "Acc": 75.25
      },
      "motorcycle": {
        "IoU": 65.83999633789062,
        "Acc": 88.7300033569336
      },
      "airplane": {
        "IoU": 41.189998626708984,
        "Acc": 90.01000213623047
      },
      "bus": {
        "IoU": 62.66999816894532,
        "Acc": 84.27999877929688
      },
      "train": {
        "IoU": 54.88999938964844,
        "Acc": 69.91999816894531
      },
      "truck": {
        "IoU": 38.470001220703125,
        "Acc": 48.189998626708984
      },
      "boat": {
        "IoU": 32.849998474121094,
        "Acc": 80.94000244140625
      },
      "traffic light": {
        "IoU": 20.68000030517578,
        "Acc": 69.69000244140625
      },
      "fire hydrant": {
        "IoU": 55.25,
        "Acc": 82.83999633789062
      },
      "stop sign": {
        "IoU": 59.689998626708984,
        "Acc": 91.29000091552734
      },
      "parking meter": {
        "IoU": 28.420000076293945,
        "Acc": 36.31999969482422
      },
      "bench": {
        "IoU": 36.06999969482422,
        "Acc": 45.90999984741211
      },
      "bird": {
        "IoU": 53.759998321533196,
        "Acc": 86.22000122070312
      },
      "cat": {
        "IoU": 69.66999816894531,
        "Acc": 88.2300033569336
      },
      "dog": {
        "IoU": 61.40000152587891,
        "Acc": 82.5199966430664
      },
      "horse": {
        "IoU": 61.330001831054695,
        "Acc": 87.25
      },
      "sheep": {
        "IoU": 73.51000213623047,
        "Acc": 89.94000244140625
      },
      "cow": {
        "IoU": 65.16000366210938,
        "Acc": 82.37000274658203
      },
      "elephant": {
        "IoU": 80.4800033569336,
        "Acc": 93.06999969482422
      },
      "bear": {
        "IoU": 79.16000366210938,
        "Acc": 90.30999755859375
      },
      "zebra": {
        "IoU": 77.80000305175781,
        "Acc": 93.68000030517578
      },
      "giraffe": {
        "IoU": 47.65999984741211,
        "Acc": 89.37999725341797
      },
      "backpack": {
        "IoU": 7.889999866485596,
        "Acc": 56.20000076293945
      },
      "umbrella": {
        "IoU": 32.70000076293945,
        "Acc": 70.33000183105469
      },
      "handbag": {
        "IoU": 8.5600004196167,
        "Acc": 11.369999885559082
      },
      "tie": {
        "IoU": 1.0800000429153442,
        "Acc": 52.70000076293946
      },
      "suitcase": {
        "IoU": 45.959999084472656,
        "Acc": 53.400001525878906
      },
      "frisbee": {
        "IoU": 11.649999618530273,
        "Acc": 51.880001068115234
      },
      "skis": {
        "IoU": 7.630000114440919,
        "Acc": 53.279998779296875
      },
      "snowboard": {
        "IoU": 13.399999618530273,
        "Acc": 60.689998626708984
      },
      "sports ball": {
        "IoU": 2.549999952316284,
        "Acc": 57.52000045776368
      },
      "kite": {
        "IoU": 28.149999618530273,
        "Acc": 51.15999984741211
      },
      "baseball bat": {
        "IoU": 5.789999961853027,
        "Acc": 8.460000038146973
      },
      "baseball glove": {
        "IoU": 22.450000762939453,
        "Acc": 47.65999984741211
      },
      "skateboard": {
        "IoU": 17.31999969482422,
        "Acc": 54.0099983215332
      },
      "surfboard": {
        "IoU": 28.899999618530277,
        "Acc": 72.19999694824219
      },
      "tennis racket": {
        "IoU": 6.489999771118164,
        "Acc": 48.29999923706055
      },
      "bottle": {
        "IoU": 25.1299991607666,
        "Acc": 53.29999923706055
      },
      "wine glass": {
        "IoU": 30.54999923706055,
        "Acc": 70.97000122070312
      },
      "cup": {
        "IoU": 17.209999084472656,
        "Acc": 24.520000457763672
      },
      "fork": {
        "IoU": 13.039999961853027,
        "Acc": 14.289999961853027
      },
      "knife": {
        "IoU": 4.590000152587891,
        "Acc": 5.940000057220459
      },
      "spoon": {
        "IoU": 18.989999771118164,
        "Acc": 31.85000038146973
      },
      "bowl": {
        "IoU": 12.399999618530273,
        "Acc": 16.229999542236328
      },
      "banana": {
        "IoU": 36.310001373291016,
        "Acc": 45.77000045776367
      },
      "apple": {
        "IoU": 11.260000228881836,
        "Acc": 12.649999618530272
      },
      "sandwich": {
        "IoU": 13.609999656677246,
        "Acc": 14.710000038146973
      },
      "orange": {
        "IoU": 22.309999465942383,
        "Acc": 25.60000038146973
      },
      "broccoli": {
        "IoU": 8.729999542236328,
        "Acc": 9.279999732971191
      },
      "carrot": {
        "IoU": 25.45000076293945,
        "Acc": 26.209999084472656
      },
      "hot dog": {
        "IoU": 34.400001525878906,
        "Acc": 40.2400016784668
      },
      "pizza": {
        "IoU": 43.36000061035156,
        "Acc": 51.59999847412109
      },
      "donut": {
        "IoU": 50.290000915527344,
        "Acc": 54.770000457763665
      },
      "cake": {
        "IoU": 47.810001373291016,
        "Acc": 69.93000030517578
      },
      "chair": {
        "IoU": 14.59000015258789,
        "Acc": 15.779999732971191
      },
      "couch": {
        "IoU": 46.459999084472656,
        "Acc": 57.540000915527344
      },
      "potted plant": {
        "IoU": 8.979999542236328,
        "Acc": 11.890000343322754
      },
      "bed": {
        "IoU": 48.45000076293945,
        "Acc": 61.54999923706055
      },
      "dining table": {
        "IoU": 11.319999694824219,
        "Acc": 12.430000305175781
      },
      "toilet": {
        "IoU": 30.64999961853027,
        "Acc": 76.52999877929688
      },
      "tv": {
        "IoU": 28.749999999999996,
        "Acc": 36.5099983215332
      },
      "laptop": {
        "IoU": 43.58000183105469,
        "Acc": 65.12999725341797
      },
      "mouse": {
        "IoU": 20.459999084472656,
        "Acc": 42.11000061035156
      },
      "remote": {
        "IoU": 14.63000011444092,
        "Acc": 66.30999755859375
      },
      "keyboard": {
        "IoU": 38.31999969482422,
        "Acc": 57.689998626708984
      },
      "cell phone": {
        "IoU": 32.939998626708984,
        "Acc": 58.20999908447265
      },
      "microwave": {
        "IoU": 22.65999984741211,
        "Acc": 28.979999542236328
      },
      "oven": {
        "IoU": 24.010000228881836,
        "Acc": 70.2300033569336
      },
      "toaster": {
        "IoU": 20.299999237060547,
        "Acc": 52.22999954223633
      },
      "sink": {
        "IoU": 31.020000457763675,
        "Acc": 54.810001373291016
      },
      "refrigerator": {
        "IoU": 49.150001525878906,
        "Acc": 61.56999969482422
      },
      "book": {
        "IoU": 27.940000534057617,
        "Acc": 32.43000030517578
      },
      "clock": {
        "IoU": 42.33000183105469,
        "Acc": 83.0199966430664
      },
      "vase": {
        "IoU": 29.520000457763672,
        "Acc": 55.20999908447266
      },
      "scissors": {
        "IoU": 51.06999969482422,
        "Acc": 62.790000915527344
      },
      "teddy bear": {
        "IoU": 62.43000030517578,
        "Acc": 75.80999755859375
      },
      "hair drier": {
        "IoU": 1.9600000381469727,
        "Acc": 15.760000228881834
      },
      "toothbrush": {
        "IoU": 25.059999465942383,
        "Acc": 55.3499984741211
      },
      "banner": {
        "IoU": 2.109999895095825,
        "Acc": 74.61000061035156
      },
      "blanket": {
        "IoU": 6.179999828338623,
        "Acc": 19.06999969482422
      },
      "branch": {
        "IoU": 6.300000190734862,
        "Acc": 41.66999816894531
      },