{"seed": 0, "subset_manifest": "/home/yuhe/clip_dinoiser/artifacts/surrogate_random_v1/manifests/rand_subset_s0145_t00.json", "subset_size": 1000, "model_key": "deeplabv3plus_r50_d8"}
{"mode": "train", "epoch": 1, "iter": 20, "lr": 0.00983, "memory": 5155, "data_time": 0.0174, "decode.loss_ce": 3.17962, "decode.acc_seg": 2.92563, "aux.loss_ce": 1.303, "aux.acc_seg": 3.03058, "loss": 4.48263, "time": 0.26146}
{"mode": "train", "epoch": 1, "iter": 40, "lr": 0.00965, "memory": 5155, "data_time": 0.00339, "decode.loss_ce": 3.15819, "decode.acc_seg": 6.60492, "aux.loss_ce": 1.29244, "aux.acc_seg": 11.32202, "loss": 4.45063, "time": 0.12706}
{"mode": "train", "epoch": 1, "iter": 60, "lr": 0.00947, "memory": 5155, "data_time": 0.00333, "decode.loss_ce": 3.22101, "decode.acc_seg": 3.61525, "aux.loss_ce": 1.28276, "aux.acc_seg": 4.76454, "loss": 4.50377, "time": 0.12698}
{"mode": "train", "epoch": 1, "iter": 80, "lr": 0.00929, "memory": 5155, "data_time": 0.00331, "decode.loss_ce": 2.9088, "decode.acc_seg": 7.73563, "aux.loss_ce": 1.17171, "aux.acc_seg": 8.06678, "loss": 4.08051, "time": 0.12795}
{"mode": "train", "epoch": 1, "iter": 100, "lr": 0.00911, "memory": 5155, "data_time": 0.00334, "decode.loss_ce": 3.06785, "decode.acc_seg": 5.88927, "aux.loss_ce": 1.18971, "aux.acc_seg": 11.56776, "loss": 4.25756, "time": 0.1282}
{"mode": "train", "epoch": 1, "iter": 120, "lr": 0.00893, "memory": 5155, "data_time": 0.00334, "decode.loss_ce": 3.26564, "decode.acc_seg": 7.4249, "aux.loss_ce": 1.31839, "aux.acc_seg": 7.57892, "loss": 4.58403, "time": 0.12828}
{"mode": "train", "epoch": 1, "iter": 140, "lr": 0.00875, "memory": 5155, "data_time": 0.00335, "decode.loss_ce": 3.30282, "decode.acc_seg": 2.89179, "aux.loss_ce": 1.27312, "aux.acc_seg": 7.462, "loss": 4.57594, "time": 0.12836}
{"mode": "train", "epoch": 1, "iter": 160, "lr": 0.00857, "memory": 5155, "data_time": 0.00337, "decode.loss_ce": 2.68251, "decode.acc_seg": 8.25597, "aux.loss_ce": 1.06811, "aux.acc_seg": 8.55316, "loss": 3.75061, "time": 0.12945}
{"mode": "train", "epoch": 1, "iter": 180, "lr": 0.00839, "memory": 5155, "data_time": 0.00343, "decode.loss_ce": 2.76906, "decode.acc_seg": 13.66718, "aux.loss_ce": 1.08601, "aux.acc_seg": 16.11084, "loss": 3.85507, "time": 0.12857}
{"mode": "train", "epoch": 1, "iter": 200, "lr": 0.00821, "memory": 5155, "data_time": 0.00338, "decode.loss_ce": 2.58329, "decode.acc_seg": 7.49801, "aux.loss_ce": 1.04834, "aux.acc_seg": 10.57293, "loss": 3.63163, "time": 0.12817}
{"mode": "train", "epoch": 1, "iter": 220, "lr": 0.00803, "memory": 5155, "data_time": 0.00338, "decode.loss_ce": 2.87105, "decode.acc_seg": 11.6243, "aux.loss_ce": 1.13499, "aux.acc_seg": 11.57823, "loss": 4.00604, "time": 0.12941}
{"mode": "train", "epoch": 1, "iter": 240, "lr": 0.00784, "memory": 5155, "data_time": 0.00339, "decode.loss_ce": 2.70318, "decode.acc_seg": 14.69054, "aux.loss_ce": 1.08875, "aux.acc_seg": 12.83495, "loss": 3.79193, "time": 0.12895}
{"mode": "train", "epoch": 1, "iter": 260, "lr": 0.00766, "memory": 5155, "data_time": 0.00338, "decode.loss_ce": 2.95758, "decode.acc_seg": 12.94066, "aux.loss_ce": 1.16687, "aux.acc_seg": 11.74517, "loss": 4.12445, "time": 0.12923}
{"mode": "train", "epoch": 1, "iter": 280, "lr": 0.00748, "memory": 5155, "data_time": 0.00339, "decode.loss_ce": 3.29378, "decode.acc_seg": 10.37246, "aux.loss_ce": 1.28918, "aux.acc_seg": 11.58207, "loss": 4.58296, "time": 0.12964}
{"mode": "train", "epoch": 1, "iter": 300, "lr": 0.00729, "memory": 5155, "data_time": 0.00341, "decode.loss_ce": 3.2847, "decode.acc_seg": 9.53912, "aux.loss_ce": 1.30075, "aux.acc_seg": 9.23449, "loss": 4.58545, "time": 0.12965}
{"mode": "train", "epoch": 1, "iter": 320, "lr": 0.00711, "memory": 5155, "data_time": 0.00341, "decode.loss_ce": 2.92885, "decode.acc_seg": 8.72248, "aux.loss_ce": 1.1657, "aux.acc_seg": 10.27478, "loss": 4.09455, "time": 0.12963}
{"mode": "train", "epoch": 1, "iter": 340, "lr": 0.00692, "memory": 5155, "data_time": 0.00339, "decode.loss_ce": 2.60141, "decode.acc_seg": 3.22161, "aux.loss_ce": 1.03525, "aux.acc_seg": 3.21598, "loss": 3.63666, "time": 0.12954}
{"mode": "train", "epoch": 1, "iter": 360, "lr": 0.00673, "memory": 5155, "data_time": 0.00341, "decode.loss_ce": 2.74663, "decode.acc_seg": 12.26997, "aux.loss_ce": 1.07811, "aux.acc_seg": 11.70834, "loss": 3.82474, "time": 0.12932}
{"mode": "train", "epoch": 1, "iter": 380, "lr": 0.00655, "memory": 5155, "data_time": 0.00339, "decode.loss_ce": 2.72942, "decode.acc_seg": 9.18895, "aux.loss_ce": 1.077, "aux.acc_seg": 9.85886, "loss": 3.80642, "time": 0.12871}
{"mode": "train", "epoch": 1, "iter": 400, "lr": 0.00636, "memory": 5155, "data_time": 0.00343, "decode.loss_ce": 2.59686, "decode.acc_seg": 9.20389, "aux.loss_ce": 1.03184, "aux.acc_seg": 9.17947, "loss": 3.6287, "time": 0.12921}
{"mode": "train", "epoch": 1, "iter": 420, "lr": 0.00617, "memory": 5155, "data_time": 0.00342, "decode.loss_ce": 2.80308, "decode.acc_seg": 9.81654, "aux.loss_ce": 1.11664, "aux.acc_seg": 8.48668, "loss": 3.91972, "time": 0.12914}
{"mode": "train", "epoch": 1, "iter": 440, "lr": 0.00598, "memory": 5155, "data_time": 0.00345, "decode.loss_ce": 2.53062, "decode.acc_seg": 8.38717, "aux.loss_ce": 1.01159, "aux.acc_seg": 9.20991, "loss": 3.54221, "time": 0.12969}
{"mode": "train", "epoch": 1, "iter": 460, "lr": 0.0058, "memory": 5155, "data_time": 0.00346, "decode.loss_ce": 2.9215, "decode.acc_seg": 8.89327, "aux.loss_ce": 1.15285, "aux.acc_seg": 10.89135, "loss": 4.07435, "time": 0.12953}
{"mode": "train", "epoch": 1, "iter": 480, "lr": 0.00561, "memory": 5155, "data_time": 0.00345, "decode.loss_ce": 2.95808, "decode.acc_seg": 16.24787, "aux.loss_ce": 1.18577, "aux.acc_seg": 16.42069, "loss": 4.14385, "time": 0.12995}
{"mode": "train", "epoch": 1, "iter": 500, "lr": 0.00541, "memory": 5155, "data_time": 0.00344, "decode.loss_ce": 2.91602, "decode.acc_seg": 11.04019, "aux.loss_ce": 1.16193, "aux.acc_seg": 11.0741, "loss": 4.07795, "time": 0.12942}
{"mode": "train", "epoch": 2, "iter": 520, "lr": 0.00522, "memory": 5155, "data_time": 0.10895, "decode.loss_ce": 2.72527, "decode.acc_seg": 10.60343, "aux.loss_ce": 1.1052, "aux.acc_seg": 8.30864, "loss": 3.83046, "time": 0.23591}
{"mode": "train", "epoch": 2, "iter": 540, "lr": 0.00503, "memory": 5155, "data_time": 0.00344, "decode.loss_ce": 2.83727, "decode.acc_seg": 11.55937, "aux.loss_ce": 1.13419, "aux.acc_seg": 14.12588, "loss": 3.97147, "time": 0.12965}
{"mode": "train", "epoch": 2, "iter": 560, "lr": 0.00484, "memory": 5155, "data_time": 0.00346, "decode.loss_ce": 2.71182, "decode.acc_seg": 11.7179, "aux.loss_ce": 1.09453, "aux.acc_seg": 12.29232, "loss": 3.80635, "time": 0.1296}
{"mode": "train", "epoch": 2, "iter": 580, "lr": 0.00464, "memory": 5155, "data_time": 0.00346, "decode.loss_ce": 2.79001, "decode.acc_seg": 18.25462, "aux.loss_ce": 1.13057, "aux.acc_seg": 16.91367, "loss": 3.92058, "time": 0.12922}
{"mode": "train", "epoch": 2, "iter": 600, "lr": 0.00445, "memory": 5155, "data_time": 0.00348, "decode.loss_ce": 2.91497, "decode.acc_seg": 14.01364, "aux.loss_ce": 1.17667, "aux.acc_seg": 14.32461, "loss": 4.09165, "time": 0.1294}
{"mode": "train", "epoch": 2, "iter": 620, "lr": 0.00425, "memory": 5155, "data_time": 0.00343, "decode.loss_ce": 2.53581, "decode.acc_seg": 20.19803, "aux.loss_ce": 1.02813, "aux.acc_seg": 17.74016, "loss": 3.56394, "time": 0.12965}
{"mode": "train", "epoch": 2, "iter": 640, "lr": 0.00406, "memory": 5155, "data_time": 0.00345, "decode.loss_ce": 2.65011, "decode.acc_seg": 10.54246, "aux.loss_ce": 1.06437, "aux.acc_seg": 8.49181, "loss": 3.71448, "time": 0.13003}
{"mode": "train", "epoch": 2, "iter": 660, "lr": 0.00386, "memory": 5155, "data_time": 0.00344, "decode.loss_ce": 2.72798, "decode.acc_seg": 12.72724, "aux.loss_ce": 1.10341, "aux.acc_seg": 11.91242, "loss": 3.83139, "time": 0.13019}
{"mode": "train", "epoch": 2, "iter": 680, "lr": 0.00366, "memory": 5155, "data_time": 0.00346, "decode.loss_ce": 2.67384, "decode.acc_seg": 14.00982,