{
  "num_samples": 50000,
  "features": {
    "knn_neighbor_distances_raw": {
      "num_samples": 50000,
      "empty_samples": 0,
      "length": {
        "min": 50,
        "max": 50,
        "mean": 50.0
      },
      "values": {
        "min": -1.1920928955078125e-07,
        "max": 0.699625551700592,
        "mean": 0.289040207862854,
        "std": 0.0916757881641388
      },
      "sample_values": [
        [
          0.10915613174438477,
          0.11490011215209961,
          0.11580932140350342,
          0.12278693914413452,
          0.12548565864562988,
          0.12571930885314941,
          0.1257590651512146,
          0.12596023082733154,
          0.1273583173751831,
          0.12955248355865479
        ],
        [
          0.2537412643432617,
          0.25581252574920654,
          0.26166945695877075,
          0.27133095264434814,
          0.27279752492904663,
          0.2729301452636719,
          0.2738191485404968,
          0.2751336097717285,
          0.28150272369384766,
          0.28472763299942017
        ],
        [
          0.30501019954681396,
          0.3516969680786133,
          0.3598748445510864,
          0.36319446563720703,
          0.37531882524490356,
          0.3784290552139282,
          0.3791050910949707,
          0.3800395727157593,
          0.3826342821121216,
          0.38337910175323486
        ]
      ]
    },
    "prototype_distances_raw": {
      "num_samples": 50000,
      "empty_samples": 0,
      "length": {
        "min": 50,
        "max": 50,
        "mean": 50.0
      },
      "values": {
        "min": 0.03292512893676758,
        "max": 0.8163467049598694,
        "mean": 0.46734708547592163,
        "std": 0.09191986918449402
      },
      "sample_values": [
        [
          0.09292799234390259,
          0.11415046453475952,
          0.1561347246170044,
          0.16585707664489746,
          0.198128342628479,
          0.2090889811515808,
          0.2780252695083618,
          0.28358280658721924,
          0.2918374538421631,
          0.30729663372039795
        ],
        [
          0.206548810005188,
          0.31627529859542847,
          0.4181135892868042,
          0.4260593056678772,
          0.42946797609329224,
          0.438281774520874,
          0.4575161337852478,
          0.46027350425720215,
          0.4658297300338745,
          0.47276151180267334
        ],
        [
          0.34572744369506836,
          0.35349082946777344,
          0.36849379539489746,
          0.37475478649139404,
          0.37985217571258545,
          0.38694703578948975,
          0.41471052169799805,
          0.42737889289855957,
          0.4279513359069824,
          0.4470869302749634
        ]
      ]
    }
  }
}