{
  "validation_mode": "full",
  "validation_config": {
    "proxy_subset_size": 300,
    "proxy_seed": 1,
    "proxy_inference_mode": "whole",
    "full_eval_top_k": 3
  },
  "coco_stuff": {
    "validation_mode": "full",
    "used_inference_mode": "slide",
    "summary": {
      "mIoU": 24.29,
      "mAcc": 41.23,
      "aAcc": 38.65
    },
    "proxy_summary": null,
    "full_summary": {
      "mIoU": 24.29,
      "mAcc": 41.23,
      "aAcc": 38.65
    },
    "per_class": {
      "person": {
        "IoU": 13.270000457763672,
        "Acc": 13.930000305175783
      },
      "bicycle": {
        "IoU": 52.369998931884766,
        "Acc": 83.87000274658203
      },
      "car": {
        "IoU": 43.689998626708984,
        "Acc": 75.88999938964844
      },
      "motorcycle": {
        "IoU": 66.1500015258789,
        "Acc": 88.33000183105469
      },
      "airplane": {
        "IoU": 41.150001525878906,
        "Acc": 90.22000122070312
      },
      "bus": {
        "IoU": 62.97999954223633,
        "Acc": 84.3499984741211
      },
      "train": {
        "IoU": 55.029998779296875,
        "Acc": 70.69000244140625
      },
      "truck": {
        "IoU": 38.220001220703125,
        "Acc": 47.70000076293945
      },
      "boat": {
        "IoU": 33.45000076293945,
        "Acc": 81.0999984741211
      },
      "traffic light": {
        "IoU": 21.75,
        "Acc": 70.13999938964844
      },
      "fire hydrant": {
        "IoU": 54.580001831054695,
        "Acc": 81.55000305175781
      },
      "stop sign": {
        "IoU": 60.31999969482422,
        "Acc": 91.13999938964844
      },
      "parking meter": {
        "IoU": 27.600000381469727,
        "Acc": 35.70000076293945
      },
      "bench": {
        "IoU": 35.54999923706055,
        "Acc": 44.95000076293945
      },
      "bird": {
        "IoU": 53.93000030517578,
        "Acc": 86.29000091552734
      },
      "cat": {
        "IoU": 69.62999725341797,
        "Acc": 88.81999969482422
      },
      "dog": {
        "IoU": 61.02999877929688,
        "Acc": 82.19999694824219
      },
      "horse": {
        "IoU": 60.889999389648445,
        "Acc": 87.0199966430664
      },
      "sheep": {
        "IoU": 73.29000091552734,
        "Acc": 90.20999908447266
      },
      "cow": {
        "IoU": 65.41000366210938,
        "Acc": 82.41000366210938
      },
      "elephant": {
        "IoU": 80.51000213623047,
        "Acc": 92.37999725341797
      },
      "bear": {
        "IoU": 79.36000061035156,
        "Acc": 90.12000274658203
      },
      "zebra": {
        "IoU": 77.83999633789062,
        "Acc": 93.41000366210938
      },
      "giraffe": {
        "IoU": 48.130001068115234,
        "Acc": 89.1500015258789
      },
      "backpack": {
        "IoU": 7.75,
        "Acc": 55.970001220703125
      },
      "umbrella": {
        "IoU": 32.79999923706055,
        "Acc": 70.19999694824219
      },
      "handbag": {
        "IoU": 8.109999656677246,
        "Acc": 10.760000228881836
      },
      "tie": {
        "IoU": 1.159999966621399,
        "Acc": 56.470001220703125
      },
      "suitcase": {
        "IoU": 46.790000915527344,
        "Acc": 53.939998626708984
      },
      "frisbee": {
        "IoU": 11.550000190734863,
        "Acc": 51.58000183105469
      },
      "skis": {
        "IoU": 7.1599998474121085,
        "Acc": 50.369998931884766
      },
      "snowboard": {
        "IoU": 12.850000381469725,
        "Acc": 59.43000030517578
      },
      "sports ball": {
        "IoU": 2.4800000190734863,
        "Acc": 56.88999938964844
      },
      "kite": {
        "IoU": 28.559999465942383,
        "Acc": 51.779998779296875
      },
      "baseball bat": {
        "IoU": 5.53000020980835,
        "Acc": 8.170000076293945
      },
      "baseball glove": {
        "IoU": 21.56999969482422,
        "Acc": 45.81999969482422
      },
      "skateboard": {
        "IoU": 17.170000076293945,
        "Acc": 54.50000000000001
      },
      "surfboard": {
        "IoU": 29.309999465942383,
        "Acc": 73.19999694824219
      },
      "tennis racket": {
        "IoU": 6.420000076293945,
        "Acc": 46.90999984741211
      },
      "bottle": {
        "IoU": 24.579999923706055,
        "Acc": 53.16999816894531
      },
      "wine glass": {
        "IoU": 30.340000152587894,
        "Acc": 72.33000183105469
      },
      "cup": {
        "IoU": 17.329999923706055,
        "Acc": 24.8799991607666
      },
      "fork": {
        "IoU": 12.029999732971191,
        "Acc": 13.119999885559084
      },
      "knife": {
        "IoU": 5.369999885559082,
        "Acc": 7.03000020980835
      },
      "spoon": {
        "IoU": 18.670000076293945,
        "Acc": 31.389999389648438
      },
      "bowl": {
        "IoU": 12.25,
        "Acc": 15.960000038146974
      },
      "banana": {
        "IoU": 38.04999923706055,
        "Acc": 47.810001373291016
      },
      "apple": {
        "IoU": 11.449999809265137,
        "Acc": 12.930000305175781
      },
      "sandwich": {
        "IoU": 13.329999923706055,
        "Acc": 14.399999618530273
      },
      "orange": {
        "IoU": 22.68000030517578,
        "Acc": 26.0
      },
      "broccoli": {
        "IoU": 9.880000114440918,
        "Acc": 10.550000190734863
      },
      "carrot": {
        "IoU": 24.860000610351562,
        "Acc": 25.56999969482422
      },
      "hot dog": {
        "IoU": 34.91999816894531,
        "Acc": 40.97999954223633
      },
      "pizza": {
        "IoU": 44.209999084472656,
        "Acc": 52.83000183105469
      },
      "donut": {
        "IoU": 50.65999984741211,
        "Acc": 55.069999694824226
      },
      "cake": {
        "IoU": 48.0,
        "Acc": 70.18000030517578
      },
      "chair": {
        "IoU": 14.800000190734863,
        "Acc": 16.06999969482422
      },
      "couch": {
        "IoU": 46.630001068115234,
        "Acc": 57.560001373291016
      },
      "potted plant": {
        "IoU": 9.350000381469727,
        "Acc": 12.479999542236328
      },
      "bed": {
        "IoU": 48.369998931884766,
        "Acc": 61.11000061035157
      },
      "dining table": {
        "IoU": 11.09000015258789,
        "Acc": 12.130000114440918
      },
      "toilet": {
        "IoU": 31.540000915527344,
        "Acc": 76.04000091552734
      },
      "tv": {
        "IoU": 28.489999771118164,
        "Acc": 36.150001525878906
      },
      "laptop": {
        "IoU": 44.27000045776367,
        "Acc": 65.94999694824219
      },
      "mouse": {
        "IoU": 21.350000381469727,
        "Acc": 45.16999816894531
      },
      "remote": {
        "IoU": 14.65999984741211,
        "Acc": 68.63999938964844
      },
      "keyboard": {
        "IoU": 40.02000045776367,
        "Acc": 59.209999084472656
      },
      "cell phone": {
        "IoU": 33.4900016784668,
        "Acc": 58.04999923706055
      },
      "microwave": {
        "IoU": 23.329999923706055,
        "Acc": 30.590000152587894
      },
      "oven": {
        "IoU": 24.309999465942383,
        "Acc": 69.94999694824219
      },
      "toaster": {
        "IoU": 20.149999618530273,
        "Acc": 51.43000030517578
      },
      "sink": {
        "IoU": 30.940000534057617,
        "Acc": 55.630001068115234
      },
      "refrigerator": {
        "IoU": 49.02000045776367,
        "Acc": 61.330001831054695
      },
      "book": {
        "IoU": 28.020000457763672,
        "Acc": 32.58000183105469
      },
      "clock": {
        "IoU": 42.630001068115234,
        "Acc": 82.4800033569336
      },
      "vase": {
        "IoU": 28.579999923706055,
        "Acc": 53.5099983215332
      },
      "scissors": {
        "IoU": 51.02999877929687,
        "Acc": 61.75000000000001
      },
      "teddy bear": {
        "IoU": 62.40999984741211,
        "Acc": 75.95999908447266
      },
      "hair drier": {
        "IoU": 1.7899999618530271,
        "Acc": 14.649999618530273
      },