{
  "validation_mode": "full",
  "validation_config": {
    "proxy_subset_size": 300,
    "proxy_seed": 1,
    "proxy_inference_mode": "whole",
    "full_eval_top_k": 3
  },
  "coco_stuff": {
    "validation_mode": "full",
    "used_inference_mode": "slide",
    "summary": {
      "mIoU": 23.52,
      "mAcc": 38.17,
      "aAcc": 34.38
    },
    "proxy_summary": null,
    "full_summary": {
      "mIoU": 23.52,
      "mAcc": 38.17,
      "aAcc": 34.38
    },
    "per_class": {
      "person": {
        "IoU": 9.59000015258789,
        "Acc": 9.859999656677246
      },
      "bicycle": {
        "IoU": 52.380001068115234,
        "Acc": 78.18000030517578
      },
      "car": {
        "IoU": 41.63999938964844,
        "Acc": 72.43000030517578
      },
      "motorcycle": {
        "IoU": 66.5,
        "Acc": 83.45999908447266
      },
      "airplane": {
        "IoU": 51.24999999999999,
        "Acc": 85.31999969482422
      },
      "bus": {
        "IoU": 62.56999969482422,
        "Acc": 80.66000366210938
      },
      "train": {
        "IoU": 55.11999893188476,
        "Acc": 66.63999938964844
      },
      "truck": {
        "IoU": 32.16999816894531,
        "Acc": 38.11000061035156
      },
      "boat": {
        "IoU": 36.63999938964844,
        "Acc": 78.98999786376953
      },
      "traffic light": {
        "IoU": 25.75,
        "Acc": 66.31999969482422
      },
      "fire hydrant": {
        "IoU": 53.650001525878906,
        "Acc": 74.16999816894531
      },
      "stop sign": {
        "IoU": 63.47000122070312,
        "Acc": 89.31999969482422
      },
      "parking meter": {
        "IoU": 24.0,
        "Acc": 29.049999237060547
      },
      "bench": {
        "IoU": 34.709999084472656,
        "Acc": 45.0
      },
      "bird": {
        "IoU": 56.77000045776367,
        "Acc": 86.12999725341797
      },
      "cat": {
        "IoU": 65.54000091552734,
        "Acc": 78.70999908447266
      },
      "dog": {
        "IoU": 55.040000915527344,
        "Acc": 75.91999816894531
      },
      "horse": {
        "IoU": 61.889999389648445,
        "Acc": 81.19999694824219
      },
      "sheep": {
        "IoU": 69.12999725341797,
        "Acc": 80.08999633789062
      },
      "cow": {
        "IoU": 64.93000030517578,
        "Acc": 81.69999694824219
      },
      "elephant": {
        "IoU": 80.83000183105469,
        "Acc": 90.48999786376953
      },
      "bear": {
        "IoU": 70.12999725341797,
        "Acc": 85.0199966430664
      },
      "zebra": {
        "IoU": 77.62000274658203,
        "Acc": 94.51000213623047
      },
      "giraffe": {
        "IoU": 46.58000183105469,
        "Acc": 82.6500015258789
      },
      "backpack": {
        "IoU": 9.260000228881836,
        "Acc": 48.720001220703125
      },
      "umbrella": {
        "IoU": 33.7599983215332,
        "Acc": 70.23999786376953
      },
      "handbag": {
        "IoU": 7.400000095367432,
        "Acc": 8.210000038146973
      },
      "tie": {
        "IoU": 0.9499999880790709,
        "Acc": 43.58000183105469
      },
      "suitcase": {
        "IoU": 42.16999816894531,
        "Acc": 46.349998474121094
      },
      "frisbee": {
        "IoU": 9.489999771118164,
        "Acc": 51.09999847412109
      },
      "skis": {
        "IoU": 8.319999694824219,
        "Acc": 46.59000015258789
      },
      "snowboard": {
        "IoU": 12.569999694824219,
        "Acc": 62.04999923706055
      },
      "sports ball": {
        "IoU": 4.730000019073486,
        "Acc": 56.09000015258789
      },
      "kite": {
        "IoU": 29.26000022888184,
        "Acc": 50.290000915527344
      },
      "baseball bat": {
        "IoU": 6.78000020980835,
        "Acc": 8.319999694824219
      },
      "baseball glove": {
        "IoU": 24.75,
        "Acc": 39.20000076293945
      },
      "skateboard": {
        "IoU": 19.969999313354492,
        "Acc": 54.759998321533196
      },
      "surfboard": {
        "IoU": 32.63999938964844,
        "Acc": 73.05999755859375
      },
      "tennis racket": {
        "IoU": 12.039999961853027,
        "Acc": 45.34000015258789
      },
      "bottle": {
        "IoU": 23.75,
        "Acc": 53.849998474121094
      },
      "wine glass": {
        "IoU": 31.729999542236325,
        "Acc": 69.22000122070312
      },
      "cup": {
        "IoU": 16.190000534057617,
        "Acc": 21.790000915527344
      },
      "fork": {
        "IoU": 13.479999542236328,
        "Acc": 15.020000457763672
      },
      "knife": {
        "IoU": 5.820000171661377,
        "Acc": 7.489999771118164
      },
      "spoon": {
        "IoU": 21.40999984741211,
        "Acc": 30.520000457763675
      },
      "bowl": {
        "IoU": 11.489999771118164,
        "Acc": 14.329999923706055
      },
      "banana": {
        "IoU": 46.54999923706055,
        "Acc": 58.36999893188477
      },
      "apple": {
        "IoU": 11.609999656677246,
        "Acc": 12.649999618530272
      },
      "sandwich": {
        "IoU": 18.59000015258789,
        "Acc": 20.510000228881836
      },
      "orange": {
        "IoU": 28.280000686645508,
        "Acc": 32.310001373291016
      },
      "broccoli": {
        "IoU": 9.470000267028809,
        "Acc": 9.960000038146973
      },
      "carrot": {
        "IoU": 26.790000915527344,
        "Acc": 27.540000915527347
      },
      "hot dog": {
        "IoU": 26.219999313354492,
        "Acc": 30.360000610351562
      },
      "pizza": {
        "IoU": 34.439998626708984,
        "Acc": 39.939998626708984
      },
      "donut": {
        "IoU": 52.779998779296875,
        "Acc": 58.040000915527344
      },
      "cake": {
        "IoU": 45.779998779296875,
        "Acc": 66.37000274658203
      },
      "chair": {
        "IoU": 14.039999961853027,
        "Acc": 15.130000114440916
      },
      "couch": {
        "IoU": 42.18000030517578,
        "Acc": 49.189998626708984
      },
      "potted plant": {
        "IoU": 9.239999771118164,
        "Acc": 10.329999923706055
      },
      "bed": {
        "IoU": 43.29999923706055,
        "Acc": 50.33000183105468
      },
      "dining table": {
        "IoU": 9.350000381469727,
        "Acc": 10.069999694824219
      },
      "toilet": {
        "IoU": 42.720001220703125,
        "Acc": 68.02999877929688
      },
      "tv": {
        "IoU": 27.940000534057617,
        "Acc": 34.040000915527344
      },
      "laptop": {
        "IoU": 41.630001068115234,
        "Acc": 55.880001068115234
      },
      "mouse": {
        "IoU": 20.3700008392334,
        "Acc": 46.0
      },
      "remote": {
        "IoU": 15.949999809265137,
        "Acc": 69.02999877929688
      },
      "keyboard": {
        "IoU": 42.0099983215332,
        "Acc": 63.220001220703125
      },
      "cell phone": {
        "IoU": 31.010000228881836,
        "Acc": 48.77000045776367
      },
      "microwave": {
        "IoU": 20.459999084472656,
        "Acc": 24.239999771118164
      },
      "oven": {
        "IoU": 26.020000457763672,
        "Acc": 63.680000305175774
      },
      "toaster": {
        "IoU": 24.260000228881836,
        "Acc": 47.779998779296875
      },
      "sink": {
        "IoU": 27.15999984741211,
        "Acc": 42.2599983215332
      },
      "refrigerator": {
        "IoU": 43.709999084472656,
        "Acc": 52.13000106811524
      },
      "book": {
        "IoU": 21.530000686645508,
        "Acc": 24.459999084472656
      },
      "clock": {
        "IoU": 43.939998626708984,
        "Acc": 80.51000213623047
      },
      "vase": {
        "IoU": 30.46999931335449,
        "Acc": 48.79999923706055
      },
      "scissors": {
        "IoU": 49.38999938964844,
        "Acc": 57.81999969482422
      },
      "teddy bear": {
        "IoU": 60.79999923706054,
        "Acc": 73.4000015258789
      },
      "hair drier": {
        "IoU": 0.6499999761581421,
        "Acc": 9.140000343322754
      },
      "toothbrush": {
        "IoU": 27.250000000000004,