{
  "coco_stuff": {
    "summary": {
      "mIoU": 24.24,
      "mAcc": 41.34,
      "aAcc": 38.55
    },
    "per_class": {
      "person": {
        "IoU": 12.970000267028809,
        "Acc": 13.579999923706055
      },
      "bicycle": {
        "IoU": 52.529998779296875,
        "Acc": 83.72000122070312
      },
      "car": {
        "IoU": 43.15999984741211,
        "Acc": 75.41999816894531
      },
      "motorcycle": {
        "IoU": 66.02999877929688,
        "Acc": 88.55999755859375
      },
      "airplane": {
        "IoU": 41.13999938964844,
        "Acc": 90.13999938964844
      },
      "bus": {
        "IoU": 62.9900016784668,
        "Acc": 85.0
      },
      "train": {
        "IoU": 55.900001525878906,
        "Acc": 71.93000030517578
      },
      "truck": {
        "IoU": 38.97999954223633,
        "Acc": 48.790000915527344
      },
      "boat": {
        "IoU": 32.959999084472656,
        "Acc": 81.02999877929688
      },
      "traffic light": {
        "IoU": 20.479999542236328,
        "Acc": 69.9000015258789
      },
      "fire hydrant": {
        "IoU": 54.54999923706054,
        "Acc": 83.19999694824219
      },
      "stop sign": {
        "IoU": 59.77000045776367,
        "Acc": 91.12000274658203
      },
      "parking meter": {
        "IoU": 28.489999771118164,
        "Acc": 36.59000015258789
      },
      "bench": {
        "IoU": 36.099998474121094,
        "Acc": 46.13999938964844
      },
      "bird": {
        "IoU": 53.270000457763665,
        "Acc": 86.94999694824219
      },
      "cat": {
        "IoU": 69.31999969482422,
        "Acc": 88.72000122070312
      },
      "dog": {
        "IoU": 61.150001525878906,
        "Acc": 82.91000366210938
      },
      "horse": {
        "IoU": 61.02999877929688,
        "Acc": 87.77999877929688
      },
      "sheep": {
        "IoU": 73.01000213623047,
        "Acc": 90.73999786376953
      },
      "cow": {
        "IoU": 65.01000213623047,
        "Acc": 83.16999816894531
      },
      "elephant": {
        "IoU": 80.37999725341797,
        "Acc": 93.45999908447266
      },
      "bear": {
        "IoU": 78.98999786376953,
        "Acc": 90.91000366210938
      },
      "zebra": {
        "IoU": 77.44000244140625,
        "Acc": 93.97000122070312
      },
      "giraffe": {
        "IoU": 47.68000030517578,
        "Acc": 90.05000305175781
      },
      "backpack": {
        "IoU": 7.929999828338623,
        "Acc": 56.119998931884766
      },
      "umbrella": {
        "IoU": 32.9900016784668,
        "Acc": 70.19999694824219
      },
      "handbag": {
        "IoU": 8.770000457763672,
        "Acc": 11.630000114440918
      },
      "tie": {
        "IoU": 1.090000033378601,
        "Acc": 53.049999237060554
      },
      "suitcase": {
        "IoU": 46.27000045776367,
        "Acc": 53.759998321533196
      },
      "frisbee": {
        "IoU": 11.399999618530273,
        "Acc": 52.5099983215332
      },
      "skis": {
        "IoU": 7.449999809265137,
        "Acc": 55.5099983215332
      },
      "snowboard": {
        "IoU": 13.40999984741211,
        "Acc": 62.08000183105469
      },
      "sports ball": {
        "IoU": 2.5299999713897705,
        "Acc": 57.740001678466804
      },
      "kite": {
        "IoU": 27.920000076293945,
        "Acc": 51.939998626708984
      },
      "baseball bat": {
        "IoU": 5.630000114440918,
        "Acc": 8.0
      },
      "baseball glove": {
        "IoU": 22.959999084472656,
        "Acc": 47.380001068115234
      },
      "skateboard": {
        "IoU": 17.5,
        "Acc": 54.459999084472656
      },
      "surfboard": {
        "IoU": 28.350000381469727,
        "Acc": 72.20999908447266
      },
      "tennis racket": {
        "IoU": 6.409999847412109,
        "Acc": 48.290000915527344
      },
      "bottle": {
        "IoU": 24.860000610351562,
        "Acc": 52.7400016784668
      },
      "wine glass": {
        "IoU": 30.610000610351562,
        "Acc": 70.69999694824219
      },
      "cup": {
        "IoU": 17.350000381469727,
        "Acc": 24.75
      },
      "fork": {
        "IoU": 13.840000152587892,
        "Acc": 15.229999542236328
      },
      "knife": {
        "IoU": 4.699999809265137,
        "Acc": 6.159999847412109
      },
      "spoon": {
        "IoU": 18.670000076293945,
        "Acc": 32.16999816894531
      },
      "bowl": {
        "IoU": 12.319999694824219,
        "Acc": 16.15999984741211
      },
      "banana": {
        "IoU": 36.61000061035156,
        "Acc": 45.880001068115234
      },
      "apple": {
        "IoU": 11.359999656677246,
        "Acc": 12.770000457763672
      },
      "sandwich": {
        "IoU": 13.430000305175781,
        "Acc": 14.53999996185303
      },
      "orange": {
        "IoU": 22.600000381469727,
        "Acc": 25.799999237060543
      },
      "broccoli": {
        "IoU": 7.320000171661377,
        "Acc": 7.739999771118164
      },
      "carrot": {
        "IoU": 25.360000610351562,
        "Acc": 26.09000015258789
      },
      "hot dog": {
        "IoU": 34.5099983215332,
        "Acc": 40.38999938964844
      },
      "pizza": {
        "IoU": 43.9900016784668,
        "Acc": 52.61000061035156
      },
      "donut": {
        "IoU": 50.20000076293945,
        "Acc": 54.599998474121094
      },
      "cake": {
        "IoU": 47.529998779296875,
        "Acc": 69.58000183105469
      },
      "chair": {
        "IoU": 14.800000190734863,
        "Acc": 16.030000686645508
      },
      "couch": {
        "IoU": 46.5099983215332,
        "Acc": 57.70999908447265
      },
      "potted plant": {
        "IoU": 8.819999694824219,
        "Acc": 11.600000381469727
      },
      "bed": {
        "IoU": 48.400001525878906,
        "Acc": 61.29999923706054
      },
      "dining table": {
        "IoU": 11.460000038146973,
        "Acc": 12.579999923706053
      },
      "toilet": {
        "IoU": 30.1299991607666,
        "Acc": 76.1500015258789
      },
      "tv": {
        "IoU": 28.65999984741211,
        "Acc": 36.41999816894531
      },
      "laptop": {
        "IoU": 43.4900016784668,
        "Acc": 64.31999969482422
      },
      "mouse": {
        "IoU": 20.700000762939453,
        "Acc": 43.459999084472656
      },
      "remote": {
        "IoU": 14.619999885559082,
        "Acc": 66.5199966430664
      },
      "keyboard": {
        "IoU": 39.060001373291016,
        "Acc": 58.77000045776367
      },
      "cell phone": {
        "IoU": 32.470001220703125,
        "Acc": 57.90999984741211
      },
      "microwave": {
        "IoU": 23.25,
        "Acc": 29.850000381469727
      },
      "oven": {
        "IoU": 24.06999969482422,
        "Acc": 69.80999755859375
      },
      "toaster": {
        "IoU": 20.15999984741211,
        "Acc": 51.88999938964843
      },
      "sink": {
        "IoU": 30.79999923706055,
        "Acc": 54.29999923706055
      },
      "refrigerator": {
        "IoU": 49.310001373291016,
        "Acc": 61.819999694824226
      },
      "book": {
        "IoU": 27.649999618530273,
        "Acc": 32.220001220703125
      },
      "clock": {
        "IoU": 43.47999954223633,
        "Acc": 82.76000213623047
      },
      "vase": {
        "IoU": 29.170000076293945,
        "Acc": 54.84000015258788
      },
      "scissors": {
        "IoU": 51.36000061035156,
        "Acc": 63.02999877929687
      },
      "teddy bear": {
        "IoU": 62.119998931884766,
        "Acc": 75.45999908447266
      },
      "hair drier": {
        "IoU": 1.7300000190734866,
        "Acc": 15.40999984741211
      },
      "toothbrush": {
        "IoU": 25.409999847412106,
        "Acc": 55.18000030517578
      },
      "banner": {
        "IoU": 2.109999895095825,
        "Acc": 75.1500015258789
      },
      "blanket": {
        "IoU": 6.199999809265137,
        "Acc": 19.209999084472656
      },
      "branch": {
        "IoU": 6.269999980926514,
        "Acc": 41.31999969482422
      },