{
  "validation_mode": "full",
  "validation_config": {
    "proxy_subset_size": 300,
    "proxy_seed": 0,
    "proxy_inference_mode": "whole",
    "full_eval_top_k": 3
  },
  "coco_stuff": {
    "validation_mode": "full",
    "used_inference_mode": "slide",
    "summary": {
      "mIoU": 24.15,
      "mAcc": 41.15,
      "aAcc": 38.74
    },
    "proxy_summary": null,
    "full_summary": {
      "mIoU": 24.15,
      "mAcc": 41.15,
      "aAcc": 38.74
    },
    "per_class": {
      "person": {
        "IoU": 13.689999580383299,
        "Acc": 14.399999618530273
      },
      "bicycle": {
        "IoU": 52.25999832153321,
        "Acc": 83.4000015258789
      },
      "car": {
        "IoU": 42.83000183105469,
        "Acc": 74.9800033569336
      },
      "motorcycle": {
        "IoU": 65.0,
        "Acc": 88.86000061035156
      },
      "airplane": {
        "IoU": 41.02000045776367,
        "Acc": 90.25
      },
      "bus": {
        "IoU": 62.95000076293945,
        "Acc": 85.23999786376953
      },
      "train": {
        "IoU": 56.16999816894531,
        "Acc": 72.4000015258789
      },
      "truck": {
        "IoU": 39.029998779296875,
        "Acc": 48.599998474121094
      },
      "boat": {
        "IoU": 32.599998474121094,
        "Acc": 80.66000366210938
      },
      "traffic light": {
        "IoU": 20.520000457763672,
        "Acc": 69.37000274658203
      },
      "fire hydrant": {
        "IoU": 54.900001525878906,
        "Acc": 82.94999694824219
      },
      "stop sign": {
        "IoU": 60.13999938964844,
        "Acc": 90.87999725341797
      },
      "parking meter": {
        "IoU": 27.899999618530273,
        "Acc": 35.790000915527344
      },
      "bench": {
        "IoU": 35.959999084472656,
        "Acc": 45.5099983215332
      },
      "bird": {
        "IoU": 53.56000137329101,
        "Acc": 86.29000091552734
      },
      "cat": {
        "IoU": 68.61000061035156,
        "Acc": 88.94000244140625
      },
      "dog": {
        "IoU": 60.84000015258789,
        "Acc": 83.45999908447266
      },
      "horse": {
        "IoU": 60.450000762939446,
        "Acc": 88.69000244140625
      },
      "sheep": {
        "IoU": 72.30999755859375,
        "Acc": 91.4000015258789
      },
      "cow": {
        "IoU": 64.36000061035156,
        "Acc": 83.80000305175781
      },
      "elephant": {
        "IoU": 79.36000061035156,
        "Acc": 94.3499984741211
      },
      "bear": {
        "IoU": 78.66999816894531,
        "Acc": 91.41999816894531
      },
      "zebra": {
        "IoU": 75.66000366210938,
        "Acc": 94.9000015258789
      },
      "giraffe": {
        "IoU": 46.95000076293945,
        "Acc": 91.26000213623047
      },
      "backpack": {
        "IoU": 8.050000190734863,
        "Acc": 55.41999816894532
      },
      "umbrella": {
        "IoU": 32.52000045776367,
        "Acc": 69.91999816894531
      },
      "handbag": {
        "IoU": 7.869999885559081,
        "Acc": 10.300000190734863
      },
      "tie": {
        "IoU": 1.1200000047683716,
        "Acc": 55.060001373291016
      },
      "suitcase": {
        "IoU": 45.970001220703125,
        "Acc": 53.400001525878906
      },
      "frisbee": {
        "IoU": 11.65999984741211,
        "Acc": 49.349998474121094
      },
      "skis": {
        "IoU": 7.570000171661377,
        "Acc": 56.540000915527344
      },
      "snowboard": {
        "IoU": 13.34000015258789,
        "Acc": 61.939998626708984
      },
      "sports ball": {
        "IoU": 2.4600000381469727,
        "Acc": 56.84000015258789
      },
      "kite": {
        "IoU": 28.889999389648434,
        "Acc": 50.31999969482421
      },
      "baseball bat": {
        "IoU": 5.619999885559082,
        "Acc": 7.809999942779541
      },
      "baseball glove": {
        "IoU": 23.350000381469727,
        "Acc": 45.959999084472656
      },
      "skateboard": {
        "IoU": 17.290000915527344,
        "Acc": 53.83000183105469
      },
      "surfboard": {
        "IoU": 27.530000686645508,
        "Acc": 72.20999908447266
      },
      "tennis racket": {
        "IoU": 6.369999885559081,
        "Acc": 46.810001373291016
      },
      "bottle": {
        "IoU": 25.280000686645508,
        "Acc": 52.86000061035156
      },
      "wine glass": {
        "IoU": 30.8799991607666,
        "Acc": 70.62999725341797
      },
      "cup": {
        "IoU": 17.399999618530273,
        "Acc": 24.59000015258789
      },
      "fork": {
        "IoU": 13.449999809265137,
        "Acc": 14.699999809265138
      },
      "knife": {
        "IoU": 4.320000171661377,
        "Acc": 5.559999942779541
      },
      "spoon": {
        "IoU": 18.8799991607666,
        "Acc": 32.59000015258789
      },
      "bowl": {
        "IoU": 12.0600004196167,
        "Acc": 15.680000305175781
      },
      "banana": {
        "IoU": 34.2400016784668,
        "Acc": 43.060001373291016
      },
      "apple": {
        "IoU": 11.210000038146973,
        "Acc": 12.579999923706053
      },
      "sandwich": {
        "IoU": 13.180000305175781,
        "Acc": 14.18000030517578
      },
      "orange": {
        "IoU": 21.68000030517578,
        "Acc": 24.639999389648438
      },
      "broccoli": {
        "IoU": 4.539999961853027,
        "Acc": 4.769999980926514
      },
      "carrot": {
        "IoU": 21.139999389648438,
        "Acc": 21.75
      },
      "hot dog": {
        "IoU": 34.79999923706055,
        "Acc": 40.650001525878906
      },
      "pizza": {
        "IoU": 43.68000030517578,
        "Acc": 52.479999542236335
      },
      "donut": {
        "IoU": 50.150001525878906,
        "Acc": 54.540000915527344
      },
      "cake": {
        "IoU": 47.81999969482422,
        "Acc": 69.97000122070312
      },
      "chair": {
        "IoU": 14.050000190734863,
        "Acc": 15.130000114440916
      },
      "couch": {
        "IoU": 46.15999984741211,
        "Acc": 57.02000045776367
      },
      "potted plant": {
        "IoU": 8.529999732971191,
        "Acc": 11.430000305175781
      },
      "bed": {
        "IoU": 48.310001373291016,
        "Acc": 61.709999084472656
      },
      "dining table": {
        "IoU": 11.4399995803833,
        "Acc": 12.5600004196167
      },
      "toilet": {
        "IoU": 28.11000061035156,
        "Acc": 76.5
      },
      "tv": {
        "IoU": 28.520000457763672,
        "Acc": 36.04999923706055
      },
      "laptop": {
        "IoU": 43.560001373291016,
        "Acc": 64.91999816894531
      },
      "mouse": {
        "IoU": 19.979999542236328,
        "Acc": 40.38999938964844
      },
      "remote": {
        "IoU": 15.069999694824219,
        "Acc": 66.52999877929688
      },
      "keyboard": {
        "IoU": 38.029998779296875,
        "Acc": 56.470001220703125
      },
      "cell phone": {
        "IoU": 33.66999816894531,
        "Acc": 58.31999969482422
      },
      "microwave": {
        "IoU": 23.399999618530273,
        "Acc": 29.700000762939453
      },
      "oven": {
        "IoU": 24.34000015258789,
        "Acc": 69.93000030517578
      },
      "toaster": {
        "IoU": 20.219999313354492,
        "Acc": 52.09999847412109
      },
      "sink": {
        "IoU": 29.920000076293945,
        "Acc": 51.91999816894531
      },
      "refrigerator": {
        "IoU": 48.880001068115234,
        "Acc": 61.849998474121094
      },
      "book": {
        "IoU": 27.540000915527347,
        "Acc": 31.209999084472656
      },
      "clock": {
        "IoU": 41.790000915527344,
        "Acc": 83.06999969482422
      },
      "vase": {
        "IoU": 29.399999618530277,
        "Acc": 55.84000015258789
      },
      "scissors": {
        "IoU": 51.24999999999999,
        "Acc": 62.83000183105468
      },
      "teddy bear": {
        "IoU": 62.04000091552735,
        "Acc": 76.16000366210938
      },
      "hair drier": {
        "IoU": 2.2100000381469727,
        "Acc": 13.630000114440918
      },