{
  "coco_stuff": {
    "summary": {
      "mIoU": 24.27,
      "mAcc": 41.31,
      "aAcc": 38.65
    },
    "per_class": {
      "person": {
        "IoU": 13.189999580383303,
        "Acc": 13.829999923706055
      },
      "bicycle": {
        "IoU": 52.970001220703125,
        "Acc": 83.70999908447266
      },
      "car": {
        "IoU": 43.2599983215332,
        "Acc": 75.22000122070312
      },
      "motorcycle": {
        "IoU": 66.37999725341797,
        "Acc": 88.62999725341797
      },
      "airplane": {
        "IoU": 41.22999954223633,
        "Acc": 90.23999786376953
      },
      "bus": {
        "IoU": 62.939998626708984,
        "Acc": 84.80999755859375
      },
      "train": {
        "IoU": 55.380001068115234,
        "Acc": 71.19000244140625
      },
      "truck": {
        "IoU": 38.689998626708984,
        "Acc": 48.369998931884766
      },
      "boat": {
        "IoU": 32.88999938964844,
        "Acc": 81.27999877929688
      },
      "traffic light": {
        "IoU": 20.809999465942383,
        "Acc": 69.95999908447266
      },
      "fire hydrant": {
        "IoU": 54.81999969482422,
        "Acc": 83.16999816894531
      },
      "stop sign": {
        "IoU": 59.66999816894531,
        "Acc": 91.06999969482422
      },
      "parking meter": {
        "IoU": 28.280000686645508,
        "Acc": 36.5099983215332
      },
      "bench": {
        "IoU": 36.189998626708984,
        "Acc": 46.189998626708984
      },
      "bird": {
        "IoU": 53.650001525878906,
        "Acc": 86.63999938964844
      },
      "cat": {
        "IoU": 69.63999938964844,
        "Acc": 88.30999755859375
      },
      "dog": {
        "IoU": 61.04999923706055,
        "Acc": 82.33000183105469
      },
      "horse": {
        "IoU": 61.310001373291016,
        "Acc": 87.38999938964844
      },
      "sheep": {
        "IoU": 73.05999755859375,
        "Acc": 90.4000015258789
      },
      "cow": {
        "IoU": 64.95999908447266,
        "Acc": 83.16000366210938
      },
      "elephant": {
        "IoU": 79.91999816894531,
        "Acc": 93.51000213623047
      },
      "bear": {
        "IoU": 79.01000213623047,
        "Acc": 90.43000030517578
      },
      "zebra": {
        "IoU": 76.81999969482422,
        "Acc": 94.30999755859375
      },
      "giraffe": {
        "IoU": 47.58000183105469,
        "Acc": 90.33000183105469
      },
      "backpack": {
        "IoU": 8.029999732971191,
        "Acc": 57.0099983215332
      },
      "umbrella": {
        "IoU": 32.84000015258789,
        "Acc": 70.19000244140625
      },
      "handbag": {
        "IoU": 9.329999923706055,
        "Acc": 12.460000038146973
      },
      "tie": {
        "IoU": 1.059999942779541,
        "Acc": 51.45000076293945
      },
      "suitcase": {
        "IoU": 46.540000915527344,
        "Acc": 53.79999923706055
      },
      "frisbee": {
        "IoU": 11.829999923706055,
        "Acc": 51.880001068115234
      },
      "skis": {
        "IoU": 7.489999771118164,
        "Acc": 55.40999984741211
      },
      "snowboard": {
        "IoU": 13.479999542236328,
        "Acc": 61.880001068115234
      },
      "sports ball": {
        "IoU": 2.5199999809265137,
        "Acc": 56.97999954223633
      },
      "kite": {
        "IoU": 28.469999313354492,
        "Acc": 51.380001068115234
      },
      "baseball bat": {
        "IoU": 5.590000152587891,
        "Acc": 8.010000228881836
      },
      "baseball glove": {
        "IoU": 23.40999984741211,
        "Acc": 47.959999084472656
      },
      "skateboard": {
        "IoU": 17.360000610351562,
        "Acc": 53.91999816894531
      },
      "surfboard": {
        "IoU": 30.229999542236328,
        "Acc": 70.94000244140625
      },
      "tennis racket": {
        "IoU": 6.449999809265136,
        "Acc": 48.5099983215332
      },
      "bottle": {
        "IoU": 24.959999084472656,
        "Acc": 52.81999969482422
      },
      "wine glass": {
        "IoU": 30.71999931335449,
        "Acc": 70.16000366210938
      },
      "cup": {
        "IoU": 17.3799991607666,
        "Acc": 24.719999313354492
      },
      "fork": {
        "IoU": 13.899999618530273,
        "Acc": 15.3100004196167
      },
      "knife": {
        "IoU": 4.599999904632568,
        "Acc": 6.0
      },
      "spoon": {
        "IoU": 19.079999923706055,
        "Acc": 32.130001068115234
      },
      "bowl": {
        "IoU": 12.270000457763672,
        "Acc": 16.0
      },
      "banana": {
        "IoU": 36.650001525878906,
        "Acc": 46.029998779296875
      },
      "apple": {
        "IoU": 11.289999961853027,
        "Acc": 12.6899995803833
      },
      "sandwich": {
        "IoU": 13.390000343322752,
        "Acc": 14.4399995803833
      },
      "orange": {
        "IoU": 22.350000381469727,
        "Acc": 25.6299991607666
      },
      "broccoli": {
        "IoU": 6.429999828338623,
        "Acc": 6.800000190734863
      },
      "carrot": {
        "IoU": 24.600000381469727,
        "Acc": 25.299999237060543
      },
      "hot dog": {
        "IoU": 34.45000076293945,
        "Acc": 40.33000183105469
      },
      "pizza": {
        "IoU": 43.540000915527344,
        "Acc": 51.95000076293945
      },
      "donut": {
        "IoU": 50.0099983215332,
        "Acc": 54.369998931884766
      },
      "cake": {
        "IoU": 47.869998931884766,
        "Acc": 69.94999694824219
      },
      "chair": {
        "IoU": 14.800000190734863,
        "Acc": 16.040000915527344
      },
      "couch": {
        "IoU": 46.52000045776367,
        "Acc": 57.7599983215332
      },
      "potted plant": {
        "IoU": 9.029999732971191,
        "Acc": 11.970000267028809
      },
      "bed": {
        "IoU": 48.45000076293945,
        "Acc": 61.4900016784668
      },
      "dining table": {
        "IoU": 11.630000114440918,
        "Acc": 12.789999961853027
      },
      "toilet": {
        "IoU": 30.370000839233395,
        "Acc": 76.55000305175781
      },
      "tv": {
        "IoU": 28.639999389648434,
        "Acc": 36.470001220703125
      },
      "laptop": {
        "IoU": 43.52000045776367,
        "Acc": 65.11000061035156
      },
      "mouse": {
        "IoU": 20.1200008392334,
        "Acc": 41.52000045776367
      },
      "remote": {
        "IoU": 14.600000381469727,
        "Acc": 66.41999816894531
      },
      "keyboard": {
        "IoU": 38.08000183105469,
        "Acc": 57.430000305175774
      },
      "cell phone": {
        "IoU": 32.560001373291016,
        "Acc": 57.68000030517578
      },
      "microwave": {
        "IoU": 23.510000228881836,
        "Acc": 30.110000610351562
      },
      "oven": {
        "IoU": 24.1200008392334,
        "Acc": 70.2300033569336
      },
      "toaster": {
        "IoU": 20.25,
        "Acc": 52.25
      },
      "sink": {
        "IoU": 30.659999847412113,
        "Acc": 54.36000061035157
      },
      "refrigerator": {
        "IoU": 49.209999084472656,
        "Acc": 61.830001831054695
      },
      "book": {
        "IoU": 27.670000076293945,
        "Acc": 32.04999923706055
      },
      "clock": {
        "IoU": 43.119998931884766,
        "Acc": 82.94999694824219
      },
      "vase": {
        "IoU": 29.059999465942383,
        "Acc": 54.61999893188476
      },
      "scissors": {
        "IoU": 51.310001373291016,
        "Acc": 62.779998779296875
      },
      "teddy bear": {
        "IoU": 62.209999084472656,
        "Acc": 75.2699966430664
      },
      "hair drier": {
        "IoU": 1.9500000476837156,
        "Acc": 16.229999542236328
      },
      "toothbrush": {
        "IoU": 25.6299991607666,
        "Acc": 55.79999923706055
      },
      "banner": {
        "IoU": 2.109999895095825,
        "Acc": 75.16000366210938
      },
      "blanket": {
        "IoU": 6.099999904632568,
        "Acc": 18.969999313354492
      },
      "branch": {
        "IoU": 6.380000114440917,
        "Acc": 41.61000061035156
      },