{
  "input_shape": [
    50000,
    210
  ],
  "input_all_finite": true,
  "membership_row_sum_min": 0.9999999999999997,
  "membership_row_sum_max": 1.0000000000000002,
  "log_likelihood_trace": [
    15323116.194220329,
    17036092.226054728,
    17242753.940381844,
    17354871.626553982,
    17428018.62948033,
    17478794.694739405,
    17514552.927600455,
    17537549.02702331,
    17551053.90810059,
    17559229.799182266,
    17564588.92105707,
    17568611.195547584,
    17571894.861579258,
    17574953.9276085,
    17577828.244125906,
    17580447.99951255,
    17582713.53652126,
    17584673.220710166,
    17586338.51480493,
    17587993.884764772,
    17589751.81790626,
    17591466.495697256,
    17593052.727643393,
    17594443.296650354,
    17595715.824156053,
    17597003.951846115,
    17598312.356599458,
    17599562.986870985,
    17600748.63421698,
    17601795.198486745,
    17602800.085459933,
    17603739.243559837,
    17604517.07365237,
    17605192.06154872,
    17605812.312768247,
    17606323.89954705,
    17606748.471780617,
    17607133.06793808,
    17607474.359281864,
    17607760.288962275,
    17608022.93207159,
    17608274.222180773,
    17608516.95051187,
    17608739.73558797,
    17608940.084792472,
    17609121.87278985,
    17609294.374443673,
    17609456.644815788,
    17609601.897937473,
    17609728.733318225
  ],
  "mean_kappa_trace": [
    309.10775387576274,
    340.6090529357413,
    356.3916969715733,
    367.30692418402776,
    375.4256151404779,
    382.1060263811111,
    387.5087134727292,
    391.1880250349486,
    393.6742155628672,
    395.3196966647035,
    396.6033484167594,
    397.50450019763275,
    398.16958985272737,
    398.7995689040527,
    399.36868758215815,
    399.95185791058594,
    400.49839018959375,
    400.98648283969123,
    401.4497503238396,
    401.93810097074055,
    402.3953320334063,
    402.8475400932107,
    403.2927181843541,
    403.73651606522714,
    404.2048936045982,
    404.6751805675869,
    405.16113190056285,
    405.61838134616846,
    406.04208705052514,
    406.43023461541526,
    406.9302478993104,
    407.48148834992435,
    408.01209995456975,
    408.44951867076685,
    408.77125972163714,
    409.0502505534046,
    409.32623331013036,
    409.5826913564005,
    409.76707692102855,
    409.90483432695675,
    410.06255519023335,
    410.26299748193014,
    410.4800945402726,
    410.6862842249181,
    410.8682323578864,
    411.02548866480737,
    411.16197019118454,
    411.27771059071915,
    411.376571207714,
    411.46152778079335
  ],
  "final_kappas": [
    454.2934039287101,
    336.3800009208137,
    420.40138966957403,
    447.31728002766255,
    256.55660952931703,
    521.262555282028,
    375.0283224891835,
    438.5312032133909,
    292.3789964442677,
    516.0307790301555,
    259.9066173087282,
    332.9687069110419,
    396.83310637968,
    659.8812183981896,
    266.637020044328,
    460.23563917314584,
    367.2703442816703,
    315.20176047519317,
    460.9450461720025,
    333.7185837493772,
    756.0118092030906,
    346.06344124099434,
    575.1784531327045,
    286.04437973378975
  ],
  "finder": "vmf",
  "num_slices": 24,
  "input_matrix_shape": [
    50000,
    210
  ],
  "hard_assignment_counts": [
    1330,
    2565,
    2622,
    2465,
    1862,
    2283,
    1971,
    2013,
    2150,
    2668,
    2071,
    2524,
    1765,
    1828,
    2554,
    1340,
    1459,
    2431,
    1963,
    2079,
    1853,
    2274,
    1940,
    1990
  ],
  "slice_weights": [
    0.026639873161911964,
    0.05120489001274109,
    0.052472349256277084,
    0.04938703030347824,
    0.03724449500441551,
    0.04573557525873184,
    0.03937339782714844,
    0.04017578810453415,
    0.043069351464509964,
    0.053315043449401855,
    0.041263844817876816,
    0.05055692046880722,
    0.03535084053874016,
    0.036586273461580276,
    0.051067158579826355,
    0.026738598942756653,
    0.029214730486273766,
    0.04867659509181976,
    0.03920983150601387,
    0.04149689897894859,
    0.03718270733952522,
    0.04536367952823639,
    0.03875134885311127,
    0.03992277756333351
  ]
}