{
  "coco_stuff": {
    "summary": {
      "mIoU": 24.27,
      "mAcc": 41.36,
      "aAcc": 38.66
    },
    "per_class": {
      "person": {
        "IoU": 13.210000038146974,
        "Acc": 13.850000381469727
      },
      "bicycle": {
        "IoU": 52.369998931884766,
        "Acc": 83.6500015258789
      },
      "car": {
        "IoU": 43.27000045776367,
        "Acc": 74.9800033569336
      },
      "motorcycle": {
        "IoU": 65.7300033569336,
        "Acc": 88.87999725341797
      },
      "airplane": {
        "IoU": 40.869998931884766,
        "Acc": 90.02999877929688
      },
      "bus": {
        "IoU": 63.0,
        "Acc": 85.01000213623047
      },
      "train": {
        "IoU": 55.84000015258789,
        "Acc": 71.76000213623047
      },
      "truck": {
        "IoU": 38.63999938964844,
        "Acc": 48.310001373291016
      },
      "boat": {
        "IoU": 32.52000045776367,
        "Acc": 80.95999908447266
      },
      "traffic light": {
        "IoU": 20.579999923706055,
        "Acc": 69.68000030517578
      },
      "fire hydrant": {
        "IoU": 55.16999816894531,
        "Acc": 83.19000244140625
      },
      "stop sign": {
        "IoU": 59.630001068115234,
        "Acc": 91.16000366210938
      },
      "parking meter": {
        "IoU": 28.319999694824215,
        "Acc": 36.459999084472656
      },
      "bench": {
        "IoU": 36.22999954223633,
        "Acc": 46.099998474121094
      },
      "bird": {
        "IoU": 53.47999954223632,
        "Acc": 86.4800033569336
      },
      "cat": {
        "IoU": 69.18000030517578,
        "Acc": 88.75
      },
      "dog": {
        "IoU": 61.209999084472656,
        "Acc": 82.76000213623047
      },
      "horse": {
        "IoU": 61.310001373291016,
        "Acc": 86.95999908447266
      },
      "sheep": {
        "IoU": 73.37000274658203,
        "Acc": 90.16000366210938
      },
      "cow": {
        "IoU": 65.18000030517578,
        "Acc": 82.38999938964844
      },
      "elephant": {
        "IoU": 80.52999877929688,
        "Acc": 92.77999877929688
      },
      "bear": {
        "IoU": 78.97000122070312,
        "Acc": 90.37999725341797
      },
      "zebra": {
        "IoU": 77.62999725341797,
        "Acc": 93.86000061035156
      },
      "giraffe": {
        "IoU": 47.52000045776367,
        "Acc": 89.79000091552734
      },
      "backpack": {
        "IoU": 7.920000076293945,
        "Acc": 56.430000305175774
      },
      "umbrella": {
        "IoU": 32.66999816894531,
        "Acc": 70.12999725341797
      },
      "handbag": {
        "IoU": 8.899999618530273,
        "Acc": 11.84000015258789
      },
      "tie": {
        "IoU": 1.0800000429153442,
        "Acc": 52.63999938964844
      },
      "suitcase": {
        "IoU": 46.5099983215332,
        "Acc": 53.759998321533196
      },
      "frisbee": {
        "IoU": 11.630000114440918,
        "Acc": 51.91999816894531
      },
      "skis": {
        "IoU": 7.630000114440919,
        "Acc": 55.3499984741211
      },
      "snowboard": {
        "IoU": 13.770000457763674,
        "Acc": 62.560001373291016
      },
      "sports ball": {
        "IoU": 2.509999990463257,
        "Acc": 58.34999847412109
      },
      "kite": {
        "IoU": 28.000000000000004,
        "Acc": 51.2599983215332
      },
      "baseball bat": {
        "IoU": 5.71999979019165,
        "Acc": 8.390000343322754
      },
      "baseball glove": {
        "IoU": 22.65999984741211,
        "Acc": 47.86000061035156
      },
      "skateboard": {
        "IoU": 17.31999969482422,
        "Acc": 54.369998931884766
      },
      "surfboard": {
        "IoU": 31.209999084472656,
        "Acc": 70.37999725341797
      },
      "tennis racket": {
        "IoU": 6.519999980926514,
        "Acc": 48.709999084472656
      },
      "bottle": {
        "IoU": 25.0,
        "Acc": 53.209999084472656
      },
      "wine glass": {
        "IoU": 30.700000762939457,
        "Acc": 71.0999984741211
      },
      "cup": {
        "IoU": 17.31999969482422,
        "Acc": 24.790000915527344
      },
      "fork": {
        "IoU": 14.0600004196167,
        "Acc": 15.529999732971191
      },
      "knife": {
        "IoU": 4.820000171661377,
        "Acc": 6.28000020980835
      },
      "spoon": {
        "IoU": 19.079999923706055,
        "Acc": 33.06999969482422
      },
      "bowl": {
        "IoU": 12.1899995803833,
        "Acc": 15.90999984741211
      },
      "banana": {
        "IoU": 36.099998474121094,
        "Acc": 45.45000076293945
      },
      "apple": {
        "IoU": 11.180000305175781,
        "Acc": 12.579999923706053
      },
      "sandwich": {
        "IoU": 13.25,
        "Acc": 14.289999961853027
      },
      "orange": {
        "IoU": 22.479999542236328,
        "Acc": 25.77000045776367
      },
      "broccoli": {
        "IoU": 7.590000152587891,
        "Acc": 8.069999694824219
      },
      "carrot": {
        "IoU": 26.040000915527344,
        "Acc": 26.81999969482422
      },
      "hot dog": {
        "IoU": 34.5,
        "Acc": 40.52000045776367
      },
      "pizza": {
        "IoU": 43.900001525878906,
        "Acc": 52.66999816894531
      },
      "donut": {
        "IoU": 50.02999877929688,
        "Acc": 54.47999954223632
      },
      "cake": {
        "IoU": 47.869998931884766,
        "Acc": 70.19999694824219
      },
      "chair": {
        "IoU": 14.699999809265138,
        "Acc": 15.920000076293944
      },
      "couch": {
        "IoU": 46.470001220703125,
        "Acc": 57.66999816894531
      },
      "potted plant": {
        "IoU": 9.079999923706055,
        "Acc": 12.020000457763672
      },
      "bed": {
        "IoU": 48.5,
        "Acc": 61.20000076293945
      },
      "dining table": {
        "IoU": 11.180000305175781,
        "Acc": 12.279999732971191
      },
      "toilet": {
        "IoU": 30.32999992370605,
        "Acc": 76.3499984741211
      },
      "tv": {
        "IoU": 28.61000061035156,
        "Acc": 36.4900016784668
      },
      "laptop": {
        "IoU": 43.36000061035156,
        "Acc": 65.0199966430664
      },
      "mouse": {
        "IoU": 20.229999542236328,
        "Acc": 41.939998626708984
      },
      "remote": {
        "IoU": 14.560000419616701,
        "Acc": 66.66000366210938
      },
      "keyboard": {
        "IoU": 37.869998931884766,
        "Acc": 57.27999877929687
      },
      "cell phone": {
        "IoU": 32.65999984741211,
        "Acc": 58.00999832153321
      },
      "microwave": {
        "IoU": 22.8700008392334,
        "Acc": 29.520000457763672
      },
      "oven": {
        "IoU": 24.110000610351562,
        "Acc": 69.97000122070312
      },
      "toaster": {
        "IoU": 20.229999542236328,
        "Acc": 52.15999984741211
      },
      "sink": {
        "IoU": 30.47999954223633,
        "Acc": 54.13000106811523
      },
      "refrigerator": {
        "IoU": 49.20000076293945,
        "Acc": 61.97999954223633
      },
      "book": {
        "IoU": 27.88999938964844,
        "Acc": 32.369998931884766
      },
      "clock": {
        "IoU": 42.060001373291016,
        "Acc": 82.9800033569336
      },
      "vase": {
        "IoU": 29.239999771118164,
        "Acc": 55.369998931884766
      },
      "scissors": {
        "IoU": 51.06999969482422,
        "Acc": 62.95000076293945
      },
      "teddy bear": {
        "IoU": 62.36000061035156,
        "Acc": 75.56999969482422
      },
      "hair drier": {
        "IoU": 1.8999999761581419,
        "Acc": 15.550000190734863
      },
      "toothbrush": {
        "IoU": 24.950000762939453,
        "Acc": 55.47999954223633
      },
      "banner": {
        "IoU": 2.109999895095825,
        "Acc": 74.52999877929688
      },
      "blanket": {
        "IoU": 6.159999847412109,
        "Acc": 19.149999618530273
      },
      "branch": {
        "IoU": 6.460000038146972,
        "Acc": 41.470001220703125
      },