{
  "coco_stuff": {
    "summary": {
      "mIoU": 24.3,
      "mAcc": 41.36,
      "aAcc": 38.65
    },
    "per_class": {
      "person": {
        "IoU": 13.289999961853027,
        "Acc": 13.930000305175783
      },
      "bicycle": {
        "IoU": 52.65999984741211,
        "Acc": 83.27999877929688
      },
      "car": {
        "IoU": 43.0,
        "Acc": 75.05000305175781
      },
      "motorcycle": {
        "IoU": 66.0999984741211,
        "Acc": 88.47000122070312
      },
      "airplane": {
        "IoU": 41.04999923706055,
        "Acc": 90.1500015258789
      },
      "bus": {
        "IoU": 62.81999969482421,
        "Acc": 84.45999908447266
      },
      "train": {
        "IoU": 55.09000015258789,
        "Acc": 70.37000274658203
      },
      "truck": {
        "IoU": 38.20000076293945,
        "Acc": 47.7599983215332
      },
      "boat": {
        "IoU": 32.68000030517578,
        "Acc": 81.2300033569336
      },
      "traffic light": {
        "IoU": 20.739999771118164,
        "Acc": 69.05999755859375
      },
      "fire hydrant": {
        "IoU": 54.79999923706055,
        "Acc": 82.83000183105469
      },
      "stop sign": {
        "IoU": 60.22999954223632,
        "Acc": 91.13999938964844
      },
      "parking meter": {
        "IoU": 28.329999923706055,
        "Acc": 36.310001373291016
      },
      "bench": {
        "IoU": 36.150001525878906,
        "Acc": 46.18000030517578
      },
      "bird": {
        "IoU": 53.68000030517578,
        "Acc": 86.72000122070312
      },
      "cat": {
        "IoU": 69.2300033569336,
        "Acc": 88.72000122070312
      },
      "dog": {
        "IoU": 61.150001525878906,
        "Acc": 82.75
      },
      "horse": {
        "IoU": 61.0999984741211,
        "Acc": 87.33000183105469
      },
      "sheep": {
        "IoU": 73.2699966430664,
        "Acc": 90.5
      },
      "cow": {
        "IoU": 65.12000274658203,
        "Acc": 82.7699966430664
      },
      "elephant": {
        "IoU": 80.2699966430664,
        "Acc": 93.20999908447266
      },
      "bear": {
        "IoU": 79.0,
        "Acc": 90.80999755859375
      },
      "zebra": {
        "IoU": 77.48999786376953,
        "Acc": 93.93000030517578
      },
      "giraffe": {
        "IoU": 47.619998931884766,
        "Acc": 89.91999816894531
      },
      "backpack": {
        "IoU": 7.909999847412109,
        "Acc": 56.5099983215332
      },
      "umbrella": {
        "IoU": 32.880001068115234,
        "Acc": 70.2300033569336
      },
      "handbag": {
        "IoU": 8.739999771118164,
        "Acc": 11.649999618530273
      },
      "tie": {
        "IoU": 1.0700000524520874,
        "Acc": 52.290000915527344
      },
      "suitcase": {
        "IoU": 46.58000183105469,
        "Acc": 53.9099998474121
      },
      "frisbee": {
        "IoU": 11.75,
        "Acc": 51.900001525878906
      },
      "skis": {
        "IoU": 7.550000190734864,
        "Acc": 52.06999969482422
      },
      "snowboard": {
        "IoU": 13.449999809265137,
        "Acc": 59.709999084472656
      },
      "sports ball": {
        "IoU": 2.5299999713897705,
        "Acc": 58.00999832153321
      },
      "kite": {
        "IoU": 28.559999465942383,
        "Acc": 50.97000122070312
      },
      "baseball bat": {
        "IoU": 5.699999809265137,
        "Acc": 8.020000457763672
      },
      "baseball glove": {
        "IoU": 23.079999923706055,
        "Acc": 46.56999969482422
      },
      "skateboard": {
        "IoU": 17.389999389648438,
        "Acc": 54.15999984741211
      },
      "surfboard": {
        "IoU": 26.549999237060547,
        "Acc": 72.38999938964844
      },
      "tennis racket": {
        "IoU": 6.489999771118164,
        "Acc": 48.4900016784668
      },
      "bottle": {
        "IoU": 24.969999313354492,
        "Acc": 53.36000061035156
      },
      "wine glass": {
        "IoU": 30.610000610351562,
        "Acc": 71.27999877929688
      },
      "cup": {
        "IoU": 17.360000610351562,
        "Acc": 24.93000030517578
      },
      "fork": {
        "IoU": 13.920000076293945,
        "Acc": 15.369999885559082
      },
      "knife": {
        "IoU": 4.71999979019165,
        "Acc": 6.170000076293945
      },
      "spoon": {
        "IoU": 18.68000030517578,
        "Acc": 32.279998779296875
      },
      "bowl": {
        "IoU": 12.279999732971191,
        "Acc": 16.079999923706055
      },
      "banana": {
        "IoU": 36.209999084472656,
        "Acc": 45.54999923706055
      },
      "apple": {
        "IoU": 11.270000457763672,
        "Acc": 12.609999656677246
      },
      "sandwich": {
        "IoU": 13.210000038146974,
        "Acc": 14.27000045776367
      },
      "orange": {
        "IoU": 22.3700008392334,
        "Acc": 25.60000038146973
      },
      "broccoli": {
        "IoU": 8.479999542236328,
        "Acc": 9.010000228881836
      },
      "carrot": {
        "IoU": 25.399999618530273,
        "Acc": 26.149999618530273
      },
      "hot dog": {
        "IoU": 34.150001525878906,
        "Acc": 39.95000076293945
      },
      "pizza": {
        "IoU": 43.79999923706055,
        "Acc": 52.439998626708984
      },
      "donut": {
        "IoU": 50.04000091552734,
        "Acc": 54.400001525878906
      },
      "cake": {
        "IoU": 47.77000045776367,
        "Acc": 69.73999786376953
      },
      "chair": {
        "IoU": 14.680000305175781,
        "Acc": 15.90999984741211
      },
      "couch": {
        "IoU": 46.31999969482422,
        "Acc": 57.22000122070312
      },
      "potted plant": {
        "IoU": 8.949999809265137,
        "Acc": 11.779999732971191
      },
      "bed": {
        "IoU": 48.0099983215332,
        "Acc": 60.38999938964844
      },
      "dining table": {
        "IoU": 11.170000076293945,
        "Acc": 12.260000228881836
      },
      "toilet": {
        "IoU": 30.840000152587894,
        "Acc": 76.19000244140625
      },
      "tv": {
        "IoU": 28.79000091552734,
        "Acc": 36.52000045776367
      },
      "laptop": {
        "IoU": 43.43000030517578,
        "Acc": 64.5999984741211
      },
      "mouse": {
        "IoU": 20.399999618530273,
        "Acc": 42.599998474121094
      },
      "remote": {
        "IoU": 14.649999618530273,
        "Acc": 66.83999633789062
      },
      "keyboard": {
        "IoU": 39.02000045776367,
        "Acc": 59.029998779296875
      },
      "cell phone": {
        "IoU": 32.849998474121094,
        "Acc": 57.970001220703125
      },
      "microwave": {
        "IoU": 23.399999618530273,
        "Acc": 29.959999084472656
      },
      "oven": {
        "IoU": 24.15999984741211,
        "Acc": 69.83000183105469
      },
      "toaster": {
        "IoU": 20.229999542236328,
        "Acc": 51.88999938964843
      },
      "sink": {
        "IoU": 30.809999465942383,
        "Acc": 54.70999908447266
      },
      "refrigerator": {
        "IoU": 49.290000915527344,
        "Acc": 61.810001373291016
      },
      "book": {
        "IoU": 28.170000076293945,
        "Acc": 32.75
      },
      "clock": {
        "IoU": 43.029998779296875,
        "Acc": 83.04000091552734
      },
      "vase": {
        "IoU": 29.34000015258789,
        "Acc": 55.29000091552735
      },
      "scissors": {
        "IoU": 51.180000305175774,
        "Acc": 62.97999954223633
      },
      "teddy bear": {
        "IoU": 62.2599983215332,
        "Acc": 76.08999633789062
      },
      "hair drier": {
        "IoU": 1.940000057220459,
        "Acc": 15.710000038146973
      },
      "toothbrush": {
        "IoU": 25.53000068664551,
        "Acc": 55.259998321533196
      },
      "banner": {
        "IoU": 2.109999895095825,
        "Acc": 74.55000305175781
      },
      "blanket": {
        "IoU": 6.340000152587891,
        "Acc": 19.739999771118164
      },
      "branch": {
        "IoU": 6.340000152587891,
        "Acc": 41.54999923706055
      },