{
  "coco_stuff": {
    "summary": {
      "mIoU": 24.25,
      "mAcc": 41.3,
      "aAcc": 38.59
    },
    "per_class": {
      "person": {
        "IoU": 13.15999984741211,
        "Acc": 13.789999961853027
      },
      "bicycle": {
        "IoU": 53.02000045776367,
        "Acc": 83.5
      },
      "car": {
        "IoU": 43.11000061035156,
        "Acc": 74.7300033569336
      },
      "motorcycle": {
        "IoU": 66.29000091552734,
        "Acc": 88.5999984741211
      },
      "airplane": {
        "IoU": 41.25,
        "Acc": 90.05000305175781
      },
      "bus": {
        "IoU": 62.95999908447265,
        "Acc": 84.33999633789062
      },
      "train": {
        "IoU": 55.61000061035156,
        "Acc": 71.25
      },
      "truck": {
        "IoU": 38.25,
        "Acc": 47.7400016784668
      },
      "boat": {
        "IoU": 32.880001068115234,
        "Acc": 81.23999786376953
      },
      "traffic light": {
        "IoU": 20.68000030517578,
        "Acc": 70.08999633789062
      },
      "fire hydrant": {
        "IoU": 54.97999954223632,
        "Acc": 83.38999938964844
      },
      "stop sign": {
        "IoU": 59.84000015258789,
        "Acc": 91.0199966430664
      },
      "parking meter": {
        "IoU": 28.549999237060547,
        "Acc": 36.75
      },
      "bench": {
        "IoU": 36.130001068115234,
        "Acc": 45.97999954223633
      },
      "bird": {
        "IoU": 54.200000762939446,
        "Acc": 86.11000061035156
      },
      "cat": {
        "IoU": 69.47000122070312,
        "Acc": 88.45999908447266
      },
      "dog": {
        "IoU": 61.009998321533196,
        "Acc": 82.29000091552734
      },
      "horse": {
        "IoU": 61.130001068115234,
        "Acc": 87.2699966430664
      },
      "sheep": {
        "IoU": 73.36000061035156,
        "Acc": 90.19999694824219
      },
      "cow": {
        "IoU": 65.2300033569336,
        "Acc": 82.61000061035156
      },
      "elephant": {
        "IoU": 80.5199966430664,
        "Acc": 92.61000061035156
      },
      "bear": {
        "IoU": 79.12999725341797,
        "Acc": 90.47000122070312
      },
      "zebra": {
        "IoU": 77.93000030517578,
        "Acc": 93.61000061035156
      },
      "giraffe": {
        "IoU": 47.720001220703125,
        "Acc": 89.23999786376953
      },
      "backpack": {
        "IoU": 7.980000019073487,
        "Acc": 56.72000122070312
      },
      "umbrella": {
        "IoU": 32.95000076293945,
        "Acc": 70.19999694824219
      },
      "handbag": {
        "IoU": 8.960000038146973,
        "Acc": 11.949999809265137
      },
      "tie": {
        "IoU": 1.0700000524520874,
        "Acc": 52.18999862670899
      },
      "suitcase": {
        "IoU": 46.2599983215332,
        "Acc": 53.63000106811523
      },
      "frisbee": {
        "IoU": 11.829999923706055,
        "Acc": 53.0
      },
      "skis": {
        "IoU": 7.5999999046325675,
        "Acc": 55.380001068115234
      },
      "snowboard": {
        "IoU": 13.439999580383299,
        "Acc": 62.060001373291016
      },
      "sports ball": {
        "IoU": 2.5199999809265137,
        "Acc": 57.7599983215332
      },
      "kite": {
        "IoU": 28.79000091552734,
        "Acc": 51.2599983215332
      },
      "baseball bat": {
        "IoU": 5.46999979019165,
        "Acc": 8.369999885559082
      },
      "baseball glove": {
        "IoU": 22.81999969482422,
        "Acc": 48.599998474121094
      },
      "skateboard": {
        "IoU": 17.329999923706055,
        "Acc": 53.99000167846679
      },
      "surfboard": {
        "IoU": 27.350000381469723,
        "Acc": 72.76000213623047
      },
      "tennis racket": {
        "IoU": 6.469999790191651,
        "Acc": 48.279998779296875
      },
      "bottle": {
        "IoU": 24.950000762939453,
        "Acc": 53.029998779296875
      },
      "wine glass": {
        "IoU": 30.610000610351562,
        "Acc": 70.88999938964844
      },
      "cup": {
        "IoU": 17.360000610351562,
        "Acc": 24.709999084472656
      },
      "fork": {
        "IoU": 13.350000381469727,
        "Acc": 14.6899995803833
      },
      "knife": {
        "IoU": 4.730000019073486,
        "Acc": 6.190000057220459
      },
      "spoon": {
        "IoU": 18.8700008392334,
        "Acc": 31.940000534057617
      },
      "bowl": {
        "IoU": 12.649999618530272,
        "Acc": 16.610000610351562
      },
      "banana": {
        "IoU": 36.130001068115234,
        "Acc": 45.40999984741211
      },
      "apple": {
        "IoU": 11.380000114440918,
        "Acc": 12.739999771118162
      },
      "sandwich": {
        "IoU": 13.270000457763672,
        "Acc": 14.329999923706055
      },
      "orange": {
        "IoU": 22.610000610351562,
        "Acc": 25.889999389648438
      },
      "broccoli": {
        "IoU": 7.429999828338624,
        "Acc": 7.889999866485596
      },
      "carrot": {
        "IoU": 26.10000038146973,
        "Acc": 26.899999618530273
      },
      "hot dog": {
        "IoU": 34.310001373291016,
        "Acc": 40.13999938964844
      },
      "pizza": {
        "IoU": 43.59000015258789,
        "Acc": 52.0099983215332
      },
      "donut": {
        "IoU": 49.88999938964844,
        "Acc": 54.209999084472656
      },
      "cake": {
        "IoU": 47.86000061035156,
        "Acc": 69.61000061035156
      },
      "chair": {
        "IoU": 14.649999618530273,
        "Acc": 15.850000381469725
      },
      "couch": {
        "IoU": 46.380001068115234,
        "Acc": 57.56999969482421
      },
      "potted plant": {
        "IoU": 9.100000381469727,
        "Acc": 11.930000305175781
      },
      "bed": {
        "IoU": 48.2400016784668,
        "Acc": 61.13999938964844
      },
      "dining table": {
        "IoU": 11.239999771118164,
        "Acc": 12.319999694824219
      },
      "toilet": {
        "IoU": 30.270000457763675,
        "Acc": 76.27999877929688
      },
      "tv": {
        "IoU": 28.600000381469727,
        "Acc": 36.45000076293945
      },
      "laptop": {
        "IoU": 43.54999923706055,
        "Acc": 64.94000244140625
      },
      "mouse": {
        "IoU": 20.40999984741211,
        "Acc": 42.20000076293945
      },
      "remote": {
        "IoU": 14.760000228881836,
        "Acc": 66.79000091552734
      },
      "keyboard": {
        "IoU": 38.2599983215332,
        "Acc": 56.970001220703125
      },
      "cell phone": {
        "IoU": 32.540000915527344,
        "Acc": 57.79000091552734
      },
      "microwave": {
        "IoU": 22.6200008392334,
        "Acc": 28.780000686645508
      },
      "oven": {
        "IoU": 23.969999313354492,
        "Acc": 70.29000091552734
      },
      "toaster": {
        "IoU": 20.459999084472656,
        "Acc": 51.970001220703125
      },
      "sink": {
        "IoU": 30.889999389648438,
        "Acc": 54.310001373291016
      },
      "refrigerator": {
        "IoU": 49.13999938964844,
        "Acc": 61.880001068115234
      },
      "book": {
        "IoU": 27.329999923706055,
        "Acc": 31.639999389648438
      },
      "clock": {
        "IoU": 42.41999816894531,
        "Acc": 83.18000030517578
      },
      "vase": {
        "IoU": 28.959999084472653,
        "Acc": 55.16999816894531
      },
      "scissors": {
        "IoU": 51.169998168945305,
        "Acc": 62.56999969482422
      },
      "teddy bear": {
        "IoU": 62.27000045776367,
        "Acc": 75.55999755859375
      },
      "hair drier": {
        "IoU": 1.8700000047683716,
        "Acc": 15.5600004196167
      },
      "toothbrush": {
        "IoU": 24.809999465942383,
        "Acc": 54.8499984741211
      },
      "banner": {
        "IoU": 2.0999999046325684,
        "Acc": 75.01000213623047
      },
      "blanket": {
        "IoU": 6.139999866485596,
        "Acc": 18.989999771118164
      },
      "branch": {
        "IoU": 6.329999923706055,
        "Acc": 41.40999984741211
      },