{
  "validation_mode": "full",
  "validation_config": {
    "proxy_subset_size": 300,
    "proxy_seed": 0,
    "proxy_inference_mode": "whole",
    "full_eval_top_k": 3
  },
  "coco_stuff": {
    "validation_mode": "full",
    "used_inference_mode": "slide",
    "summary": {
      "mIoU": 23.22,
      "mAcc": 41.16,
      "aAcc": 38.02
    },
    "proxy_summary": null,
    "full_summary": {
      "mIoU": 23.22,
      "mAcc": 41.16,
      "aAcc": 38.02
    },
    "per_class": {
      "person": {
        "IoU": 10.779999732971191,
        "Acc": 11.449999809265137
      },
      "bicycle": {
        "IoU": 48.86000061035156,
        "Acc": 85.2300033569336
      },
      "car": {
        "IoU": 45.439998626708984,
        "Acc": 70.5
      },
      "motorcycle": {
        "IoU": 66.16000366210938,
        "Acc": 89.56999969482422
      },
      "airplane": {
        "IoU": 43.81999969482422,
        "Acc": 90.22000122070312
      },
      "bus": {
        "IoU": 63.130001068115234,
        "Acc": 84.56999969482422
      },
      "train": {
        "IoU": 58.599998474121094,
        "Acc": 70.27999877929688
      },
      "truck": {
        "IoU": 32.77000045776367,
        "Acc": 51.61999893188477
      },
      "boat": {
        "IoU": 41.869998931884766,
        "Acc": 76.31999969482422
      },
      "traffic light": {
        "IoU": 19.979999542236328,
        "Acc": 73.38999938964844
      },
      "fire hydrant": {
        "IoU": 56.79000091552734,
        "Acc": 82.77999877929688
      },
      "stop sign": {
        "IoU": 55.3499984741211,
        "Acc": 92.58000183105469
      },
      "parking meter": {
        "IoU": 25.649999618530273,
        "Acc": 35.08000183105469
      },
      "bench": {
        "IoU": 29.31999969482422,
        "Acc": 33.790000915527344
      },
      "bird": {
        "IoU": 52.310001373291016,
        "Acc": 82.72000122070312
      },
      "cat": {
        "IoU": 66.70999908447266,
        "Acc": 88.87000274658203
      },
      "dog": {
        "IoU": 59.41999816894531,
        "Acc": 81.61000061035156
      },
      "horse": {
        "IoU": 56.79999923706055,
        "Acc": 89.25
      },
      "sheep": {
        "IoU": 72.08000183105469,
        "Acc": 90.37000274658203
      },
      "cow": {
        "IoU": 62.54999923706055,
        "Acc": 83.29000091552734
      },
      "elephant": {
        "IoU": 77.7699966430664,
        "Acc": 93.1500015258789
      },
      "bear": {
        "IoU": 74.77999877929688,
        "Acc": 90.88999938964844
      },
      "zebra": {
        "IoU": 76.37000274658203,
        "Acc": 93.11000061035156
      },
      "giraffe": {
        "IoU": 48.88999938964844,
        "Acc": 91.47000122070312
      },
      "backpack": {
        "IoU": 6.050000190734863,
        "Acc": 59.290000915527344
      },
      "umbrella": {
        "IoU": 42.970001220703125,
        "Acc": 71.36000061035156
      },
      "handbag": {
        "IoU": 8.920000076293945,
        "Acc": 15.40999984741211
      },
      "tie": {
        "IoU": 0.7400000095367432,
        "Acc": 45.18000030517578
      },
      "suitcase": {
        "IoU": 46.70000076293945,
        "Acc": 55.50000000000001
      },
      "frisbee": {
        "IoU": 13.630000114440918,
        "Acc": 46.4900016784668
      },
      "skis": {
        "IoU": 7.260000228881836,
        "Acc": 44.70000076293945
      },
      "snowboard": {
        "IoU": 10.739999771118164,
        "Acc": 60.41999816894531
      },
      "sports ball": {
        "IoU": 3.819999933242798,
        "Acc": 50.7599983215332
      },
      "kite": {
        "IoU": 30.07999992370605,
        "Acc": 68.27999877929688
      },
      "baseball bat": {
        "IoU": 10.109999656677246,
        "Acc": 13.359999656677246
      },
      "baseball glove": {
        "IoU": 6.559999942779542,
        "Acc": 73.62999725341797
      },
      "skateboard": {
        "IoU": 16.850000381469727,
        "Acc": 60.5
      },
      "surfboard": {
        "IoU": 26.8700008392334,
        "Acc": 77.58000183105469
      },
      "tennis racket": {
        "IoU": 8.720000267028809,
        "Acc": 66.97000122070312
      },
      "bottle": {
        "IoU": 24.65999984741211,
        "Acc": 55.439998626708984
      },
      "wine glass": {
        "IoU": 28.09000015258789,
        "Acc": 74.05000305175781
      },
      "cup": {
        "IoU": 16.139999389648438,
        "Acc": 21.360000610351562
      },
      "fork": {
        "IoU": 12.359999656677246,
        "Acc": 15.600000381469725
      },
      "knife": {
        "IoU": 3.569999933242798,
        "Acc": 9.0
      },
      "spoon": {
        "IoU": 18.799999237060547,
        "Acc": 35.18000030517578
      },
      "bowl": {
        "IoU": 12.25,
        "Acc": 15.119999885559082
      },
      "banana": {
        "IoU": 45.47999954223633,
        "Acc": 73.52999877929688
      },
      "apple": {
        "IoU": 14.579999923706055,
        "Acc": 17.81999969482422
      },
      "sandwich": {
        "IoU": 21.450000762939453,
        "Acc": 28.809999465942383
      },
      "orange": {
        "IoU": 22.06999969482422,
        "Acc": 26.520000457763672
      },
      "broccoli": {
        "IoU": 21.170000076293945,
        "Acc": 23.350000381469727
      },
      "carrot": {
        "IoU": 32.470001220703125,
        "Acc": 34.77000045776367
      },
      "hot dog": {
        "IoU": 36.209999084472656,
        "Acc": 54.50000000000001
      },
      "pizza": {
        "IoU": 50.72999954223633,
        "Acc": 64.37000274658203
      },
      "donut": {
        "IoU": 58.58000183105469,
        "Acc": 68.12999725341797
      },
      "cake": {
        "IoU": 46.33000183105469,
        "Acc": 67.12999725341797
      },
      "chair": {
        "IoU": 18.469999313354492,
        "Acc": 20.719999313354492
      },
      "couch": {
        "IoU": 43.66999816894531,
        "Acc": 55.34000015258789
      },
      "potted plant": {
        "IoU": 11.84000015258789,
        "Acc": 19.6299991607666
      },
      "bed": {
        "IoU": 45.029998779296875,
        "Acc": 53.15999984741211
      },
      "dining table": {
        "IoU": 7.800000190734862,
        "Acc": 8.489999771118164
      },
      "toilet": {
        "IoU": 35.689998626708984,
        "Acc": 72.69999694824219
      },
      "tv": {
        "IoU": 26.90999984741211,
        "Acc": 35.029998779296875
      },
      "laptop": {
        "IoU": 40.88999938964844,
        "Acc": 68.08999633789062
      },
      "mouse": {
        "IoU": 12.920000076293944,
        "Acc": 19.520000457763672
      },
      "remote": {
        "IoU": 8.649999618530273,
        "Acc": 65.91999816894531
      },
      "keyboard": {
        "IoU": 34.93000030517578,
        "Acc": 51.86000061035156
      },
      "cell phone": {
        "IoU": 26.780000686645504,
        "Acc": 62.2599983215332
      },
      "microwave": {
        "IoU": 20.530000686645508,
        "Acc": 38.689998626708984
      },
      "oven": {
        "IoU": 22.1299991607666,
        "Acc": 67.75
      },
      "toaster": {
        "IoU": 17.0,
        "Acc": 68.43000030517578
      },
      "sink": {
        "IoU": 30.18000030517578,
        "Acc": 55.04999923706054
      },
      "refrigerator": {
        "IoU": 48.66999816894531,
        "Acc": 56.029998779296875
      },
      "book": {
        "IoU": 27.55999946594238,
        "Acc": 33.91999816894531
      },
      "clock": {
        "IoU": 36.20000076293945,
        "Acc": 85.05000305175781
      },
      "vase": {
        "IoU": 23.18000030517578,
        "Acc": 59.75
      },
      "scissors": {
        "IoU": 45.560001373291016,
        "Acc": 60.36000061035156
      },
      "teddy bear": {
        "IoU": 59.86999893188476,
        "Acc": 74.72000122070312
      },
      "hair drier": {
        "IoU": 1.7000000476837158,
        "Acc": 13.390000343322752
      },
      "toothbrush": {
        "IoU": 21.700000762939453,
        "Acc": 63.77000045776368
      },