{
  "validation_mode": "full",
  "validation_config": {
    "proxy_subset_size": 300,
    "proxy_seed": 0,
    "proxy_inference_mode": "whole",
    "full_eval_top_k": 3
  },
  "coco_stuff": {
    "validation_mode": "full",
    "used_inference_mode": "slide",
    "summary": {
      "mIoU": 23.73,
      "mAcc": 40.59,
      "aAcc": 38.12
    },
    "proxy_summary": null,
    "full_summary": {
      "mIoU": 23.73,
      "mAcc": 40.59,
      "aAcc": 38.12
    },
    "per_class": {
      "person": {
        "IoU": 13.8100004196167,
        "Acc": 14.47000026702881
      },
      "bicycle": {
        "IoU": 53.200000762939446,
        "Acc": 82.98999786376953
      },
      "car": {
        "IoU": 43.5099983215332,
        "Acc": 75.18000030517578
      },
      "motorcycle": {
        "IoU": 66.72000122070312,
        "Acc": 87.13999938964844
      },
      "airplane": {
        "IoU": 39.27000045776367,
        "Acc": 91.41999816894531
      },
      "bus": {
        "IoU": 62.880001068115234,
        "Acc": 85.61000061035156
      },
      "train": {
        "IoU": 55.75,
        "Acc": 71.81999969482422
      },
      "truck": {
        "IoU": 39.709999084472656,
        "Acc": 49.439998626708984
      },
      "boat": {
        "IoU": 33.2400016784668,
        "Acc": 81.86000061035156
      },
      "traffic light": {
        "IoU": 19.18000030517578,
        "Acc": 71.48999786376953
      },
      "fire hydrant": {
        "IoU": 54.25,
        "Acc": 83.88999938964844
      },
      "stop sign": {
        "IoU": 58.93000030517578,
        "Acc": 90.93000030517578
      },
      "parking meter": {
        "IoU": 27.0,
        "Acc": 35.70000076293945
      },
      "bench": {
        "IoU": 36.040000915527344,
        "Acc": 46.040000915527344
      },
      "bird": {
        "IoU": 50.47999954223633,
        "Acc": 87.4000015258789
      },
      "cat": {
        "IoU": 68.7300033569336,
        "Acc": 88.69999694824219
      },
      "dog": {
        "IoU": 60.950000762939446,
        "Acc": 82.94000244140625
      },
      "horse": {
        "IoU": 61.020000457763665,
        "Acc": 87.41999816894531
      },
      "sheep": {
        "IoU": 72.79000091552734,
        "Acc": 89.98999786376953
      },
      "cow": {
        "IoU": 64.93000030517578,
        "Acc": 83.08999633789062
      },
      "elephant": {
        "IoU": 79.94999694824219,
        "Acc": 93.4800033569336
      },
      "bear": {
        "IoU": 78.30000305175781,
        "Acc": 91.08000183105469
      },
      "zebra": {
        "IoU": 76.68000030517578,
        "Acc": 94.06999969482422
      },
      "giraffe": {
        "IoU": 47.18000030517578,
        "Acc": 90.44999694824219
      },
      "backpack": {
        "IoU": 7.929999828338623,
        "Acc": 54.900001525878906
      },
      "umbrella": {
        "IoU": 32.810001373291016,
        "Acc": 69.87999725341797
      },
      "handbag": {
        "IoU": 7.849999904632568,
        "Acc": 10.170000076293945
      },
      "tie": {
        "IoU": 1.1299999952316284,
        "Acc": 56.97999954223633
      },
      "suitcase": {
        "IoU": 46.400001525878906,
        "Acc": 53.770000457763665
      },
      "frisbee": {
        "IoU": 10.039999961853027,
        "Acc": 50.29999923706055
      },
      "skis": {
        "IoU": 7.380000114440918,
        "Acc": 55.15000152587891
      },
      "snowboard": {
        "IoU": 12.600000381469725,
        "Acc": 62.9000015258789
      },
      "sports ball": {
        "IoU": 2.430000066757202,
        "Acc": 56.79999923706055
      },
      "kite": {
        "IoU": 24.06999969482422,
        "Acc": 53.61999893188476
      },
      "baseball bat": {
        "IoU": 6.920000076293946,
        "Acc": 9.84000015258789
      },
      "baseball glove": {
        "IoU": 21.479999542236328,
        "Acc": 45.43000030517578
      },
      "skateboard": {
        "IoU": 16.649999618530273,
        "Acc": 54.029998779296875
      },
      "surfboard": {
        "IoU": 27.88999938964844,
        "Acc": 72.5999984741211
      },
      "tennis racket": {
        "IoU": 6.460000038146972,
        "Acc": 48.349998474121094
      },
      "bottle": {
        "IoU": 25.53000068664551,
        "Acc": 50.669998168945305
      },
      "wine glass": {
        "IoU": 31.030000686645508,
        "Acc": 64.97000122070312
      },
      "cup": {
        "IoU": 16.530000686645508,
        "Acc": 22.729999542236328
      },
      "fork": {
        "IoU": 10.489999771118164,
        "Acc": 11.319999694824219
      },
      "knife": {
        "IoU": 4.480000019073486,
        "Acc": 5.53000020980835
      },
      "spoon": {
        "IoU": 20.989999771118164,
        "Acc": 29.780000686645508
      },
      "bowl": {
        "IoU": 11.489999771118164,
        "Acc": 14.84000015258789
      },
      "banana": {
        "IoU": 34.34000015258789,
        "Acc": 43.189998626708984
      },
      "apple": {
        "IoU": 10.920000076293945,
        "Acc": 12.239999771118164
      },
      "sandwich": {
        "IoU": 11.539999961853027,
        "Acc": 12.270000457763672
      },
      "orange": {
        "IoU": 21.190000534057617,
        "Acc": 23.93000030517578
      },
      "broccoli": {
        "IoU": 4.590000152587891,
        "Acc": 4.840000152587891
      },
      "carrot": {
        "IoU": 22.719999313354492,
        "Acc": 23.399999618530273
      },
      "hot dog": {
        "IoU": 33.189998626708984,
        "Acc": 38.47999954223633
      },
      "pizza": {
        "IoU": 43.20000076293945,
        "Acc": 51.549999237060554
      },
      "donut": {
        "IoU": 48.45000076293945,
        "Acc": 52.720001220703125
      },
      "cake": {
        "IoU": 46.970001220703125,
        "Acc": 70.05000305175781
      },
      "chair": {
        "IoU": 12.84000015258789,
        "Acc": 13.689999580383299
      },
      "couch": {
        "IoU": 44.130001068115234,
        "Acc": 54.06000137329101
      },
      "potted plant": {
        "IoU": 8.489999771118164,
        "Acc": 11.010000228881836
      },
      "bed": {
        "IoU": 47.90999984741211,
        "Acc": 63.220001220703125
      },
      "dining table": {
        "IoU": 11.430000305175781,
        "Acc": 12.5600004196167
      },
      "toilet": {
        "IoU": 26.770000457763672,
        "Acc": 77.33999633789062
      },
      "tv": {
        "IoU": 27.969999313354492,
        "Acc": 35.25
      },
      "laptop": {
        "IoU": 44.209999084472656,
        "Acc": 65.69000244140625
      },
      "mouse": {
        "IoU": 20.3700008392334,
        "Acc": 40.099998474121094
      },
      "remote": {
        "IoU": 15.489999771118166,
        "Acc": 66.51000213623047
      },
      "keyboard": {
        "IoU": 36.290000915527344,
        "Acc": 53.66999816894531
      },
      "cell phone": {
        "IoU": 34.060001373291016,
        "Acc": 58.11000061035156
      },
      "microwave": {
        "IoU": 22.280000686645508,
        "Acc": 26.950000762939453
      },
      "oven": {
        "IoU": 24.209999084472656,
        "Acc": 71.11000061035156
      },
      "toaster": {
        "IoU": 21.979999542236328,
        "Acc": 52.049999237060554
      },
      "sink": {
        "IoU": 29.479999542236328,
        "Acc": 49.77000045776367
      },
      "refrigerator": {
        "IoU": 48.59000015258789,
        "Acc": 61.77000045776367
      },
      "book": {
        "IoU": 26.80999946594238,
        "Acc": 30.100000381469727
      },
      "clock": {
        "IoU": 41.91999816894531,
        "Acc": 82.91000366210938
      },
      "vase": {
        "IoU": 29.34000015258789,
        "Acc": 55.630001068115234
      },
      "scissors": {
        "IoU": 51.610000610351555,
        "Acc": 62.91999816894531
      },
      "teddy bear": {
        "IoU": 61.63999938964844,
        "Acc": 76.13999938964844
      },
      "hair drier": {
        "IoU": 2.1500000953674316,
        "Acc": 12.84000015258789
      },