{
  "input_shape": [
    500,
    210
  ],
  "input_all_finite": true,
  "membership_row_sum_min": 0.9999999403953552,
  "membership_row_sum_max": 1.0000001192092896,
  "finder": "soft_kmeans",
  "num_slices": 8,
  "input_matrix_shape": [
    500,
    210
  ],
  "hard_assignment_counts": [
    2,
    0,
    0,
    187,
    0,
    0,
    192,
    119
  ],
  "slice_weights": [
    0.1250000298023224,
    0.1250000298023224,
    0.12499992549419403,
    0.12499997764825821,
    0.1250000298023224,
    0.12499996274709702,
    0.1249999925494194,
    0.12500004470348358
  ]
}