{
  "sample_count": 500,
  "flat_shape": [
    500,
    210
  ],
  "flat_all_finite": true,
  "flat_min": 0.0,
  "flat_max": 10.90641975402832,
  "flat_mean": 0.49481201171875,
  "blocks": {
    "quality.laplacian": {
      "shape": [
        500,
        17
      ],
      "all_finite": true,
      "min": 0.0,
      "max": 10.90641975402832,
      "mean": 1.3566166162490845
    },
    "quality.noise_pca": {
      "shape": [
        500,
        17
      ],
      "all_finite": true,
      "min": 0.0,
      "max": 7.327780723571777,
      "mean": 0.7732636332511902
    },
    "quality.bga": {
      "shape": [
        500,
        14
      ],
      "all_finite": true,
      "min": 0.0,
      "max": 10.384462356567383,
      "mean": 0.7933684587478638
    },
    "difficulty.small_ratio": {
      "shape": [
        500,
        20
      ],
      "all_finite": true,
      "min": 0.0,
      "max": 4.9416422843933105,
      "mean": 0.19773368537425995
    },
    "difficulty.visual_semantic_gap": {
      "shape": [
        500,
        17
      ],
      "all_finite": true,
      "min": 0.0,
      "max": 3.044522523880005,
      "mean": 0.2586991488933563
    },
    "difficulty.empirical_iou": {
      "shape": [
        500,
        14
      ],
      "all_finite": true,
      "min": 0.0,
      "max": 3.295836925506592,
      "mean": 0.2839892506599426
    },
    "coverage.knn_local_density": {
      "shape": [
        500,
        55
      ],
      "all_finite": true,
      "min": 0.001597762107849121,
      "max": 10.084173202514648,
      "mean": 0.349433958530426
    },
    "coverage.prototype_distance": {
      "shape": [
        500,
        56
      ],
      "all_finite": true,
      "min": 0.00011390447616577148,
      "max": 0.7140724658966064,
      "mean": 0.44728779792785645
    }
  }
}