{
  "coco_stuff": {
    "summary": {
      "mIoU": 24.29,
      "mAcc": 41.37,
      "aAcc": 38.63
    },
    "per_class": {
      "person": {
        "IoU": 12.960000038146974,
        "Acc": 13.579999923706055
      },
      "bicycle": {
        "IoU": 52.5099983215332,
        "Acc": 83.52999877929688
      },
      "car": {
        "IoU": 42.72999954223633,
        "Acc": 75.3499984741211
      },
      "motorcycle": {
        "IoU": 65.56999969482422,
        "Acc": 88.81999969482422
      },
      "airplane": {
        "IoU": 40.810001373291016,
        "Acc": 90.44000244140625
      },
      "bus": {
        "IoU": 62.880001068115234,
        "Acc": 84.8499984741211
      },
      "train": {
        "IoU": 55.439998626708984,
        "Acc": 71.16999816894531
      },
      "truck": {
        "IoU": 38.349998474121094,
        "Acc": 47.939998626708984
      },
      "boat": {
        "IoU": 32.41999816894531,
        "Acc": 81.25
      },
      "traffic light": {
        "IoU": 20.65999984741211,
        "Acc": 70.12999725341797
      },
      "fire hydrant": {
        "IoU": 54.79000091552735,
        "Acc": 82.5
      },
      "stop sign": {
        "IoU": 59.93999862670898,
        "Acc": 91.05000305175781
      },
      "parking meter": {
        "IoU": 28.079999923706055,
        "Acc": 36.119998931884766
      },
      "bench": {
        "IoU": 35.9900016784668,
        "Acc": 45.849998474121094
      },
      "bird": {
        "IoU": 53.759998321533196,
        "Acc": 86.23999786376953
      },
      "cat": {
        "IoU": 69.61000061035156,
        "Acc": 88.29000091552734
      },
      "dog": {
        "IoU": 61.18000030517579,
        "Acc": 82.23999786376953
      },
      "horse": {
        "IoU": 61.020000457763665,
        "Acc": 87.05999755859375
      },
      "sheep": {
        "IoU": 73.44000244140625,
        "Acc": 90.2699966430664
      },
      "cow": {
        "IoU": 65.12000274658203,
        "Acc": 82.43000030517578
      },
      "elephant": {
        "IoU": 80.52999877929688,
        "Acc": 92.7300033569336
      },
      "bear": {
        "IoU": 79.18000030517578,
        "Acc": 90.30999755859375
      },
      "zebra": {
        "IoU": 78.0999984741211,
        "Acc": 93.1500015258789
      },
      "giraffe": {
        "IoU": 47.43000030517578,
        "Acc": 88.94000244140625
      },
      "backpack": {
        "IoU": 7.78000020980835,
        "Acc": 55.91999816894532
      },
      "umbrella": {
        "IoU": 32.790000915527344,
        "Acc": 70.4000015258789
      },
      "handbag": {
        "IoU": 8.449999809265137,
        "Acc": 11.210000038146973
      },
      "tie": {
        "IoU": 1.1200000047683716,
        "Acc": 54.9099998474121
      },
      "suitcase": {
        "IoU": 46.11000061035156,
        "Acc": 53.86000061035156
      },
      "frisbee": {
        "IoU": 11.850000381469727,
        "Acc": 51.810001373291016
      },
      "skis": {
        "IoU": 7.579999923706055,
        "Acc": 54.38999938964844
      },
      "snowboard": {
        "IoU": 13.739999771118164,
        "Acc": 62.36000061035156
      },
      "sports ball": {
        "IoU": 2.5199999809265137,
        "Acc": 57.7599983215332
      },
      "kite": {
        "IoU": 28.440000534057617,
        "Acc": 51.119998931884766
      },
      "baseball bat": {
        "IoU": 5.610000133514404,
        "Acc": 8.529999732971191
      },
      "baseball glove": {
        "IoU": 22.3799991607666,
        "Acc": 47.349998474121094
      },
      "skateboard": {
        "IoU": 17.770000457763672,
        "Acc": 54.52000045776367
      },
      "surfboard": {
        "IoU": 26.25,
        "Acc": 72.8499984741211
      },
      "tennis racket": {
        "IoU": 6.510000228881836,
        "Acc": 48.369998931884766
      },
      "bottle": {
        "IoU": 24.959999084472656,
        "Acc": 53.06000137329101
      },
      "wine glass": {
        "IoU": 30.739999771118164,
        "Acc": 70.88999938964844
      },
      "cup": {
        "IoU": 17.229999542236328,
        "Acc": 24.579999923706055
      },
      "fork": {
        "IoU": 13.569999694824219,
        "Acc": 14.949999809265135
      },
      "knife": {
        "IoU": 4.739999771118164,
        "Acc": 6.21999979019165
      },
      "spoon": {
        "IoU": 18.709999084472656,
        "Acc": 31.969999313354492
      },
      "bowl": {
        "IoU": 12.350000381469727,
        "Acc": 16.149999618530273
      },
      "banana": {
        "IoU": 36.540000915527344,
        "Acc": 45.88999938964844
      },
      "apple": {
        "IoU": 11.319999694824219,
        "Acc": 12.699999809265137
      },
      "sandwich": {
        "IoU": 13.489999771118164,
        "Acc": 14.579999923706055
      },
      "orange": {
        "IoU": 23.06999969482422,
        "Acc": 26.450000762939453
      },
      "broccoli": {
        "IoU": 9.970000267028809,
        "Acc": 10.65999984741211
      },
      "carrot": {
        "IoU": 26.600000381469723,
        "Acc": 27.40999984741211
      },
      "hot dog": {
        "IoU": 34.459999084472656,
        "Acc": 40.29999923706055
      },
      "pizza": {
        "IoU": 43.90999984741211,
        "Acc": 52.549999237060554
      },
      "donut": {
        "IoU": 49.630001068115234,
        "Acc": 53.939998626708984
      },
      "cake": {
        "IoU": 47.790000915527344,
        "Acc": 69.69999694824219
      },
      "chair": {
        "IoU": 14.560000419616701,
        "Acc": 15.75
      },
      "couch": {
        "IoU": 46.47999954223633,
        "Acc": 57.75
      },
      "potted plant": {
        "IoU": 9.100000381469727,
        "Acc": 11.979999542236328
      },
      "bed": {
        "IoU": 48.630001068115234,
        "Acc": 61.689998626708984
      },
      "dining table": {
        "IoU": 11.149999618530273,
        "Acc": 12.229999542236328
      },
      "toilet": {
        "IoU": 30.71999931335449,
        "Acc": 76.38999938964844
      },
      "tv": {
        "IoU": 28.739999771118164,
        "Acc": 36.619998931884766
      },
      "laptop": {
        "IoU": 43.41999816894531,
        "Acc": 64.63999938964844
      },
      "mouse": {
        "IoU": 20.239999771118164,
        "Acc": 42.060001373291016
      },
      "remote": {
        "IoU": 14.59000015258789,
        "Acc": 66.51000213623047
      },
      "keyboard": {
        "IoU": 38.54999923706055,
        "Acc": 58.060001373291016
      },
      "cell phone": {
        "IoU": 32.66999816894531,
        "Acc": 57.959999084472656
      },
      "microwave": {
        "IoU": 22.739999771118164,
        "Acc": 29.200000762939453
      },
      "oven": {
        "IoU": 24.1299991607666,
        "Acc": 70.26000213623047
      },
      "toaster": {
        "IoU": 20.40999984741211,
        "Acc": 52.18999862670899
      },
      "sink": {
        "IoU": 30.360000610351562,
        "Acc": 54.11000061035156
      },
      "refrigerator": {
        "IoU": 49.31999969482422,
        "Acc": 61.61000061035157
      },
      "book": {
        "IoU": 27.920000076293945,
        "Acc": 32.43000030517578
      },
      "clock": {
        "IoU": 42.83000183105469,
        "Acc": 82.69999694824219
      },
      "vase": {
        "IoU": 29.399999618530277,
        "Acc": 54.86000061035157
      },
      "scissors": {
        "IoU": 51.119998931884766,
        "Acc": 62.790000915527344
      },
      "teddy bear": {
        "IoU": 62.319999694824226,
        "Acc": 75.43000030517578
      },
      "hair drier": {
        "IoU": 1.7500000000000002,
        "Acc": 15.010000228881836
      },
      "toothbrush": {
        "IoU": 25.1200008392334,
        "Acc": 55.4900016784668
      },
      "banner": {
        "IoU": 2.119999885559082,
        "Acc": 74.61000061035156
      },
      "blanket": {
        "IoU": 6.159999847412109,
        "Acc": 19.079999923706055
      },
      "branch": {
        "IoU": 6.269999980926514,
        "Acc": 41.91999816894531
      },