{
  "coco_stuff": {
    "summary": {
      "mIoU": 24.36,
      "mAcc": 41.34,
      "aAcc": 38.61
    },
    "per_class": {
      "person": {
        "IoU": 13.210000038146974,
        "Acc": 13.859999656677246
      },
      "bicycle": {
        "IoU": 52.77000045776368,
        "Acc": 83.4800033569336
      },
      "car": {
        "IoU": 43.34000015258789,
        "Acc": 75.56999969482422
      },
      "motorcycle": {
        "IoU": 66.0,
        "Acc": 88.76000213623047
      },
      "airplane": {
        "IoU": 41.439998626708984,
        "Acc": 89.68000030517578
      },
      "bus": {
        "IoU": 62.88999938964843,
        "Acc": 84.5
      },
      "train": {
        "IoU": 55.18000030517578,
        "Acc": 70.22000122070312
      },
      "truck": {
        "IoU": 38.33000183105469,
        "Acc": 47.84000015258789
      },
      "boat": {
        "IoU": 32.66999816894531,
        "Acc": 81.0999984741211
      },
      "traffic light": {
        "IoU": 21.079999923706055,
        "Acc": 68.94000244140625
      },
      "fire hydrant": {
        "IoU": 55.130001068115234,
        "Acc": 82.44000244140625
      },
      "stop sign": {
        "IoU": 59.83000183105469,
        "Acc": 91.12000274658203
      },
      "parking meter": {
        "IoU": 28.219999313354492,
        "Acc": 36.189998626708984
      },
      "bench": {
        "IoU": 36.08000183105469,
        "Acc": 45.9900016784668
      },
      "bird": {
        "IoU": 53.95000076293945,
        "Acc": 86.2699966430664
      },
      "cat": {
        "IoU": 69.5999984741211,
        "Acc": 88.33000183105469
      },
      "dog": {
        "IoU": 61.2599983215332,
        "Acc": 82.33999633789062
      },
      "horse": {
        "IoU": 61.52000045776367,
        "Acc": 86.83999633789062
      },
      "sheep": {
        "IoU": 73.66000366210938,
        "Acc": 89.81999969482422
      },
      "cow": {
        "IoU": 65.30000305175781,
        "Acc": 82.11000061035156
      },
      "elephant": {
        "IoU": 80.87000274658203,
        "Acc": 92.61000061035156
      },
      "bear": {
        "IoU": 79.22000122070312,
        "Acc": 90.12000274658203
      },
      "zebra": {
        "IoU": 78.2699966430664,
        "Acc": 93.30000305175781
      },
      "giraffe": {
        "IoU": 48.06999969482422,
        "Acc": 88.9800033569336
      },
      "backpack": {
        "IoU": 7.900000095367432,
        "Acc": 56.139999389648445
      },
      "umbrella": {
        "IoU": 33.119998931884766,
        "Acc": 70.20999908447266
      },
      "handbag": {
        "IoU": 8.609999656677246,
        "Acc": 11.449999809265137
      },
      "tie": {
        "IoU": 1.090000033378601,
        "Acc": 53.09000015258789
      },
      "suitcase": {
        "IoU": 46.189998626708984,
        "Acc": 53.310001373291016
      },
      "frisbee": {
        "IoU": 12.010000228881836,
        "Acc": 52.11000061035156
      },
      "skis": {
        "IoU": 7.800000190734862,
        "Acc": 56.060001373291016
      },
      "snowboard": {
        "IoU": 13.920000076293945,
        "Acc": 62.779998779296875
      },
      "sports ball": {
        "IoU": 2.5399999618530273,
        "Acc": 57.34000015258789
      },
      "kite": {
        "IoU": 29.280000686645508,
        "Acc": 51.06999969482422
      },
      "baseball bat": {
        "IoU": 5.5,
        "Acc": 8.100000381469727
      },
      "baseball glove": {
        "IoU": 22.760000228881836,
        "Acc": 47.63999938964844
      },
      "skateboard": {
        "IoU": 17.709999084472656,
        "Acc": 54.36000061035157
      },
      "surfboard": {
        "IoU": 28.600000381469727,
        "Acc": 71.63999938964844
      },
      "tennis racket": {
        "IoU": 6.539999961853027,
        "Acc": 48.27000045776367
      },
      "bottle": {
        "IoU": 25.149999618530273,
        "Acc": 52.95000076293945
      },
      "wine glass": {
        "IoU": 30.950000762939457,
        "Acc": 70.73999786376953
      },
      "cup": {
        "IoU": 17.31999969482422,
        "Acc": 24.649999618530273
      },
      "fork": {
        "IoU": 13.920000076293945,
        "Acc": 15.329999923706056
      },
      "knife": {
        "IoU": 4.590000152587891,
        "Acc": 5.989999771118164
      },
      "spoon": {
        "IoU": 18.700000762939453,
        "Acc": 32.220001220703125
      },
      "bowl": {
        "IoU": 12.289999961853027,
        "Acc": 16.030000686645508
      },
      "banana": {
        "IoU": 36.02000045776367,
        "Acc": 45.34000015258789
      },
      "apple": {
        "IoU": 11.180000305175781,
        "Acc": 12.569999694824219
      },
      "sandwich": {
        "IoU": 13.350000381469727,
        "Acc": 14.43000030517578
      },
      "orange": {
        "IoU": 22.290000915527344,
        "Acc": 25.579999923706055
      },
      "broccoli": {
        "IoU": 12.329999923706055,
        "Acc": 13.170000076293945
      },
      "carrot": {
        "IoU": 25.85000038146973,
        "Acc": 26.639999389648438
      },
      "hot dog": {
        "IoU": 34.52000045776367,
        "Acc": 40.470001220703125
      },
      "pizza": {
        "IoU": 44.380001068115234,
        "Acc": 53.11999893188477
      },
      "donut": {
        "IoU": 50.0999984741211,
        "Acc": 54.540000915527344
      },
      "cake": {
        "IoU": 48.029998779296875,
        "Acc": 70.33000183105469
      },
      "chair": {
        "IoU": 14.579999923706055,
        "Acc": 15.800000190734863
      },
      "couch": {
        "IoU": 46.41999816894531,
        "Acc": 57.49999999999999
      },
      "potted plant": {
        "IoU": 9.079999923706055,
        "Acc": 12.0
      },
      "bed": {
        "IoU": 48.400001525878906,
        "Acc": 61.2400016784668
      },
      "dining table": {
        "IoU": 11.380000114440918,
        "Acc": 12.510000228881834
      },
      "toilet": {
        "IoU": 30.840000152587894,
        "Acc": 76.12999725341797
      },
      "tv": {
        "IoU": 28.749999999999996,
        "Acc": 36.47999954223633
      },
      "laptop": {
        "IoU": 43.540000915527344,
        "Acc": 64.13999938964844
      },
      "mouse": {
        "IoU": 21.8799991607666,
        "Acc": 45.709999084472656
      },
      "remote": {
        "IoU": 14.640000343322754,
        "Acc": 65.54000091552734
      },
      "keyboard": {
        "IoU": 40.0,
        "Acc": 58.900001525878906
      },
      "cell phone": {
        "IoU": 32.68000030517578,
        "Acc": 57.66999816894531
      },
      "microwave": {
        "IoU": 24.06999969482422,
        "Acc": 30.829999923706055
      },
      "oven": {
        "IoU": 24.110000610351562,
        "Acc": 69.86000061035156
      },
      "toaster": {
        "IoU": 19.979999542236328,
        "Acc": 51.979999542236335
      },
      "sink": {
        "IoU": 31.170000076293945,
        "Acc": 54.97999954223632
      },
      "refrigerator": {
        "IoU": 49.369998931884766,
        "Acc": 61.630001068115234
      },
      "book": {
        "IoU": 27.84000015258789,
        "Acc": 32.22999954223633
      },
      "clock": {
        "IoU": 42.9900016784668,
        "Acc": 83.0199966430664
      },
      "vase": {
        "IoU": 29.399999618530277,
        "Acc": 55.29999923706055
      },
      "scissors": {
        "IoU": 51.189998626708984,
        "Acc": 62.369998931884766
      },
      "teddy bear": {
        "IoU": 62.279998779296875,
        "Acc": 75.80000305175781
      },
      "hair drier": {
        "IoU": 1.8999999761581419,
        "Acc": 14.869999885559082
      },
      "toothbrush": {
        "IoU": 25.75,
        "Acc": 55.40999984741211
      },
      "banner": {
        "IoU": 2.0999999046325684,
        "Acc": 74.62999725341797
      },
      "blanket": {
        "IoU": 6.179999828338623,
        "Acc": 19.200000762939453
      },
      "branch": {
        "IoU": 6.380000114440917,
        "Acc": 41.880001068115234
      },