{
  "type": "ridge",
  "alpha": 0.1,
  "coef": [
    24.278450968144913,
    0.0015193699762121365,
    0.010974601978565732,
    0.0025252175857175658,
    -0.017594058942230754,
    -0.018976085647161803,
    -0.010114711792585012,
    -0.01685287032397727,
    0.041885759760447804,
    0.020369032537538655,
    -0.012312783071799394,
    -0.004061362041821911,
    0.01648049650621001,
    0.0010475562214911555,
    0.02991749275542831,
    -0.01619778818619191,
    0.0047504878239414735,
    0.01175188132382299,
    -0.014452643359128995,
    0.006056776622527723,
    0.0019696674370837243,
    -0.0043067796305865805,
    0.013404407936091956,
    -0.006047757584033716,
    -0.010748846286627619,
    -0.015385850294026686,
    -0.0031443601177199455,
    -0.02299855800542897,
    -0.022520640068220393,
    0.0018260045079659362,
    0.007903402997628985,
    0.023158453264502648,
    -0.005418147626673112,
    -0.005442181199957537,
    -0.0005932936934306338,
    -0.004102821812390923,
    0.002191011879624735,
    0.00035286924229099766,
    0.008548273272422175,
    0.012255883664535495,
    0.02687332384893486,
    0.022971810385333215,
    0.008301495975136634,
    0.017059105152319447,
    0.00855434807238111,
    -0.0030212168361325588,
    0.001598501170409691,
    -0.011006809508801688,
    -0.02671132430494121,
    -0.014484923029831091,
    -0.02353742216326708,
    -0.010978200615021586,
    -0.009115343921146267,
    -0.0025938384031729323,
    0.0015193699762129323,
    -0.003592985406386837,
    0.0025148349640659487,
    0.003128491039212257,
    0.02032172986684332,
    -0.018025712405399325,
    0.006296235661976849,
    -0.0013558776183857201,
    0.00857342911272509,
    0.016972225815132188,
    -0.02440077755525357,
    -0.03321614756662609,
    0.006763961449161035,
    0.025192423930574647,
    0.02898511530029345,
    -0.0018490644473986323,
    -0.0187932800070769,
    0.04503457938195834,
    -0.029546442143819122,
    -0.00032035080356722096,
    -0.02164717437558144,
    -0.02107068484638117,
    0.03889872387467661,
    0.016099710890522832,
    -0.014706939916062938,
    -0.03364323934290503,
    0.015527363279301544,
    -0.0008535014852030401,
    -0.01720312257509617,
    -0.00014041074668178207,
    0.02259605009546824,
    -0.003212835419075154,
    -0.007535631540401342,
    -0.02412686054364121,
    0.036393691093757966,
    0.07104729662556161,
    -0.050888579809004214,
    -0.004289610967322464,
    -0.018024540113799475,
    0.005628041899137165,
    -0.019140230757527604,
    0.006216037094024825,
    0.005277804503856799,
    -0.0708572917009001,
    0.003667712258608267,
    -0.006453264426231266,
    0.007339489068094976,
    -0.0007809410798963998,
    0.03712272317292341,
    0.0067095773028523886,
    0.017927815852782122,
    -0.014369391370847945,
    -0.0006366001603532981,
    0.007778371236921089,
    0.006411795292807778,
    0.0025148349640763696,
    0.0011084034121361238,
    0.0049180706915344236,
    -0.000877200611023429,
    0.0007009936144133381,
    -0.0023769555919374327,
    0.00038022164005155053,
    0.002297936115265177,
    0.0003642296225572287,
    0.0013671927325133624,
    0.00026627555599302637,
    0.01767292997437878,
    -0.001083712864231595,
    -0.004262726456937353,
    -0.0042719005318916925,
    -0.000567863656419683,
    0.0013670820958413018,
    0.002001933176863301,
    -0.009923891043699598,
    -0.0027044774403502444,
    0.0013728439526875633,
    -0.0005574137700360287,
    0.003287502324025805,
    -5.005443054621545e-05,
    0.0010128915094354603,
    -0.003910161525855187,
    0.0006861687270521453,
    0.004090150836263167,
    -0.005113183490225622,
    -0.004097036311361201,
    0.004281513143460456,
    -0.007084110049184668,
    0.0010067746515552251,
    -0.0032563633829832154,
    -0.001083712864231575,
    -0.0004345257079705252,
    -2.885629351519177e-05,
    0.00041576448445487785,
    -0.003974137228519582,
    -0.003474230589349142,
    -0.005287214056086545,
    -0.002055052455115536,
    -0.0006663091717211405,
    0.00403361808819472,
    0.0036938113984425354,
    0.0016278565468473237,
    -0.0033810982429791003,
    0.004915704985921417,
    0.00565381652977128,
    -0.013047029467571533,
    -0.0010837128642315567,
    -0.007846607414243081,
    -0.01646652934502585,
    0.002953525838208776,
    0.0026457157480047,
    -0.0023006594261690016,
    -0.006701823472881366,
    0.005887458408109453,
    -0.005573004229223229,
    -0.0010527303900955947,
    -0.006500111705835334,
    0.007349524218759577,
    0.0010358216969961918,
    0.0018903546745590194,
    -0.008548615802012082,
    0.01791115094800016,
    0.001953540890488787,
    -0.0012077663489360158,
    0.02568982306714389,
    0.025193046890844548,
    -0.00966881664967511,
    -0.004667362447034405,
    -0.003609573234759914,
    -0.005453709280265675,
    -0.003946993653748535,
    -0.009624389091960223,
    0.002214137615896125,
    -0.024896426195458038,
    0.01931598143638155,
    -0.006878631172611834,
    0.004029692252956267,
    0.0,
    0.029489786118104225,
    -0.06060796426069164,
    0.022012027807080885,
    -0.0432407900252259,
    -0.007291146494212811,
    0.008969216949101723,
    0.006010701429490205,
    0.004554753795145016,
    0.009544376186151924,
    0.012609795127502278,
    -0.0061418609617309924,
    0.02592830925290131,
    0.003748291590241999,
    -0.004820390044437251,
    0.008426099435460238,
    0.004029692252951827,
    0.0,
    -0.034899452421456506,
    0.050346832274013834,
    0.0033761068993090892,
    -0.004043874817486902,
    -0.0005200224415507709,
    0.0010182921670513995,
    -0.001847900510920163,
    0.0015431291122289606,
    0.0006366518329968357,
    0.0010950004740190326,
    -0.000863767708127143,
    0.0035082288242447497,
    0.003101041898820368,
    0.0007113410022207657,
    0.003690008528598482,
    0.0007929580964309278,
    -0.0015434669008897205,
    -0.0011762213287975836,
    0.004629673669592695,
    0.0021008976255437704,
    -0.0020589476836652375,
    -0.005776702540261916,
    -4.7441519291999614e-06,
    0.0037070977401770402,
    -0.001769207334131242,
    -0.005352778329308185,
    -0.0018085061814729266
  ],